video_id,track_id,source,label,temporal_probability,spatial_probability
s_000009,tensor(0),AI_DEEPFAKE,1,1.0,0.99658203125
s_000009,tensor(0),AI_DEEPFAKE,1,1.0,0.99755859375
s_000009,tensor(0),AI_DEEPFAKE,1,1.0,0.9990234375
s_000013,tensor(0),AI_DEEPFAKE,1,1.0,0.83056640625
s_000013,tensor(0),AI_DEEPFAKE,1,1.0,0.97021484375
s_000013,tensor(0),AI_DEEPFAKE,1,1.0,0.9365234375
s_000017,tensor(0),AI_DEEPFAKE,1,1.0,0.99609375
s_000017,tensor(0),AI_DEEPFAKE,1,1.0,0.99658203125
s_000017,tensor(0),AI_DEEPFAKE,1,1.0,0.99755859375
s_000017,tensor(0),AI_DEEPFAKE,1,1.0,0.98974609375
s_000027,tensor(1),AI_DEEPFAKE,1,1.0,0.736328125
s_000060,tensor(3),AI_DEEPFAKE,1,1.0,0.99951171875
s_000060,tensor(4),AI_DEEPFAKE,1,1.0,0.0999755859375
s_000060,tensor(5),AI_DEEPFAKE,1,1.0,0.74365234375
s_000112,tensor(0),Celeb_DF,0,0.00012052059173583984,0.99267578125
s_000112,tensor(0),Celeb_DF,0,0.00015723705291748047,0.99658203125
s_000112,tensor(0),Celeb_DF,0,0.0001323223114013672,0.99267578125
s_000144,tensor(0),Celeb_DF,0,1.0,0.962890625
s_000154,tensor(0),Celeb_DF,0,6.318092346191406e-06,0.9990234375
s_000154,tensor(0),Celeb_DF,0,5.4836273193359375e-06,0.9990234375
s_000171,tensor(0),Celeb_DF,0,1.0,0.9013671875
s_000171,tensor(0),Celeb_DF,0,1.0,0.66748046875
s_000171,tensor(0),Celeb_DF,0,1.0,0.3623046875
s_000213,tensor(0),Celeb_DF,0,1.3709068298339844e-05,0.99951171875
s_000213,tensor(0),Celeb_DF,0,1.817941665649414e-05,0.9990234375
s_000213,tensor(0),Celeb_DF,0,2.6702880859375e-05,0.998046875
s_000217,tensor(0),Celeb_DF,0,0.994140625,0.59765625
s_000217,tensor(0),Celeb_DF,0,1.0,0.62890625
s_000217,tensor(0),Celeb_DF,0,1.0,0.6416015625
s_000242,tensor(0),Celeb_DF,0,1.0,0.99755859375
s_000242,tensor(0),Celeb_DF,0,0.0616455078125,0.99462890625
s_000242,tensor(0),Celeb_DF,0,0.08526611328125,0.99462890625
s_000254,tensor(0),Celeb_DF,0,1.3947486877441406e-05,0.99853515625
s_000254,tensor(0),Celeb_DF,0,1.6450881958007812e-05,0.9970703125
s_000254,tensor(0),Celeb_DF,0,1.8477439880371094e-05,0.99853515625
s_000384,tensor(0),Celeb_DF,0,2.1636486053466797e-05,0.99951171875
s_000384,tensor(0),Celeb_DF,0,1.531839370727539e-05,0.99951171875
s_000384,tensor(0),Celeb_DF,0,2.193450927734375e-05,0.998046875
s_000406,tensor(0),Celeb_DF,0,0.004962921142578125,0.9052734375
s_000406,tensor(0),Celeb_DF,0,4.00543212890625e-05,0.99658203125
s_000406,tensor(0),Celeb_DF,0,1.2934207916259766e-05,0.9990234375
s_000484,tensor(0),Celeb_DF,0,0.9013671875,0.9951171875
s_000484,tensor(0),Celeb_DF,0,1.0,0.99658203125
s_000484,tensor(0),Celeb_DF,0,1.0,0.99072265625
s_000660,tensor(0),Celeb_DF,0,1.1324882507324219e-05,1.0
s_000660,tensor(0),Celeb_DF,0,1.9550323486328125e-05,1.0
s_000660,tensor(0),Celeb_DF,0,2.3543834686279297e-05,1.0
s_000798,tensor(0),Celeb_DF,1,1.0,0.99951171875
s_000825,tensor(0),Celeb_DF,1,1.0,0.9990234375
s_000833,tensor(0),Celeb_DF,1,1.0,0.9755859375
s_000833,tensor(0),Celeb_DF,1,1.0,0.99267578125
s_000833,tensor(0),Celeb_DF,1,1.0,0.98876953125
s_000839,tensor(0),Celeb_DF,1,1.0,0.998046875
s_000839,tensor(0),Celeb_DF,1,1.0,0.99658203125
s_000839,tensor(0),Celeb_DF,1,1.0,0.9970703125
s_000922,tensor(0),Celeb_DF,1,1.0,0.98779296875
s_000922,tensor(0),Celeb_DF,1,1.0,0.97802734375
s_000922,tensor(0),Celeb_DF,1,1.0,0.99658203125
s_000997,tensor(0),Celeb_DF,1,1.0,0.9794921875
s_000997,tensor(0),Celeb_DF,1,1.0,0.98095703125
s_000997,tensor(0),Celeb_DF,1,1.0,0.99365234375
s_001029,tensor(0),Celeb_DF,1,1.0,0.99658203125
s_001029,tensor(0),Celeb_DF,1,1.0,0.99658203125
s_001029,tensor(0),Celeb_DF,1,1.0,0.99658203125
s_013219,tensor(0),DeeperForensics,0,2.9206275939941406e-06,0.1776123046875
s_013221,tensor(0),DeeperForensics,0,2.4437904357910156e-06,0.2340087890625
s_013231,tensor(0),DeeperForensics,0,2.2649765014648438e-06,0.28662109375
s_013232,tensor(0),DeeperForensics,0,2.1457672119140625e-06,0.5458984375
s_013234,tensor(0),DeeperForensics,0,2.562999725341797e-06,0.1971435546875
s_013252,tensor(0),DeeperForensics,0,2.384185791015625e-06,0.230224609375
s_013257,tensor(0),DeeperForensics,0,2.2649765014648438e-06,0.491455078125
s_013261,tensor(0),DeeperForensics,0,2.562999725341797e-06,0.1954345703125
s_013262,tensor(0),DeeperForensics,0,2.5033950805664062e-06,0.415283203125
s_013267,tensor(0),DeeperForensics,0,2.205371856689453e-06,0.285400390625
s_013269,tensor(0),DeeperForensics,0,2.3245811462402344e-06,0.273681640625
s_013302,tensor(0),DeeperForensics,0,2.3245811462402344e-06,0.2059326171875
s_013302,tensor(0),DeeperForensics,0,2.1457672119140625e-06,0.29345703125
s_013313,tensor(0),DeeperForensics,0,2.2649765014648438e-06,0.444580078125
s_013315,tensor(0),DeeperForensics,0,2.2649765014648438e-06,0.388427734375
s_013318,tensor(0),DeeperForensics,0,2.6226043701171875e-06,0.2362060546875
s_013324,tensor(0),DeeperForensics,0,2.86102294921875e-06,0.045440673828125
s_013326,tensor(0),DeeperForensics,0,2.562999725341797e-06,0.1094970703125
s_013352,tensor(0),DeeperForensics,0,2.6226043701171875e-06,0.07135009765625
s_013352,tensor(0),DeeperForensics,0,2.7418136596679688e-06,0.12445068359375
s_013358,tensor(0),DeeperForensics,0,2.2649765014648438e-06,0.332763671875
s_013362,tensor(0),DeeperForensics,0,2.205371856689453e-06,0.5283203125
s_013369,tensor(0),DeeperForensics,0,2.6226043701171875e-06,0.485595703125
s_013407,tensor(0),DeeperForensics,0,2.4437904357910156e-06,0.3466796875
s_013407,tensor(0),DeeperForensics,0,2.4437904357910156e-06,0.353759765625
s_013421,tensor(0),DeeperForensics,0,2.682209014892578e-06,0.478759765625
s_013424,tensor(0),DeeperForensics,0,2.3245811462402344e-06,0.42529296875
s_013427,tensor(0),DeeperForensics,0,2.682209014892578e-06,0.490478515625
s_013429,tensor(0),DeeperForensics,0,2.3245811462402344e-06,0.16455078125
s_013440,tensor(0),DeeperForensics,0,2.384185791015625e-06,0.373046875
s_013446,tensor(0),DeeperForensics,0,2.2649765014648438e-06,0.5078125
s_013450,tensor(0),DeeperForensics,0,2.5033950805664062e-06,0.1458740234375
s_013463,tensor(0),DeeperForensics,0,2.2649765014648438e-06,0.7001953125
s_013465,tensor(0),DeeperForensics,0,2.2649765014648438e-06,0.411865234375
s_013467,tensor(0),DeeperForensics,0,2.1457672119140625e-06,0.599609375
s_013480,tensor(0),DeeperForensics,0,2.3245811462402344e-06,0.347900390625
s_013487,tensor(0),DeeperForensics,0,2.562999725341797e-06,0.30859375
s_013493,tensor(0),DeeperForensics,0,2.205371856689453e-06,0.2744140625
s_013493,tensor(0),DeeperForensics,0,2.3245811462402344e-06,0.31005859375
s_013508,tensor(0),DeeperForensics,0,2.5033950805664062e-06,0.2861328125
s_013508,tensor(0),DeeperForensics,0,2.3245811462402344e-06,0.50634765625
s_013518,tensor(0),DeeperForensics,0,2.6226043701171875e-06,0.272216796875
s_013518,tensor(0),DeeperForensics,0,2.6226043701171875e-06,0.2178955078125
s_013523,tensor(0),DeeperForensics,0,2.3245811462402344e-06,0.493408203125
s_013524,tensor(0),DeeperForensics,0,2.2649765014648438e-06,0.274169921875
s_013555,tensor(0),DeeperForensics,0,2.4437904357910156e-06,0.2197265625
s_013563,tensor(0),DeeperForensics,0,2.3245811462402344e-06,0.447021484375
s_013563,tensor(0),DeeperForensics,0,2.4437904357910156e-06,0.434814453125
s_013592,tensor(0),DeeperForensics,0,2.384185791015625e-06,0.423583984375
s_013610,tensor(0),DeeperForensics,0,2.2649765014648438e-06,0.50927734375
s_013622,tensor(0),DeeperForensics,0,2.2649765014648438e-06,0.403564453125
s_013626,tensor(0),DeeperForensics,0,2.5033950805664062e-06,0.33056640625
s_013632,tensor(0),DeeperForensics,0,2.2649765014648438e-06,0.134765625
s_013632,tensor(0),DeeperForensics,0,2.3245811462402344e-06,0.10089111328125
s_013636,tensor(0),DeeperForensics,0,2.3245811462402344e-06,0.323974609375
s_013636,tensor(0),DeeperForensics,0,2.3245811462402344e-06,0.47900390625
s_013638,tensor(0),DeeperForensics,0,2.3245811462402344e-06,0.27880859375
s_013638,tensor(0),DeeperForensics,0,2.2649765014648438e-06,0.53369140625
s_013655,tensor(0),DeeperForensics,0,2.2649765014648438e-06,0.57666015625
s_013655,tensor(0),DeeperForensics,0,2.562999725341797e-06,0.35693359375
s_013655,tensor(0),DeeperForensics,0,2.6226043701171875e-06,0.55078125
s_013655,tensor(0),DeeperForensics,0,2.7418136596679688e-06,0.60693359375
s_013655,tensor(0),DeeperForensics,0,2.2649765014648438e-06,0.42041015625
s_013655,tensor(0),DeeperForensics,0,2.3245811462402344e-06,0.485107421875
s_023965,tensor(0),DeeperForensics,0,2.7418136596679688e-06,0.280517578125
s_023969,tensor(0),DeeperForensics,0,2.4437904357910156e-06,0.51123046875
s_023994,tensor(0),DeeperForensics,0,2.3245811462402344e-06,0.55615234375
s_023994,tensor(0),DeeperForensics,0,2.562999725341797e-06,0.56787109375
s_024010,tensor(0),DeeperForensics,0,2.205371856689453e-06,0.72607421875
s_024010,tensor(0),DeeperForensics,0,2.3245811462402344e-06,0.61328125
s_024010,tensor(0),DeeperForensics,0,2.3245811462402344e-06,0.55859375
s_024021,tensor(0),DeeperForensics,0,2.384185791015625e-06,0.6201171875
s_024021,tensor(0),DeeperForensics,0,2.562999725341797e-06,0.50732421875
s_024025,tensor(0),DeeperForensics,0,2.5033950805664062e-06,0.431640625
s_024025,tensor(0),DeeperForensics,0,2.562999725341797e-06,0.395263671875
s_024049,tensor(0),DeeperForensics,0,2.3245811462402344e-06,0.34814453125
s_024049,tensor(0),DeeperForensics,0,2.6226043701171875e-06,0.414306640625
s_024062,tensor(0),DeeperForensics,0,2.1457672119140625e-06,0.290771484375
s_024062,tensor(0),DeeperForensics,0,2.2649765014648438e-06,0.38623046875
s_024067,tensor(0),DeeperForensics,0,2.682209014892578e-06,0.224609375
s_024067,tensor(0),DeeperForensics,0,3.0994415283203125e-06,0.3251953125
s_024067,tensor(0),DeeperForensics,0,2.9206275939941406e-06,0.3515625
s_024076,tensor(0),DeeperForensics,0,2.1457672119140625e-06,0.375732421875
s_024076,tensor(0),DeeperForensics,0,2.384185791015625e-06,0.358154296875
s_024099,tensor(0),DeeperForensics,0,2.384185791015625e-06,0.465576171875
s_024099,tensor(0),DeeperForensics,0,2.3245811462402344e-06,0.5419921875
s_024104,tensor(0),DeeperForensics,0,2.205371856689453e-06,0.430908203125
s_024104,tensor(0),DeeperForensics,0,2.205371856689453e-06,0.4892578125
s_024124,tensor(0),DeeperForensics,0,2.5033950805664062e-06,0.525390625
s_024147,tensor(0),DeeperForensics,0,2.5033950805664062e-06,0.39990234375
s_024177,tensor(0),DeeperForensics,0,2.8014183044433594e-06,0.93505859375
s_024187,tensor(0),DeeperForensics,0,2.3245811462402344e-06,0.634765625
s_024187,tensor(0),DeeperForensics,0,2.384185791015625e-06,0.708984375
s_024187,tensor(0),DeeperForensics,0,2.4437904357910156e-06,0.63720703125
s_024197,tensor(0),DeeperForensics,0,2.205371856689453e-06,0.57666015625
s_024197,tensor(0),DeeperForensics,0,2.3245811462402344e-06,0.62841796875
s_024224,tensor(0),DeeperForensics,0,2.3245811462402344e-06,0.2303466796875
s_024224,tensor(0),DeeperForensics,0,2.4437904357910156e-06,0.308837890625
s_024227,tensor(0),DeeperForensics,0,2.3245811462402344e-06,0.55029296875
s_024227,tensor(0),DeeperForensics,0,2.562999725341797e-06,0.444091796875
s_024227,tensor(0),DeeperForensics,0,2.3245811462402344e-06,0.55810546875
s_024244,tensor(0),DeeperForensics,0,2.2649765014648438e-06,0.1351318359375
s_024244,tensor(0),DeeperForensics,0,2.1457672119140625e-06,0.2362060546875
s_024258,tensor(0),DeeperForensics,0,2.3245811462402344e-06,0.09503173828125
s_024258,tensor(0),DeeperForensics,0,2.384185791015625e-06,0.09857177734375
s_024258,tensor(0),DeeperForensics,0,2.3245811462402344e-06,0.132080078125
s_024260,tensor(0),DeeperForensics,0,2.3245811462402344e-06,0.62841796875
s_024260,tensor(0),DeeperForensics,0,2.4437904357910156e-06,0.66357421875
s_024260,tensor(0),DeeperForensics,0,2.4437904357910156e-06,0.796875
s_024283,tensor(0),DeeperForensics,0,2.3245811462402344e-06,0.4052734375
s_024328,tensor(0),DeeperForensics,0,2.384185791015625e-06,0.414794921875
s_024339,tensor(0),DeeperForensics,0,2.3245811462402344e-06,0.2486572265625
s_024339,tensor(0),DeeperForensics,0,2.2649765014648438e-06,0.207275390625
s_024339,tensor(0),DeeperForensics,0,2.3245811462402344e-06,0.1500244140625
s_024345,tensor(0),DeeperForensics,0,2.5033950805664062e-06,0.286376953125
s_024361,tensor(0),DeeperForensics,0,2.2649765014648438e-06,0.3603515625
s_024361,tensor(0),DeeperForensics,0,2.3245811462402344e-06,0.363525390625
s_024367,tensor(0),DeeperForensics,0,2.2649765014648438e-06,0.249267578125
s_024367,tensor(0),DeeperForensics,0,2.2649765014648438e-06,0.2330322265625
s_024369,tensor(0),DeeperForensics,0,2.2649765014648438e-06,0.296875
s_024369,tensor(0),DeeperForensics,0,2.2649765014648438e-06,0.34423828125
s_024370,tensor(0),DeeperForensics,0,2.7418136596679688e-06,0.0297088623046875
s_024370,tensor(0),DeeperForensics,0,2.7418136596679688e-06,0.053497314453125
s_024398,tensor(0),DeeperForensics,0,2.682209014892578e-06,0.029815673828125
s_024398,tensor(0),DeeperForensics,0,2.7418136596679688e-06,0.09173583984375
s_024398,tensor(0),DeeperForensics,0,2.7418136596679688e-06,0.049407958984375
s_024400,tensor(0),DeeperForensics,0,2.4437904357910156e-06,0.2117919921875
s_024400,tensor(0),DeeperForensics,0,2.3245811462402344e-06,0.16943359375
s_067424,tensor(3),FaceForensics++,1,1.0,0.97265625
s_067424,tensor(4),FaceForensics++,1,1.0,0.63232421875
s_067424,tensor(5),FaceForensics++,1,1.0,0.92529296875
s_067424,tensor(0),FaceForensics++,1,1.0,0.58544921875
s_067424,tensor(1),FaceForensics++,1,1.0,0.89208984375
s_067424,tensor(2),FaceForensics++,1,1.0,0.95263671875
s_067424,tensor(3),FaceForensics++,1,1.0,0.96533203125
s_067424,tensor(4),FaceForensics++,1,1.0,0.50927734375
s_067424,tensor(5),FaceForensics++,1,1.0,0.96044921875
s_067424,tensor(0),FaceForensics++,1,1.0,0.5693359375
s_067424,tensor(1),FaceForensics++,1,1.0,0.87451171875
s_067424,tensor(2),FaceForensics++,1,1.0,0.98974609375
s_067424,tensor(4),FaceForensics++,1,1.0,0.256591796875
s_067424,tensor(5),FaceForensics++,1,1.0,0.9638671875
s_067433,tensor(0),FaceForensics++,1,1.0,0.97412109375
s_067433,tensor(0),FaceForensics++,1,1.0,0.97265625
s_067433,tensor(0),FaceForensics++,1,1.0,0.98291015625
s_067433,tensor(0),FaceForensics++,1,1.0,0.98876953125
s_067433,tensor(0),FaceForensics++,1,1.0,0.9833984375
s_067436,tensor(0),FaceForensics++,1,1.0,0.998046875
s_067436,tensor(0),FaceForensics++,1,1.0,0.99658203125
s_067436,tensor(0),FaceForensics++,1,1.0,0.99560546875
s_067436,tensor(0),FaceForensics++,1,1.0,0.998046875
s_067455,tensor(0),FaceForensics++,1,1.0,0.9990234375
s_067455,tensor(0),FaceForensics++,1,1.0,0.998046875
s_067455,tensor(0),FaceForensics++,1,1.0,0.9990234375
s_067465,tensor(0),FaceForensics++,1,1.0,0.9775390625
s_067465,tensor(0),FaceForensics++,1,1.0,0.97802734375
s_067475,tensor(0),FaceForensics++,1,1.0,0.994140625
s_067475,tensor(0),FaceForensics++,1,1.0,0.99609375
s_067475,tensor(0),FaceForensics++,1,1.0,0.9970703125
s_067475,tensor(0),FaceForensics++,1,1.0,0.99658203125
s_067478,tensor(0),FaceForensics++,1,1.0,0.99853515625
s_067478,tensor(1),FaceForensics++,1,0.147705078125,0.004886627197265625
s_067478,tensor(0),FaceForensics++,1,1.0,0.9951171875
s_067478,tensor(1),FaceForensics++,1,0.1763916015625,0.010528564453125
s_067478,tensor(0),FaceForensics++,1,1.0,0.9951171875
s_067478,tensor(1),FaceForensics++,1,0.0965576171875,0.0048675537109375
s_067478,tensor(0),FaceForensics++,1,1.0,0.99755859375
s_067478,tensor(1),FaceForensics++,1,0.087890625,0.00319671630859375
s_067478,tensor(0),FaceForensics++,1,1.0,0.99658203125
s_067478,tensor(1),FaceForensics++,1,0.10089111328125,0.00399017333984375
s_067478,tensor(0),FaceForensics++,1,1.0,0.9970703125
s_067478,tensor(1),FaceForensics++,1,0.10107421875,0.0066680908203125
s_067500,tensor(0),FaceForensics++,1,1.0,0.99609375
s_067500,tensor(0),FaceForensics++,1,1.0,0.998046875
s_067500,tensor(0),FaceForensics++,1,1.0,0.99658203125
s_067500,tensor(0),FaceForensics++,1,1.0,0.99755859375
s_067533,tensor(0),FaceForensics++,1,1.0,0.9951171875
s_067533,tensor(0),FaceForensics++,1,1.0,0.994140625
s_067533,tensor(0),FaceForensics++,1,1.0,0.98583984375
s_067533,tensor(0),FaceForensics++,1,1.0,0.9892578125
s_067533,tensor(0),FaceForensics++,1,1.0,0.97705078125
s_067533,tensor(0),FaceForensics++,1,1.0,0.99267578125
s_067536,tensor(0),FaceForensics++,1,1.0,0.99072265625
s_067536,tensor(0),FaceForensics++,1,1.0,0.99267578125
s_067536,tensor(0),FaceForensics++,1,1.0,0.9951171875
s_067536,tensor(0),FaceForensics++,1,1.0,0.99365234375
s_067536,tensor(0),FaceForensics++,1,1.0,0.9970703125
s_067575,tensor(0),FaceForensics++,1,1.0,0.9990234375
s_067575,tensor(0),FaceForensics++,1,1.0,0.97802734375
s_067575,tensor(0),FaceForensics++,1,1.0,0.99609375
s_067593,tensor(0),FaceForensics++,1,1.0,0.994140625
s_067593,tensor(0),FaceForensics++,1,1.0,0.98681640625
s_001305,tensor(0),Celeb_DF,1,0.99951171875,0.97119140625
s_001305,tensor(0),Celeb_DF,1,1.0,0.9921875
s_001305,tensor(0),Celeb_DF,1,1.0,0.9775390625
s_001305,tensor(0),Celeb_DF,1,1.0,0.97509765625
s_001309,tensor(0),Celeb_DF,1,1.0,0.935546875
s_001309,tensor(0),Celeb_DF,1,1.0,0.966796875
s_001309,tensor(0),Celeb_DF,1,1.0,0.96142578125
s_001309,tensor(0),Celeb_DF,1,1.0,0.93798828125
s_001309,tensor(0),Celeb_DF,1,1.0,0.9853515625
s_001321,tensor(0),Celeb_DF,1,1.0,0.9921875
s_001331,tensor(0),Celeb_DF,1,1.0,0.9873046875
s_001331,tensor(0),Celeb_DF,1,1.0,0.9970703125
s_001331,tensor(0),Celeb_DF,1,1.0,0.99462890625
s_001331,tensor(0),Celeb_DF,1,1.0,0.99658203125
s_001345,tensor(0),Celeb_DF,1,1.0,0.92529296875
s_001345,tensor(0),Celeb_DF,1,1.0,0.95263671875
s_001345,tensor(0),Celeb_DF,1,1.0,0.974609375
s_001345,tensor(0),Celeb_DF,1,1.0,0.970703125
s_001345,tensor(0),Celeb_DF,1,1.0,0.98095703125
s_001371,tensor(0),Celeb_DF,1,1.0,0.998046875
s_001371,tensor(0),Celeb_DF,1,1.0,0.99609375
s_001371,tensor(0),Celeb_DF,1,1.0,0.99755859375
s_001371,tensor(0),Celeb_DF,1,1.0,0.9970703125
s_001374,tensor(0),Celeb_DF,1,1.0,0.990234375
s_001374,tensor(0),Celeb_DF,1,1.0,0.9873046875
s_001374,tensor(0),Celeb_DF,1,1.0,0.9921875
s_001374,tensor(0),Celeb_DF,1,1.0,0.98779296875
s_001376,tensor(0),Celeb_DF,1,1.0,0.99462890625
s_001376,tensor(0),Celeb_DF,1,1.0,0.994140625
s_001380,tensor(0),Celeb_DF,1,1.0,0.99853515625
s_001380,tensor(0),Celeb_DF,1,1.0,0.99609375
s_001380,tensor(0),Celeb_DF,1,1.0,0.998046875
s_001380,tensor(0),Celeb_DF,1,1.0,0.99853515625
s_001383,tensor(0),Celeb_DF,1,1.0,0.99609375
s_001383,tensor(0),Celeb_DF,1,1.0,0.99658203125
s_001383,tensor(0),Celeb_DF,1,1.0,0.99658203125
s_001383,tensor(0),Celeb_DF,1,1.0,0.99658203125
s_001419,tensor(0),Celeb_DF,1,1.0,0.9921875
s_001419,tensor(0),Celeb_DF,1,1.0,0.994140625
s_001419,tensor(0),Celeb_DF,1,1.0,0.9970703125
s_001419,tensor(0),Celeb_DF,1,1.0,0.99462890625
s_001420,tensor(0),Celeb_DF,1,1.0,0.98779296875
s_001420,tensor(0),Celeb_DF,1,1.0,0.9921875
s_001420,tensor(0),Celeb_DF,1,1.0,0.98486328125
s_001484,tensor(0),Celeb_DF,1,1.0,0.98974609375
s_001484,tensor(0),Celeb_DF,1,1.0,0.98583984375
s_001484,tensor(0),Celeb_DF,1,1.0,0.9931640625
s_001488,tensor(1),Celeb_DF,1,1.0,0.9541015625
s_001488,tensor(1),Celeb_DF,1,1.0,0.9501953125
s_001600,tensor(0),Celeb_DF,1,1.0,0.98681640625
s_001600,tensor(0),Celeb_DF,1,1.0,0.9677734375
s_001600,tensor(0),Celeb_DF,1,1.0,0.98388671875
s_001605,tensor(0),Celeb_DF,1,1.0,0.9716796875
s_001605,tensor(0),Celeb_DF,1,1.0,0.95751953125
s_001605,tensor(0),Celeb_DF,1,1.0,0.9775390625
s_001630,tensor(0),Celeb_DF,1,1.0,0.98388671875
s_001630,tensor(0),Celeb_DF,1,1.0,0.98193359375
s_001630,tensor(0),Celeb_DF,1,1.0,0.98828125
s_001635,tensor(0),Celeb_DF,1,1.0,0.98583984375
s_001677,tensor(0),Celeb_DF,1,1.0,0.98974609375
s_001691,tensor(0),Celeb_DF,1,1.0,0.99609375
s_001697,tensor(0),Celeb_DF,1,1.0,0.98486328125
s_001762,tensor(0),Celeb_DF,1,1.0,0.95849609375
s_001762,tensor(0),Celeb_DF,1,1.0,0.98046875
s_013655,tensor(0),DeeperForensics,0,2.5033950805664062e-06,0.3720703125
s_013655,tensor(0),DeeperForensics,0,2.384185791015625e-06,0.434814453125
s_013655,tensor(0),DeeperForensics,0,2.2649765014648438e-06,0.495361328125
s_013655,tensor(0),DeeperForensics,0,2.6226043701171875e-06,0.2548828125
s_013655,tensor(0),DeeperForensics,0,2.9206275939941406e-06,0.51708984375
s_013655,tensor(0),DeeperForensics,0,2.3245811462402344e-06,0.36572265625
s_013655,tensor(0),DeeperForensics,0,2.7418136596679688e-06,0.433837890625
s_013655,tensor(0),DeeperForensics,0,2.384185791015625e-06,0.44970703125
s_013655,tensor(0),DeeperForensics,0,2.205371856689453e-06,0.25390625
s_013655,tensor(0),DeeperForensics,0,2.384185791015625e-06,0.37646484375
s_013655,tensor(0),DeeperForensics,0,2.5033950805664062e-06,0.30029296875
s_013655,tensor(0),DeeperForensics,0,2.2649765014648438e-06,0.48291015625
s_013655,tensor(0),DeeperForensics,0,2.384185791015625e-06,0.288330078125
s_013655,tensor(0),DeeperForensics,0,2.384185791015625e-06,0.181396484375
s_013655,tensor(0),DeeperForensics,0,2.4437904357910156e-06,0.3837890625
s_013655,tensor(0),DeeperForensics,0,2.384185791015625e-06,0.38330078125
s_013655,tensor(0),DeeperForensics,0,2.3245811462402344e-06,0.336669921875
s_013655,tensor(0),DeeperForensics,0,2.5033950805664062e-06,0.184814453125
s_013655,tensor(0),DeeperForensics,0,2.2649765014648438e-06,0.188232421875
s_013655,tensor(0),DeeperForensics,0,2.384185791015625e-06,0.1473388671875
s_013655,tensor(0),DeeperForensics,0,2.5033950805664062e-06,0.314697265625
s_013655,tensor(0),DeeperForensics,0,2.3245811462402344e-06,0.477294921875
s_013655,tensor(0),DeeperForensics,0,2.2649765014648438e-06,0.51025390625
s_013655,tensor(0),DeeperForensics,0,2.3245811462402344e-06,0.484619140625
s_013655,tensor(0),DeeperForensics,0,2.3245811462402344e-06,0.375732421875
s_013655,tensor(0),DeeperForensics,0,2.5033950805664062e-06,0.1236572265625
s_013678,tensor(0),DeeperForensics,0,2.3245811462402344e-06,0.69482421875
s_013704,tensor(0),DeeperForensics,0,2.5033950805664062e-06,0.1982421875
s_013737,tensor(0),DeeperForensics,0,2.8014183044433594e-06,0.54150390625
s_013743,tensor(0),DeeperForensics,0,2.3245811462402344e-06,0.50537109375
s_013746,tensor(0),DeeperForensics,0,2.384185791015625e-06,0.16943359375
s_013756,tensor(0),DeeperForensics,0,2.2649765014648438e-06,0.2294921875
s_013783,tensor(0),DeeperForensics,0,2.2649765014648438e-06,0.2330322265625
s_013784,tensor(0),DeeperForensics,0,2.205371856689453e-06,0.250732421875
s_013789,tensor(0),DeeperForensics,0,2.205371856689453e-06,0.73486328125
s_013790,tensor(0),DeeperForensics,0,2.3245811462402344e-06,0.58251953125
s_013799,tensor(0),DeeperForensics,0,2.1457672119140625e-06,0.3515625
s_013803,tensor(0),DeeperForensics,0,2.3245811462402344e-06,0.54833984375
s_013820,tensor(0),DeeperForensics,0,2.086162567138672e-06,0.385498046875
s_013820,tensor(0),DeeperForensics,0,2.1457672119140625e-06,0.399658203125
s_013825,tensor(0),DeeperForensics,0,2.2649765014648438e-06,0.462646484375
s_013834,tensor(0),DeeperForensics,0,2.205371856689453e-06,0.470458984375
s_013896,tensor(0),DeeperForensics,0,2.682209014892578e-06,0.54443359375
s_013906,tensor(0),DeeperForensics,0,2.3245811462402344e-06,0.361083984375
s_013907,tensor(0),DeeperForensics,0,2.682209014892578e-06,0.45458984375
s_013908,tensor(0),DeeperForensics,0,2.384185791015625e-06,0.6474609375
s_013932,tensor(0),DeeperForensics,0,2.4437904357910156e-06,0.66943359375
s_013933,tensor(0),DeeperForensics,0,2.1457672119140625e-06,0.2958984375
s_013944,tensor(0),DeeperForensics,0,2.2649765014648438e-06,0.410888671875
s_013944,tensor(0),DeeperForensics,0,2.384185791015625e-06,0.2064208984375
s_013945,tensor(0),DeeperForensics,0,2.5033950805664062e-06,0.33154296875
s_013945,tensor(0),DeeperForensics,0,2.6226043701171875e-06,0.2088623046875
s_013955,tensor(0),DeeperForensics,0,2.384185791015625e-06,0.429931640625
s_013963,tensor(0),DeeperForensics,0,2.562999725341797e-06,0.59130859375
s_013977,tensor(0),DeeperForensics,0,2.4437904357910156e-06,0.3837890625
s_013977,tensor(0),DeeperForensics,0,2.5033950805664062e-06,0.296630859375
s_013984,tensor(0),DeeperForensics,0,2.4437904357910156e-06,0.2127685546875
s_013984,tensor(0),DeeperForensics,0,2.8014183044433594e-06,0.152099609375
s_013987,tensor(0),DeeperForensics,0,2.6226043701171875e-06,0.740234375
s_013988,tensor(0),DeeperForensics,0,2.384185791015625e-06,0.77783203125
s_013997,tensor(0),DeeperForensics,0,2.4437904357910156e-06,0.379150390625
s_014002,tensor(0),DeeperForensics,0,2.4437904357910156e-06,0.3818359375
s_014004,tensor(0),DeeperForensics,0,2.2649765014648438e-06,0.26953125
s_014009,tensor(0),DeeperForensics,0,2.4437904357910156e-06,0.4384765625
s_024400,tensor(0),DeeperForensics,0,2.562999725341797e-06,0.156005859375
s_024414,tensor(0),DeeperForensics,0,2.4437904357910156e-06,0.1590576171875
s_024414,tensor(0),DeeperForensics,0,2.3245811462402344e-06,0.2022705078125
s_024414,tensor(0),DeeperForensics,0,2.384185791015625e-06,0.2218017578125
s_024418,tensor(0),DeeperForensics,0,2.3245811462402344e-06,0.2354736328125
s_024418,tensor(0),DeeperForensics,0,2.3245811462402344e-06,0.1988525390625
s_024421,tensor(0),DeeperForensics,0,2.384185791015625e-06,0.1400146484375
s_024421,tensor(0),DeeperForensics,0,2.562999725341797e-06,0.10302734375
s_024443,tensor(0),DeeperForensics,0,2.4437904357910156e-06,0.4833984375
s_024453,tensor(0),DeeperForensics,0,2.384185791015625e-06,0.32861328125
s_024453,tensor(0),DeeperForensics,0,2.3245811462402344e-06,0.321044921875
s_024463,tensor(0),DeeperForensics,0,2.4437904357910156e-06,0.11614990234375
s_024463,tensor(0),DeeperForensics,0,2.562999725341797e-06,0.10595703125
s_024468,tensor(0),DeeperForensics,0,2.86102294921875e-06,0.2017822265625
s_024468,tensor(0),DeeperForensics,0,2.9206275939941406e-06,0.1829833984375
s_024475,tensor(0),DeeperForensics,0,3.159046173095703e-06,0.230712890625
s_024475,tensor(0),DeeperForensics,0,3.0994415283203125e-06,0.307373046875
s_024475,tensor(0),DeeperForensics,0,3.159046173095703e-06,0.3115234375
s_024489,tensor(0),DeeperForensics,0,3.159046173095703e-06,0.05865478515625
s_024489,tensor(0),DeeperForensics,0,2.86102294921875e-06,0.0869140625
s_024489,tensor(0),DeeperForensics,0,3.159046173095703e-06,0.1282958984375
s_024492,tensor(0),DeeperForensics,0,2.562999725341797e-06,0.54052734375
s_024492,tensor(0),DeeperForensics,0,2.5033950805664062e-06,0.62646484375
s_024498,tensor(0),DeeperForensics,0,2.384185791015625e-06,0.29931640625
s_024498,tensor(0),DeeperForensics,0,2.384185791015625e-06,0.33349609375
s_024510,tensor(0),DeeperForensics,0,2.2649765014648438e-06,0.2130126953125
s_024510,tensor(0),DeeperForensics,0,2.384185791015625e-06,0.14111328125
s_024510,tensor(0),DeeperForensics,0,2.384185791015625e-06,0.17236328125
s_024516,tensor(0),DeeperForensics,0,2.682209014892578e-06,0.444580078125
s_024516,tensor(0),DeeperForensics,0,2.682209014892578e-06,0.471923828125
s_024531,tensor(0),DeeperForensics,0,2.1457672119140625e-06,0.222412109375
s_024531,tensor(0),DeeperForensics,0,2.2649765014648438e-06,0.236328125
s_024533,tensor(0),DeeperForensics,0,2.3245811462402344e-06,0.3544921875
s_024533,tensor(0),DeeperForensics,0,2.4437904357910156e-06,0.3310546875
s_024537,tensor(0),DeeperForensics,0,2.5033950805664062e-06,0.37109375
s_024537,tensor(0),DeeperForensics,0,2.384185791015625e-06,0.529296875
s_024539,tensor(0),DeeperForensics,0,2.2649765014648438e-06,0.321533203125
s_024539,tensor(0),DeeperForensics,0,2.3245811462402344e-06,0.3193359375
s_024584,tensor(0),DeeperForensics,0,2.2649765014648438e-06,0.34765625
s_024584,tensor(0),DeeperForensics,0,2.2649765014648438e-06,0.38330078125
s_024586,tensor(0),DeeperForensics,0,2.562999725341797e-06,0.50390625
s_024586,tensor(0),DeeperForensics,0,2.6226043701171875e-06,0.67724609375
s_024609,tensor(0),DeeperForensics,0,2.4437904357910156e-06,0.216064453125
s_024609,tensor(0),DeeperForensics,0,2.3245811462402344e-06,0.291748046875
s_024634,tensor(0),DeeperForensics,0,2.9802322387695312e-06,0.371826171875
s_024634,tensor(0),DeeperForensics,0,2.8014183044433594e-06,0.50146484375
s_024634,tensor(0),DeeperForensics,0,2.7418136596679688e-06,0.595703125
s_024647,tensor(0),DeeperForensics,0,2.3245811462402344e-06,0.40185546875
s_024647,tensor(0),DeeperForensics,0,2.4437904357910156e-06,0.32470703125
s_024651,tensor(0),DeeperForensics,0,2.384185791015625e-06,0.42138671875
s_024651,tensor(0),DeeperForensics,0,2.4437904357910156e-06,0.3603515625
s_024662,tensor(0),DeeperForensics,0,2.7418136596679688e-06,0.40234375
s_024662,tensor(0),DeeperForensics,0,2.9206275939941406e-06,0.541015625
s_024673,tensor(0),DeeperForensics,0,2.3245811462402344e-06,0.333984375
s_024673,tensor(0),DeeperForensics,0,2.4437904357910156e-06,0.19580078125
s_024673,tensor(0),DeeperForensics,0,2.3245811462402344e-06,0.251220703125
s_024677,tensor(0),DeeperForensics,0,2.2649765014648438e-06,0.3203125
s_024677,tensor(0),DeeperForensics,0,2.384185791015625e-06,0.38427734375
s_024697,tensor(0),DeeperForensics,0,2.2649765014648438e-06,0.475830078125
s_024697,tensor(0),DeeperForensics,0,2.4437904357910156e-06,0.39013671875
s_024697,tensor(0),DeeperForensics,0,2.3245811462402344e-06,0.334228515625
s_024700,tensor(0),DeeperForensics,0,2.384185791015625e-06,0.42724609375
s_024700,tensor(0),DeeperForensics,0,2.2649765014648438e-06,0.451904296875
s_024700,tensor(0),DeeperForensics,0,2.5033950805664062e-06,0.15234375
s_067593,tensor(0),FaceForensics++,1,1.0,0.9951171875
s_067628,tensor(0),FaceForensics++,1,1.0,0.99951171875
s_067628,tensor(0),FaceForensics++,1,1.0,0.99951171875
s_067628,tensor(0),FaceForensics++,1,1.0,0.99853515625
s_067628,tensor(0),FaceForensics++,1,1.0,0.9990234375
s_067628,tensor(0),FaceForensics++,1,1.0,0.99951171875
s_067633,tensor(0),FaceForensics++,1,1.0,0.9892578125
s_067633,tensor(0),FaceForensics++,1,1.0,0.99072265625
s_067633,tensor(0),FaceForensics++,1,1.0,0.98828125
s_067633,tensor(0),FaceForensics++,1,1.0,0.99462890625
s_067633,tensor(0),FaceForensics++,1,1.0,0.99169921875
s_067633,tensor(0),FaceForensics++,1,1.0,0.99169921875
s_067633,tensor(0),FaceForensics++,1,1.0,0.98828125
s_067648,tensor(0),FaceForensics++,1,1.0,0.99755859375
s_067648,tensor(0),FaceForensics++,1,1.0,0.994140625
s_067648,tensor(0),FaceForensics++,1,1.0,0.99755859375
s_067661,tensor(0),FaceForensics++,1,1.0,0.9990234375
s_067661,tensor(0),FaceForensics++,1,1.0,0.99853515625
s_067661,tensor(0),FaceForensics++,1,1.0,0.9970703125
s_067680,tensor(0),FaceForensics++,1,1.0,0.96728515625
s_067680,tensor(0),FaceForensics++,1,1.0,0.9921875
s_067680,tensor(0),FaceForensics++,1,1.0,0.97705078125
s_067688,tensor(0),FaceForensics++,1,1.0,0.99853515625
s_067688,tensor(0),FaceForensics++,1,1.0,0.998046875
s_067688,tensor(0),FaceForensics++,1,1.0,0.99755859375
s_067690,tensor(1),FaceForensics++,1,1.0,0.9873046875
s_067690,tensor(1),FaceForensics++,1,1.0,0.98046875
s_067690,tensor(1),FaceForensics++,1,1.0,0.99365234375
s_067696,tensor(0),FaceForensics++,1,1.0,0.99267578125
s_067696,tensor(0),FaceForensics++,1,1.0,0.99560546875
s_067696,tensor(0),FaceForensics++,1,1.0,0.98974609375
s_067700,tensor(0),FaceForensics++,1,1.0,0.9990234375
s_067700,tensor(0),FaceForensics++,1,1.0,0.9990234375
s_067700,tensor(0),FaceForensics++,1,1.0,0.9990234375
s_067700,tensor(0),FaceForensics++,1,1.0,0.998046875
s_067700,tensor(0),FaceForensics++,1,1.0,0.99853515625
s_067700,tensor(0),FaceForensics++,1,1.0,0.9990234375
s_067700,tensor(0),FaceForensics++,1,1.0,0.9990234375
s_067700,tensor(0),FaceForensics++,1,1.0,0.99853515625
s_067723,tensor(0),FaceForensics++,1,1.0,0.9970703125
s_067723,tensor(0),FaceForensics++,1,1.0,0.998046875
s_067730,tensor(0),FaceForensics++,1,1.0,0.998046875
s_067730,tensor(0),FaceForensics++,1,1.0,0.9931640625
s_067730,tensor(0),FaceForensics++,1,1.0,0.9873046875
s_067731,tensor(0),FaceForensics++,1,1.0,0.998046875
s_067731,tensor(0),FaceForensics++,1,1.0,0.99609375
s_067731,tensor(0),FaceForensics++,1,1.0,0.9970703125
s_067731,tensor(0),FaceForensics++,1,1.0,0.99609375
s_067731,tensor(0),FaceForensics++,1,1.0,0.99609375
s_067731,tensor(0),FaceForensics++,1,1.0,0.998046875
s_067751,tensor(0),FaceForensics++,1,1.0,0.9970703125
s_067751,tensor(0),FaceForensics++,1,1.0,0.99853515625
s_067751,tensor(0),FaceForensics++,1,1.0,0.9990234375
s_067751,tensor(0),FaceForensics++,1,1.0,0.99755859375
s_067751,tensor(0),FaceForensics++,1,1.0,0.998046875
s_067762,tensor(0),FaceForensics++,1,1.0,0.9970703125
s_067762,tensor(0),FaceForensics++,1,1.0,0.9970703125
s_067762,tensor(0),FaceForensics++,1,1.0,0.9970703125
s_067762,tensor(0),FaceForensics++,1,1.0,0.99755859375
s_067762,tensor(0),FaceForensics++,1,1.0,0.99462890625
s_067780,tensor(2),FaceForensics++,1,1.0,0.998046875
s_067780,tensor(2),FaceForensics++,1,1.0,0.9951171875
s_067780,tensor(2),FaceForensics++,1,1.0,0.99853515625
s_067781,tensor(0),FaceForensics++,1,0.8896484375,0.97705078125
s_001762,tensor(0),Celeb_DF,1,1.0,0.98291015625
s_001861,tensor(1),Celeb_DF,1,1.0,0.98779296875
s_001891,tensor(1),Celeb_DF,1,1.0,0.9931640625
s_001957,tensor(0),Celeb_DF,1,1.0,0.98291015625
s_001957,tensor(0),Celeb_DF,1,1.0,0.9931640625
s_001957,tensor(0),Celeb_DF,1,1.0,0.99267578125
s_002009,tensor(0),Celeb_DF,1,1.0,0.9912109375
s_002009,tensor(0),Celeb_DF,1,1.0,0.99365234375
s_002009,tensor(0),Celeb_DF,1,1.0,0.99853515625
s_002101,tensor(0),Celeb_DF,1,1.0,0.96044921875
s_002101,tensor(0),Celeb_DF,1,1.0,0.97216796875
s_002101,tensor(0),Celeb_DF,1,1.0,0.98486328125
s_002102,tensor(0),Celeb_DF,1,1.0,0.98095703125
s_002102,tensor(0),Celeb_DF,1,1.0,0.9873046875
s_002102,tensor(0),Celeb_DF,1,1.0,0.9970703125
s_002105,tensor(0),Celeb_DF,1,1.0,0.974609375
s_002105,tensor(0),Celeb_DF,1,1.0,0.97900390625
s_002163,tensor(0),Celeb_DF,1,1.0,0.9560546875
s_002163,tensor(0),Celeb_DF,1,1.0,0.9609375
s_002163,tensor(0),Celeb_DF,1,1.0,0.96533203125
s_002254,tensor(0),Celeb_DF,1,1.0,0.99560546875
s_002254,tensor(0),Celeb_DF,1,1.0,0.99365234375
s_002254,tensor(0),Celeb_DF,1,1.0,0.98876953125
s_002264,tensor(0),Celeb_DF,1,1.0,0.99853515625
s_002264,tensor(0),Celeb_DF,1,1.0,0.99658203125
s_002264,tensor(0),Celeb_DF,1,1.0,0.998046875
s_002269,tensor(0),Celeb_DF,1,1.0,0.998046875
s_002269,tensor(0),Celeb_DF,1,1.0,0.99658203125
s_002269,tensor(0),Celeb_DF,1,1.0,0.9990234375
s_002273,tensor(0),Celeb_DF,1,1.0,0.9931640625
s_002273,tensor(0),Celeb_DF,1,1.0,0.99072265625
s_002273,tensor(0),Celeb_DF,1,1.0,0.98681640625
s_002294,tensor(0),Celeb_DF,1,1.0,0.943359375
s_002294,tensor(0),Celeb_DF,1,1.0,0.9677734375
s_002294,tensor(0),Celeb_DF,1,1.0,0.9150390625
s_002313,tensor(0),Celeb_DF,1,1.0,0.99853515625
s_002313,tensor(0),Celeb_DF,1,1.0,0.998046875
s_002317,tensor(0),Celeb_DF,1,1.0,0.98291015625
s_002317,tensor(0),Celeb_DF,1,1.0,0.9638671875
s_002317,tensor(0),Celeb_DF,1,1.0,0.98193359375
s_002323,tensor(0),Celeb_DF,1,1.0,0.99169921875
s_002323,tensor(0),Celeb_DF,1,1.0,0.97607421875
s_002323,tensor(0),Celeb_DF,1,1.0,0.99658203125
s_002343,tensor(0),Celeb_DF,1,1.0,0.9990234375
s_002343,tensor(0),Celeb_DF,1,1.0,0.998046875
s_002343,tensor(0),Celeb_DF,1,1.0,0.9990234375
s_002358,tensor(0),Celeb_DF,1,1.0,0.88916015625
s_002358,tensor(0),Celeb_DF,1,1.0,0.955078125
s_002358,tensor(0),Celeb_DF,1,1.0,0.9404296875
s_002376,tensor(0),Celeb_DF,1,1.0,0.9892578125
s_002376,tensor(0),Celeb_DF,1,1.0,0.99072265625
s_002376,tensor(0),Celeb_DF,1,1.0,0.99169921875
s_002380,tensor(0),Celeb_DF,1,1.0,0.99609375
s_002380,tensor(0),Celeb_DF,1,1.0,0.99169921875
s_002380,tensor(0),Celeb_DF,1,1.0,0.99755859375
s_002381,tensor(0),Celeb_DF,1,1.0,0.9072265625
s_002381,tensor(0),Celeb_DF,1,1.0,0.96337890625
s_002381,tensor(0),Celeb_DF,1,1.0,0.95751953125
s_002387,tensor(0),Celeb_DF,1,1.0,0.99853515625
s_002387,tensor(0),Celeb_DF,1,1.0,0.9970703125
s_002387,tensor(0),Celeb_DF,1,1.0,0.9990234375
s_002421,tensor(0),Celeb_DF,1,1.0,0.97607421875
s_002421,tensor(0),Celeb_DF,1,1.0,0.9736328125
s_002421,tensor(0),Celeb_DF,1,1.0,0.984375
s_014017,tensor(0),DeeperForensics,0,2.205371856689453e-06,0.386962890625
s_014023,tensor(0),DeeperForensics,0,2.4437904357910156e-06,0.4970703125
s_014036,tensor(0),DeeperForensics,0,2.86102294921875e-06,0.4404296875
s_014050,tensor(0),DeeperForensics,0,2.3245811462402344e-06,0.3994140625
s_014052,tensor(0),DeeperForensics,0,2.0265579223632812e-06,0.51708984375
s_014061,tensor(0),DeeperForensics,0,2.3245811462402344e-06,0.4228515625
s_014070,tensor(0),DeeperForensics,0,2.3245811462402344e-06,0.411376953125
s_014073,tensor(0),DeeperForensics,0,2.3245811462402344e-06,0.364501953125
s_014077,tensor(0),DeeperForensics,0,2.2649765014648438e-06,0.61083984375
s_014086,tensor(0),DeeperForensics,0,2.4437904357910156e-06,0.484619140625
s_014086,tensor(0),DeeperForensics,0,2.2649765014648438e-06,0.465576171875
s_014087,tensor(0),DeeperForensics,0,2.384185791015625e-06,0.2427978515625
s_014087,tensor(0),DeeperForensics,0,2.205371856689453e-06,0.404296875
s_014093,tensor(0),DeeperForensics,0,2.3245811462402344e-06,0.287353515625
s_014103,tensor(0),DeeperForensics,0,2.2649765014648438e-06,0.5654296875
s_014103,tensor(0),DeeperForensics,0,2.1457672119140625e-06,0.3701171875
s_014108,tensor(0),DeeperForensics,0,2.2649765014648438e-06,0.20556640625
s_014120,tensor(0),DeeperForensics,0,2.2649765014648438e-06,0.2470703125
s_014122,tensor(0),DeeperForensics,0,2.3245811462402344e-06,0.218994140625
s_014130,tensor(0),DeeperForensics,0,2.3245811462402344e-06,0.4453125
s_014130,tensor(0),DeeperForensics,0,2.3245811462402344e-06,0.3935546875
s_014134,tensor(0),DeeperForensics,0,2.205371856689453e-06,0.2286376953125
s_014134,tensor(0),DeeperForensics,0,2.205371856689453e-06,0.2459716796875
s_014134,tensor(0),DeeperForensics,0,2.1457672119140625e-06,0.3505859375
s_014134,tensor(0),DeeperForensics,0,2.682209014892578e-06,0.2117919921875
s_014150,tensor(0),DeeperForensics,0,2.1457672119140625e-06,0.11517333984375
s_014164,tensor(0),DeeperForensics,0,2.4437904357910156e-06,0.2802734375
s_014164,tensor(0),DeeperForensics,0,2.562999725341797e-06,0.339599609375
s_014164,tensor(0),DeeperForensics,0,2.5033950805664062e-06,0.1937255859375
s_014164,tensor(0),DeeperForensics,0,2.3245811462402344e-06,0.70361328125
s_014164,tensor(0),DeeperForensics,0,2.3245811462402344e-06,0.32177734375
s_014164,tensor(0),DeeperForensics,0,2.384185791015625e-06,0.416259765625
s_014164,tensor(0),DeeperForensics,0,2.3245811462402344e-06,0.57568359375
s_014164,tensor(0),DeeperForensics,0,2.562999725341797e-06,0.45068359375
s_014164,tensor(0),DeeperForensics,0,2.5033950805664062e-06,0.2462158203125
s_014164,tensor(0),DeeperForensics,0,2.4437904357910156e-06,0.5751953125
s_014164,tensor(0),DeeperForensics,0,2.5033950805664062e-06,0.1510009765625
s_014164,tensor(0),DeeperForensics,0,2.682209014892578e-06,0.0782470703125
s_014164,tensor(0),DeeperForensics,0,2.384185791015625e-06,0.371826171875
s_014164,tensor(0),DeeperForensics,0,2.3245811462402344e-06,0.60009765625
s_014164,tensor(0),DeeperForensics,0,2.562999725341797e-06,0.1302490234375
s_014164,tensor(0),DeeperForensics,0,2.384185791015625e-06,0.57666015625
s_014164,tensor(0),DeeperForensics,0,2.5033950805664062e-06,0.274658203125
s_014164,tensor(0),DeeperForensics,0,2.562999725341797e-06,0.06982421875
s_014164,tensor(0),DeeperForensics,0,2.384185791015625e-06,0.60693359375
s_014164,tensor(0),DeeperForensics,0,2.4437904357910156e-06,0.376708984375
s_014164,tensor(0),DeeperForensics,0,2.5033950805664062e-06,0.290771484375
s_014164,tensor(0),DeeperForensics,0,2.4437904357910156e-06,0.58935546875
s_014164,tensor(0),DeeperForensics,0,2.4437904357910156e-06,0.176513671875
s_014164,tensor(0),DeeperForensics,0,2.384185791015625e-06,0.71630859375
s_014164,tensor(0),DeeperForensics,0,2.3245811462402344e-06,0.4853515625
s_014164,tensor(0),DeeperForensics,0,2.4437904357910156e-06,0.45556640625
s_014164,tensor(0),DeeperForensics,0,2.5033950805664062e-06,0.416015625
s_014164,tensor(0),DeeperForensics,0,2.5033950805664062e-06,0.26708984375
s_014164,tensor(0),DeeperForensics,0,2.4437904357910156e-06,0.5693359375
s_014164,tensor(0),DeeperForensics,0,2.384185791015625e-06,0.69580078125
s_014164,tensor(0),DeeperForensics,0,2.6226043701171875e-06,0.226806640625
s_014164,tensor(0),DeeperForensics,0,2.4437904357910156e-06,0.450439453125
s_014164,tensor(0),DeeperForensics,0,2.3245811462402344e-06,0.677734375
s_014164,tensor(0),DeeperForensics,0,2.384185791015625e-06,0.564453125
s_014164,tensor(0),DeeperForensics,0,2.4437904357910156e-06,0.313720703125
s_014164,tensor(0),DeeperForensics,0,2.3245811462402344e-06,0.7001953125
s_014164,tensor(0),DeeperForensics,0,2.3245811462402344e-06,0.57958984375
s_014164,tensor(0),DeeperForensics,0,2.4437904357910156e-06,0.304443359375
s_024721,tensor(0),DeeperForensics,0,2.5033950805664062e-06,0.364990234375
s_024731,tensor(0),DeeperForensics,0,2.3245811462402344e-06,0.361328125
s_024731,tensor(0),DeeperForensics,0,2.384185791015625e-06,0.333251953125
s_024733,tensor(0),DeeperForensics,0,2.3245811462402344e-06,0.296875
s_024733,tensor(0),DeeperForensics,0,2.384185791015625e-06,0.355712890625
s_024749,tensor(0),DeeperForensics,0,2.562999725341797e-06,0.307373046875
s_024756,tensor(0),DeeperForensics,0,2.3245811462402344e-06,0.297119140625
s_024756,tensor(0),DeeperForensics,0,2.5033950805664062e-06,0.11181640625
s_024756,tensor(0),DeeperForensics,0,2.5033950805664062e-06,0.1387939453125
s_024760,tensor(0),DeeperForensics,0,2.3245811462402344e-06,0.187744140625
s_024760,tensor(0),DeeperForensics,0,2.384185791015625e-06,0.2232666015625
s_024764,tensor(0),DeeperForensics,0,2.5033950805664062e-06,0.258056640625
s_024764,tensor(0),DeeperForensics,0,2.4437904357910156e-06,0.2139892578125
s_024777,tensor(0),DeeperForensics,0,2.562999725341797e-06,0.1845703125
s_024777,tensor(0),DeeperForensics,0,2.5033950805664062e-06,0.149658203125
s_024790,tensor(0),DeeperForensics,0,2.3245811462402344e-06,0.3857421875
s_024796,tensor(0),DeeperForensics,0,2.6226043701171875e-06,0.67529296875
s_024796,tensor(0),DeeperForensics,0,2.562999725341797e-06,0.63671875
s_024830,tensor(0),DeeperForensics,0,2.3245811462402344e-06,0.19580078125
s_024830,tensor(0),DeeperForensics,0,2.384185791015625e-06,0.274658203125
s_024832,tensor(0),DeeperForensics,0,2.205371856689453e-06,0.373046875
s_024832,tensor(0),DeeperForensics,0,2.3245811462402344e-06,0.313720703125
s_024833,tensor(0),DeeperForensics,0,2.3245811462402344e-06,0.4677734375
s_024833,tensor(0),DeeperForensics,0,2.4437904357910156e-06,0.5146484375
s_024848,tensor(0),DeeperForensics,0,2.5033950805664062e-06,0.20166015625
s_024860,tensor(0),DeeperForensics,0,2.5033950805664062e-06,0.17529296875
s_024860,tensor(0),DeeperForensics,0,2.4437904357910156e-06,0.1328125
s_024873,tensor(0),DeeperForensics,0,2.2649765014648438e-06,0.431640625
s_024879,tensor(0),DeeperForensics,0,2.1457672119140625e-06,0.30126953125
s_024881,tensor(0),DeeperForensics,0,2.5033950805664062e-06,0.158203125
s_024899,tensor(0),DeeperForensics,0,2.3245811462402344e-06,0.479248046875
s_024906,tensor(0),DeeperForensics,0,2.2649765014648438e-06,0.465576171875
s_024935,tensor(0),DeeperForensics,0,2.2649765014648438e-06,0.24072265625
s_024949,tensor(0),DeeperForensics,0,2.205371856689453e-06,0.263916015625
s_024957,tensor(0),DeeperForensics,0,2.2649765014648438e-06,0.40380859375
s_024957,tensor(0),DeeperForensics,0,2.384185791015625e-06,0.339111328125
s_024966,tensor(0),DeeperForensics,0,2.4437904357910156e-06,0.396240234375
s_024984,tensor(0),DeeperForensics,0,2.384185791015625e-06,0.39697265625
s_024994,tensor(0),DeeperForensics,0,2.5033950805664062e-06,0.474365234375
s_025000,tensor(0),DeeperForensics,0,2.562999725341797e-06,0.1048583984375
s_025001,tensor(0),DeeperForensics,0,2.682209014892578e-06,0.295166015625
s_025019,tensor(0),DeeperForensics,0,2.6226043701171875e-06,0.431640625
s_025019,tensor(0),DeeperForensics,0,2.6226043701171875e-06,0.45556640625
s_025026,tensor(0),DeeperForensics,0,2.562999725341797e-06,0.537109375
s_025026,tensor(0),DeeperForensics,0,2.5033950805664062e-06,0.41455078125
s_025053,tensor(0),DeeperForensics,0,2.384185791015625e-06,0.19091796875
s_025058,tensor(0),DeeperForensics,0,2.6226043701171875e-06,0.1324462890625
s_025083,tensor(0),DeeperForensics,0,2.4437904357910156e-06,0.328125
s_025083,tensor(0),DeeperForensics,0,2.4437904357910156e-06,0.40869140625
s_025085,tensor(0),DeeperForensics,0,2.2649765014648438e-06,0.364501953125
s_025085,tensor(0),DeeperForensics,0,2.2649765014648438e-06,0.371337890625
s_025111,tensor(0),DeeperForensics,0,2.5033950805664062e-06,0.1517333984375
s_025119,tensor(0),DeeperForensics,0,2.2649765014648438e-06,0.1842041015625
s_025123,tensor(0),DeeperForensics,0,2.2649765014648438e-06,0.270263671875
s_025131,tensor(0),DeeperForensics,0,2.682209014892578e-06,0.386474609375
s_025139,tensor(0),DeeperForensics,0,2.4437904357910156e-06,0.4208984375
s_025139,tensor(0),DeeperForensics,0,2.5033950805664062e-06,0.413330078125
s_025145,tensor(0),DeeperForensics,0,2.4437904357910156e-06,0.4716796875
s_025145,tensor(0),DeeperForensics,0,2.6226043701171875e-06,0.408203125
s_025147,tensor(0),DeeperForensics,0,2.205371856689453e-06,0.1954345703125
s_025147,tensor(0),DeeperForensics,0,2.3245811462402344e-06,0.154541015625
s_025153,tensor(0),DeeperForensics,0,2.384185791015625e-06,0.5986328125
s_025158,tensor(0),DeeperForensics,0,2.3245811462402344e-06,0.287353515625
s_025166,tensor(0),DeeperForensics,0,2.4437904357910156e-06,0.220458984375
s_067781,tensor(0),FaceForensics++,1,0.0007381439208984375,0.9501953125
s_067781,tensor(0),FaceForensics++,1,0.0006070137023925781,0.98193359375
s_067781,tensor(0),FaceForensics++,1,0.12054443359375,0.9892578125
s_067792,tensor(0),FaceForensics++,1,1.0,0.99560546875
s_067792,tensor(0),FaceForensics++,1,1.0,0.990234375
s_067792,tensor(0),FaceForensics++,1,1.0,0.98095703125
s_067802,tensor(0),FaceForensics++,1,1.0,0.998046875
s_067802,tensor(0),FaceForensics++,1,1.0,0.99853515625
s_067802,tensor(0),FaceForensics++,1,1.0,0.99853515625
s_067802,tensor(0),FaceForensics++,1,1.0,0.998046875
s_067841,tensor(0),FaceForensics++,1,1.0,0.99951171875
s_067841,tensor(0),FaceForensics++,1,1.0,0.99951171875
s_067841,tensor(0),FaceForensics++,1,1.0,1.0
s_067842,tensor(0),FaceForensics++,1,1.0,0.99951171875
s_067842,tensor(0),FaceForensics++,1,1.0,0.9990234375
s_067842,tensor(0),FaceForensics++,1,1.0,0.9990234375
s_067845,tensor(0),FaceForensics++,1,1.0,0.99609375
s_067845,tensor(0),FaceForensics++,1,1.0,0.99755859375
s_067845,tensor(0),FaceForensics++,1,1.0,0.99951171875
s_067845,tensor(0),FaceForensics++,1,1.0,0.9990234375
s_067876,tensor(0),FaceForensics++,1,1.0,0.99609375
s_067876,tensor(0),FaceForensics++,1,1.0,0.98193359375
s_067876,tensor(0),FaceForensics++,1,1.0,0.9990234375
s_067876,tensor(0),FaceForensics++,1,1.0,0.9990234375
s_067892,tensor(0),FaceForensics++,1,1.0,0.9951171875
s_067929,tensor(0),FaceForensics++,1,1.0,0.99853515625
s_067936,tensor(0),FaceForensics++,1,1.0,0.99658203125
s_067936,tensor(0),FaceForensics++,1,1.0,0.99462890625
s_067936,tensor(0),FaceForensics++,1,1.0,0.998046875
s_067996,tensor(0),FaceForensics++,1,1.0,0.984375
s_068003,tensor(0),FaceForensics++,1,1.0,0.9990234375
s_068003,tensor(0),FaceForensics++,1,1.0,0.99853515625
s_068003,tensor(0),FaceForensics++,1,1.0,0.99609375
s_068003,tensor(0),FaceForensics++,1,1.0,0.998046875
s_068003,tensor(0),FaceForensics++,1,1.0,0.99755859375
s_068003,tensor(0),FaceForensics++,1,1.0,0.99462890625
s_068029,tensor(0),FaceForensics++,1,1.0,0.99169921875
s_068029,tensor(0),FaceForensics++,1,1.0,0.98974609375
s_068052,tensor(0),FaceForensics++,1,1.0,0.99169921875
s_068052,tensor(0),FaceForensics++,1,1.0,0.994140625
s_068052,tensor(0),FaceForensics++,1,1.0,0.9951171875
s_068052,tensor(0),FaceForensics++,1,1.0,0.9951171875
s_068061,tensor(0),FaceForensics++,1,1.0,0.99365234375
s_068061,tensor(0),FaceForensics++,1,1.0,0.994140625
s_068084,tensor(0),FaceForensics++,1,1.0,0.99658203125
s_068084,tensor(0),FaceForensics++,1,1.0,0.9931640625
s_068084,tensor(0),FaceForensics++,1,1.0,0.98876953125
s_068093,tensor(2),FaceForensics++,1,1.0,0.91357421875
s_068106,tensor(0),FaceForensics++,1,1.0,0.9990234375
s_068106,tensor(0),FaceForensics++,1,1.0,0.9990234375
s_068106,tensor(0),FaceForensics++,1,1.0,0.99951171875
s_068106,tensor(0),FaceForensics++,1,1.0,0.9990234375
s_068117,tensor(0),FaceForensics++,1,1.0,0.99609375
s_068117,tensor(0),FaceForensics++,1,1.0,0.99755859375
s_068117,tensor(0),FaceForensics++,1,1.0,0.99609375
s_068117,tensor(0),FaceForensics++,1,1.0,0.99609375
s_068117,tensor(0),FaceForensics++,1,1.0,0.9951171875
s_068127,tensor(2),FaceForensics++,1,1.0,0.99609375
s_068127,tensor(0),FaceForensics++,1,1.0,0.9921875
s_068165,tensor(0),FaceForensics++,1,1.0,0.9921875
s_068165,tensor(0),FaceForensics++,1,1.0,0.98486328125
s_068165,tensor(0),FaceForensics++,1,1.0,0.99755859375
s_068165,tensor(0),FaceForensics++,1,1.0,0.99609375
s_068165,tensor(0),FaceForensics++,1,1.0,0.9970703125
s_002462,tensor(0),Celeb_DF,1,1.0,0.98779296875
s_002462,tensor(0),Celeb_DF,1,1.0,0.98681640625
s_002489,tensor(0),Celeb_DF,1,1.0,0.9892578125
s_002489,tensor(0),Celeb_DF,1,1.0,0.98876953125
s_002517,tensor(0),Celeb_DF,1,1.0,0.9990234375
s_002517,tensor(0),Celeb_DF,1,1.0,0.9990234375
s_002517,tensor(0),Celeb_DF,1,1.0,0.9990234375
s_002523,tensor(0),Celeb_DF,1,1.0,0.99462890625
s_002523,tensor(0),Celeb_DF,1,1.0,0.99658203125
s_002523,tensor(0),Celeb_DF,1,1.0,0.9970703125
s_002563,tensor(0),Celeb_DF,1,1.0,0.9990234375
s_002563,tensor(0),Celeb_DF,1,1.0,0.99755859375
s_002563,tensor(0),Celeb_DF,1,1.0,0.99853515625
s_002679,tensor(1),Celeb_DF,1,0.99267578125,0.0007381439208984375
s_002679,tensor(1),Celeb_DF,1,0.6591796875,0.000507354736328125
s_002679,tensor(1),Celeb_DF,1,0.253662109375,0.0005726814270019531
s_002856,tensor(0),Celeb_DF,1,1.0,0.984375
s_002856,tensor(0),Celeb_DF,1,1.0,0.98388671875
s_002856,tensor(0),Celeb_DF,1,1.0,0.9794921875
s_002856,tensor(0),Celeb_DF,1,1.0,0.9853515625
s_002879,tensor(0),Celeb_DF,1,1.0,0.91015625
s_002879,tensor(0),Celeb_DF,1,1.0,0.9453125
s_002879,tensor(0),Celeb_DF,1,1.0,0.96435546875
s_002879,tensor(0),Celeb_DF,1,1.0,0.97021484375
s_002881,tensor(0),Celeb_DF,1,1.0,0.99609375
s_002881,tensor(0),Celeb_DF,1,1.0,0.9970703125
s_002881,tensor(0),Celeb_DF,1,1.0,0.9931640625
s_002881,tensor(0),Celeb_DF,1,1.0,0.99658203125
s_002881,tensor(0),Celeb_DF,1,1.0,0.99609375
s_002909,tensor(0),Celeb_DF,1,1.0,0.9970703125
s_002909,tensor(0),Celeb_DF,1,1.0,0.9931640625
s_002909,tensor(0),Celeb_DF,1,1.0,0.9921875
s_002909,tensor(0),Celeb_DF,1,1.0,0.99609375
s_002912,tensor(0),Celeb_DF,1,1.0,0.99365234375
s_002912,tensor(0),Celeb_DF,1,1.0,0.99462890625
s_002912,tensor(0),Celeb_DF,1,1.0,0.99169921875
s_002912,tensor(0),Celeb_DF,1,1.0,0.98486328125
s_002913,tensor(0),Celeb_DF,1,1.0,0.99951171875
s_002913,tensor(0),Celeb_DF,1,1.0,0.9990234375
s_002913,tensor(0),Celeb_DF,1,1.0,0.99951171875
s_002928,tensor(0),Celeb_DF,1,1.0,0.998046875
s_002928,tensor(0),Celeb_DF,1,1.0,0.99853515625
s_002928,tensor(0),Celeb_DF,1,1.0,0.99609375
s_002928,tensor(0),Celeb_DF,1,1.0,0.998046875
s_002928,tensor(0),Celeb_DF,1,1.0,0.998046875
s_002949,tensor(0),Celeb_DF,1,1.0,0.9609375
s_002958,tensor(0),Celeb_DF,1,1.0,0.9794921875
s_002958,tensor(0),Celeb_DF,1,1.0,0.98779296875
s_002958,tensor(0),Celeb_DF,1,1.0,0.97802734375
s_002958,tensor(0),Celeb_DF,1,1.0,0.96630859375
s_002961,tensor(0),Celeb_DF,1,1.0,0.8896484375
s_002961,tensor(0),Celeb_DF,1,1.0,0.97021484375
s_002961,tensor(0),Celeb_DF,1,1.0,0.9501953125
s_002961,tensor(0),Celeb_DF,1,1.0,0.97412109375
s_002987,tensor(0),Celeb_DF,1,1.0,0.96923828125
s_002987,tensor(0),Celeb_DF,1,1.0,0.94775390625
s_002987,tensor(0),Celeb_DF,1,1.0,0.9404296875
s_002987,tensor(0),Celeb_DF,1,1.0,0.9375
s_002996,tensor(0),Celeb_DF,1,1.0,0.97119140625
s_002996,tensor(0),Celeb_DF,1,1.0,0.982421875
s_002996,tensor(0),Celeb_DF,1,1.0,0.99169921875
s_003248,tensor(0),Celeb_DF,1,1.0,0.99853515625
s_003248,tensor(0),Celeb_DF,1,1.0,0.9970703125
s_003248,tensor(0),Celeb_DF,1,1.0,0.9970703125
s_014164,tensor(0),DeeperForensics,0,2.5033950805664062e-06,0.497314453125
s_014164,tensor(0),DeeperForensics,0,2.4437904357910156e-06,0.5849609375
s_014164,tensor(0),DeeperForensics,0,2.5033950805664062e-06,0.2093505859375
s_014165,tensor(0),DeeperForensics,0,2.8014183044433594e-06,0.3271484375
s_014165,tensor(0),DeeperForensics,0,2.4437904357910156e-06,0.380859375
s_014165,tensor(0),DeeperForensics,0,2.5033950805664062e-06,0.23583984375
s_014165,tensor(0),DeeperForensics,0,2.3245811462402344e-06,0.6708984375
s_014165,tensor(0),DeeperForensics,0,2.5033950805664062e-06,0.517578125
s_014165,tensor(0),DeeperForensics,0,2.5033950805664062e-06,0.51953125
s_014165,tensor(0),DeeperForensics,0,2.5033950805664062e-06,0.705078125
s_014165,tensor(0),DeeperForensics,0,2.682209014892578e-06,0.54052734375
s_014165,tensor(0),DeeperForensics,0,2.562999725341797e-06,0.25048828125
s_014165,tensor(0),DeeperForensics,0,2.86102294921875e-06,0.6357421875
s_014165,tensor(0),DeeperForensics,0,2.7418136596679688e-06,0.29638671875
s_014165,tensor(0),DeeperForensics,0,2.682209014892578e-06,0.10302734375
s_014165,tensor(0),DeeperForensics,0,2.4437904357910156e-06,0.29150390625
s_014165,tensor(0),DeeperForensics,0,2.384185791015625e-06,0.59619140625
s_014165,tensor(0),DeeperForensics,0,2.4437904357910156e-06,0.329345703125
s_014165,tensor(0),DeeperForensics,0,2.7418136596679688e-06,0.6171875
s_014165,tensor(0),DeeperForensics,0,2.7418136596679688e-06,0.5419921875
s_014165,tensor(0),DeeperForensics,0,2.682209014892578e-06,0.12359619140625
s_014165,tensor(0),DeeperForensics,0,2.562999725341797e-06,0.5703125
s_014165,tensor(0),DeeperForensics,0,2.6226043701171875e-06,0.59326171875
s_014165,tensor(0),DeeperForensics,0,2.6226043701171875e-06,0.2490234375
s_014165,tensor(0),DeeperForensics,0,2.3245811462402344e-06,0.70947265625
s_014165,tensor(0),DeeperForensics,0,2.562999725341797e-06,0.371337890625
s_014165,tensor(0),DeeperForensics,0,2.6226043701171875e-06,0.69384765625
s_014165,tensor(0),DeeperForensics,0,2.562999725341797e-06,0.66552734375
s_014165,tensor(0),DeeperForensics,0,2.6226043701171875e-06,0.432861328125
s_014165,tensor(0),DeeperForensics,0,2.5033950805664062e-06,0.51416015625
s_014165,tensor(0),DeeperForensics,0,2.7418136596679688e-06,0.3173828125
s_014165,tensor(0),DeeperForensics,0,2.6226043701171875e-06,0.6923828125
s_014165,tensor(0),DeeperForensics,0,2.2649765014648438e-06,0.71142578125
s_014165,tensor(0),DeeperForensics,0,2.4437904357910156e-06,0.400146484375
s_014165,tensor(0),DeeperForensics,0,2.5033950805664062e-06,0.3173828125
s_014165,tensor(0),DeeperForensics,0,2.3245811462402344e-06,0.76708984375
s_014165,tensor(0),DeeperForensics,0,2.5033950805664062e-06,0.69873046875
s_014165,tensor(0),DeeperForensics,0,2.562999725341797e-06,0.367431640625
s_014165,tensor(0),DeeperForensics,0,2.4437904357910156e-06,0.63916015625
s_014165,tensor(0),DeeperForensics,0,2.4437904357910156e-06,0.71923828125
s_014165,tensor(0),DeeperForensics,0,2.562999725341797e-06,0.3193359375
s_014165,tensor(0),DeeperForensics,0,2.6226043701171875e-06,0.5244140625
s_014165,tensor(0),DeeperForensics,0,2.6226043701171875e-06,0.646484375
s_014165,tensor(0),DeeperForensics,0,2.5033950805664062e-06,0.50390625
s_014165,tensor(0),DeeperForensics,0,2.562999725341797e-06,0.333251953125
s_014193,tensor(0),DeeperForensics,0,2.5033950805664062e-06,0.61767578125
s_014197,tensor(0),DeeperForensics,0,2.2649765014648438e-06,0.53857421875
s_014200,tensor(0),DeeperForensics,0,2.384185791015625e-06,0.615234375
s_014201,tensor(0),DeeperForensics,0,2.2649765014648438e-06,0.642578125
s_014217,tensor(0),DeeperForensics,0,2.3245811462402344e-06,0.79833984375
s_014217,tensor(0),DeeperForensics,0,2.4437904357910156e-06,0.80322265625
s_014218,tensor(0),DeeperForensics,0,2.2649765014648438e-06,0.43115234375
s_014218,tensor(0),DeeperForensics,0,2.2649765014648438e-06,0.4775390625
s_014246,tensor(0),DeeperForensics,0,2.3245811462402344e-06,0.386474609375
s_014251,tensor(0),DeeperForensics,0,3.159046173095703e-06,0.765625
s_014255,tensor(0),DeeperForensics,0,2.9206275939941406e-06,0.229248046875
s_014265,tensor(0),DeeperForensics,0,2.5033950805664062e-06,0.595703125
s_014267,tensor(0),DeeperForensics,0,2.3245811462402344e-06,0.436767578125
s_014267,tensor(0),DeeperForensics,0,2.3245811462402344e-06,0.47509765625
s_014282,tensor(0),DeeperForensics,0,2.205371856689453e-06,0.533203125
s_014295,tensor(0),DeeperForensics,0,2.205371856689453e-06,0.36328125
s_014299,tensor(0),DeeperForensics,0,2.3245811462402344e-06,0.4384765625
s_014305,tensor(0),DeeperForensics,0,2.384185791015625e-06,0.40087890625
s_014305,tensor(0),DeeperForensics,0,2.4437904357910156e-06,0.63037109375
s_025173,tensor(0),DeeperForensics,0,2.5033950805664062e-06,0.53369140625
s_025173,tensor(0),DeeperForensics,0,2.4437904357910156e-06,0.323974609375
s_025175,tensor(0),DeeperForensics,0,2.2649765014648438e-06,0.2354736328125
s_025175,tensor(0),DeeperForensics,0,2.2649765014648438e-06,0.2139892578125
s_025193,tensor(0),DeeperForensics,0,2.384185791015625e-06,0.5126953125
s_025193,tensor(0),DeeperForensics,0,2.3245811462402344e-06,0.5009765625
s_025195,tensor(0),DeeperForensics,0,2.3245811462402344e-06,0.599609375
s_025195,tensor(0),DeeperForensics,0,2.3245811462402344e-06,0.57861328125
s_025200,tensor(0),DeeperForensics,0,2.384185791015625e-06,0.51123046875
s_025200,tensor(0),DeeperForensics,0,2.3245811462402344e-06,0.56787109375
s_025208,tensor(0),DeeperForensics,0,2.562999725341797e-06,0.65185546875
s_025208,tensor(0),DeeperForensics,0,2.3245811462402344e-06,0.33251953125
s_025208,tensor(0),DeeperForensics,0,2.384185791015625e-06,0.6474609375
s_025211,tensor(0),DeeperForensics,0,2.384185791015625e-06,0.3974609375
s_025211,tensor(0),DeeperForensics,0,2.3245811462402344e-06,0.5751953125
s_025211,tensor(0),DeeperForensics,0,2.384185791015625e-06,0.40087890625
s_025243,tensor(0),DeeperForensics,0,2.2649765014648438e-06,0.308349609375
s_025251,tensor(0),DeeperForensics,0,2.4437904357910156e-06,0.357177734375
s_025251,tensor(0),DeeperForensics,0,2.3245811462402344e-06,0.434814453125
s_025258,tensor(0),DeeperForensics,0,2.2649765014648438e-06,0.39208984375
s_025274,tensor(0),DeeperForensics,0,2.384185791015625e-06,0.20556640625
s_025274,tensor(0),DeeperForensics,0,2.4437904357910156e-06,0.2509765625
s_025279,tensor(0),DeeperForensics,0,2.3245811462402344e-06,0.270263671875
s_025279,tensor(0),DeeperForensics,0,2.3245811462402344e-06,0.435791015625
s_025280,tensor(0),DeeperForensics,0,2.205371856689453e-06,0.226806640625
s_025280,tensor(0),DeeperForensics,0,2.3245811462402344e-06,0.162109375
s_025312,tensor(0),DeeperForensics,0,2.86102294921875e-06,0.58056640625
s_025333,tensor(0),DeeperForensics,0,2.2649765014648438e-06,0.609375
s_025347,tensor(0),DeeperForensics,0,2.2649765014648438e-06,0.60302734375
s_025350,tensor(0),DeeperForensics,0,2.5033950805664062e-06,0.412841796875
s_025351,tensor(0),DeeperForensics,0,2.384185791015625e-06,0.63818359375
s_025371,tensor(0),DeeperForensics,0,2.6226043701171875e-06,0.1982421875
s_025376,tensor(0),DeeperForensics,0,2.5033950805664062e-06,0.181640625
s_025389,tensor(0),DeeperForensics,0,2.4437904357910156e-06,0.28515625
s_025415,tensor(0),DeeperForensics,0,3.159046173095703e-06,0.1639404296875
s_025415,tensor(0),DeeperForensics,0,2.562999725341797e-06,0.10992431640625
s_025428,tensor(0),DeeperForensics,0,2.682209014892578e-06,0.3232421875
s_025428,tensor(0),DeeperForensics,0,2.562999725341797e-06,0.40185546875
s_025435,tensor(0),DeeperForensics,0,2.562999725341797e-06,0.70361328125
s_025435,tensor(0),DeeperForensics,0,2.5033950805664062e-06,0.53662109375
s_025438,tensor(0),DeeperForensics,0,2.384185791015625e-06,0.462158203125
s_025438,tensor(0),DeeperForensics,0,2.3245811462402344e-06,0.61572265625
s_025478,tensor(0),DeeperForensics,0,2.5033950805664062e-06,0.2239990234375
s_025489,tensor(0),DeeperForensics,0,2.3245811462402344e-06,0.3095703125
s_025489,tensor(0),DeeperForensics,0,2.384185791015625e-06,0.47412109375
s_025490,tensor(0),DeeperForensics,0,2.8014183044433594e-06,0.34130859375
s_025490,tensor(0),DeeperForensics,0,2.682209014892578e-06,0.219482421875
s_025511,tensor(0),DeeperForensics,0,2.7418136596679688e-06,0.171630859375
s_025527,tensor(0),DeeperForensics,0,2.8014183044433594e-06,0.2646484375
s_025527,tensor(0),DeeperForensics,0,2.6226043701171875e-06,0.3759765625
s_025530,tensor(0),DeeperForensics,0,3.337860107421875e-06,0.748046875
s_025530,tensor(0),DeeperForensics,0,2.9206275939941406e-06,0.66943359375
s_025532,tensor(0),DeeperForensics,0,2.4437904357910156e-06,0.1376953125
s_025532,tensor(0),DeeperForensics,0,2.4437904357910156e-06,0.12103271484375
s_025550,tensor(0),DeeperForensics,0,2.3245811462402344e-06,0.439208984375
s_025585,tensor(0),DeeperForensics,0,2.4437904357910156e-06,0.54833984375
s_025603,tensor(0),DeeperForensics,0,2.2649765014648438e-06,0.35693359375
s_025603,tensor(0),DeeperForensics,0,2.384185791015625e-06,0.364501953125
s_025608,tensor(0),DeeperForensics,0,2.562999725341797e-06,0.5693359375
s_025611,tensor(0),DeeperForensics,0,2.4437904357910156e-06,0.22509765625
s_025656,tensor(0),DeeperForensics,0,2.9206275939941406e-06,0.611328125
s_025656,tensor(0),DeeperForensics,0,2.86102294921875e-06,0.6767578125
s_025658,tensor(0),DeeperForensics,0,2.384185791015625e-06,0.192138671875
s_025658,tensor(0),DeeperForensics,0,2.4437904357910156e-06,0.2138671875
s_068182,tensor(0),FaceForensics++,1,1.0,0.97998046875
s_068182,tensor(0),FaceForensics++,1,1.0,0.970703125
s_068182,tensor(0),FaceForensics++,1,1.0,0.986328125
s_068182,tensor(0),FaceForensics++,1,1.0,0.9833984375
s_068221,tensor(0),FaceForensics++,1,1.0,0.998046875
s_068221,tensor(0),FaceForensics++,1,1.0,0.9970703125
s_068221,tensor(0),FaceForensics++,1,1.0,0.9970703125
s_068228,tensor(0),FaceForensics++,1,1.0,0.99853515625
s_068228,tensor(0),FaceForensics++,1,1.0,0.998046875
s_068228,tensor(0),FaceForensics++,1,1.0,0.99755859375
s_068284,tensor(0),FaceForensics++,1,1.0,0.84375
s_068284,tensor(2),FaceForensics++,1,1.0,0.93994140625
s_068299,tensor(0),FaceForensics++,1,1.0,0.99365234375
s_068299,tensor(0),FaceForensics++,1,1.0,0.99609375
s_068299,tensor(0),FaceForensics++,1,1.0,0.99609375
s_068299,tensor(0),FaceForensics++,1,1.0,0.99609375
s_068309,tensor(0),FaceForensics++,1,1.0,0.9892578125
s_068310,tensor(0),FaceForensics++,1,1.0,0.99072265625
s_068310,tensor(0),FaceForensics++,1,1.0,0.9716796875
s_068310,tensor(0),FaceForensics++,1,1.0,0.99169921875
s_068310,tensor(0),FaceForensics++,1,1.0,0.98193359375
s_068310,tensor(0),FaceForensics++,1,1.0,0.966796875
s_068310,tensor(0),FaceForensics++,1,1.0,0.97412109375
s_068322,tensor(0),FaceForensics++,1,1.0,0.99267578125
s_068322,tensor(0),FaceForensics++,1,1.0,0.990234375
s_068322,tensor(0),FaceForensics++,1,1.0,0.98974609375
s_068322,tensor(0),FaceForensics++,1,1.0,0.994140625
s_068322,tensor(0),FaceForensics++,1,1.0,0.990234375
s_068343,tensor(0),FaceForensics++,1,1.0,0.994140625
s_068343,tensor(0),FaceForensics++,1,1.0,0.99462890625
s_068343,tensor(0),FaceForensics++,1,1.0,0.9912109375
s_068343,tensor(0),FaceForensics++,1,1.0,0.9912109375
s_068349,tensor(0),FaceForensics++,1,1.0,0.93310546875
s_068349,tensor(0),FaceForensics++,1,1.0,0.93212890625
s_068349,tensor(0),FaceForensics++,1,1.0,0.921875
s_068360,tensor(0),FaceForensics++,1,1.0,0.99951171875
s_068360,tensor(0),FaceForensics++,1,1.0,0.9990234375
s_068360,tensor(0),FaceForensics++,1,1.0,0.9990234375
s_068385,tensor(0),FaceForensics++,1,1.0,0.99951171875
s_068385,tensor(0),FaceForensics++,1,1.0,0.99951171875
s_068385,tensor(0),FaceForensics++,1,1.0,0.99951171875
s_068394,tensor(0),FaceForensics++,1,1.0,0.97509765625
s_068394,tensor(0),FaceForensics++,1,1.0,0.962890625
s_068394,tensor(0),FaceForensics++,1,1.0,0.98095703125
s_068394,tensor(0),FaceForensics++,1,1.0,0.98388671875
s_068395,tensor(1),FaceForensics++,1,1.0,0.031494140625
s_068414,tensor(0),FaceForensics++,1,1.0,0.98486328125
s_068414,tensor(0),FaceForensics++,1,1.0,0.9931640625
s_068414,tensor(0),FaceForensics++,1,1.0,0.98583984375
s_068418,tensor(0),FaceForensics++,1,1.0,0.91015625
s_068418,tensor(0),FaceForensics++,1,1.0,0.9150390625
s_068418,tensor(0),FaceForensics++,1,1.0,0.9404296875
s_068420,tensor(0),FaceForensics++,1,1.0,0.9921875
s_068420,tensor(0),FaceForensics++,1,1.0,0.99072265625
s_068420,tensor(0),FaceForensics++,1,1.0,0.994140625
s_068434,tensor(0),FaceForensics++,1,0.00020825862884521484,0.998046875
s_068434,tensor(0),FaceForensics++,1,0.0002613067626953125,0.99853515625
s_068434,tensor(0),FaceForensics++,1,0.00011324882507324219,0.998046875
s_068434,tensor(0),FaceForensics++,1,8.028745651245117e-05,0.99853515625
s_068435,tensor(0),FaceForensics++,1,1.0,0.99365234375
s_068436,tensor(0),FaceForensics++,1,1.0,0.9873046875
s_068436,tensor(0),FaceForensics++,1,1.0,0.98486328125
s_068445,tensor(0),FaceForensics++,1,1.0,0.97314453125
s_068445,tensor(0),FaceForensics++,1,1.0,0.96923828125
s_003248,tensor(0),Celeb_DF,1,1.0,0.9970703125
s_003269,tensor(1),Celeb_DF,1,1.0,0.9990234375
s_003269,tensor(1),Celeb_DF,1,1.0,0.99853515625
s_003269,tensor(1),Celeb_DF,1,1.0,0.998046875
s_003297,tensor(1),Celeb_DF,1,1.0,0.99951171875
s_003297,tensor(1),Celeb_DF,1,1.0,0.9990234375
s_003297,tensor(1),Celeb_DF,1,1.0,0.99755859375
s_003312,tensor(0),Celeb_DF,1,1.0,0.9921875
s_003312,tensor(0),Celeb_DF,1,1.0,0.99462890625
s_003363,tensor(1),Celeb_DF,1,1.0,0.9990234375
s_003363,tensor(1),Celeb_DF,1,1.0,0.99951171875
s_003363,tensor(1),Celeb_DF,1,1.0,0.99951171875
s_003390,tensor(1),Celeb_DF,1,1.0,0.9990234375
s_003390,tensor(1),Celeb_DF,1,1.0,0.9990234375
s_003390,tensor(1),Celeb_DF,1,1.0,0.99755859375
s_003426,tensor(0),Celeb_DF,1,1.0,0.99560546875
s_003426,tensor(0),Celeb_DF,1,1.0,0.998046875
s_003426,tensor(0),Celeb_DF,1,1.0,0.99755859375
s_003426,tensor(0),Celeb_DF,1,1.0,0.9951171875
s_003453,tensor(0),Celeb_DF,1,1.0,0.994140625
s_003453,tensor(0),Celeb_DF,1,1.0,0.99755859375
s_003453,tensor(0),Celeb_DF,1,1.0,0.9970703125
s_003453,tensor(0),Celeb_DF,1,1.0,0.99169921875
s_003641,tensor(0),Celeb_DF,1,1.0,0.99853515625
s_003641,tensor(0),Celeb_DF,1,1.0,0.99658203125
s_003650,tensor(0),Celeb_DF,1,1.0,0.99853515625
s_003650,tensor(0),Celeb_DF,1,1.0,0.99755859375
s_003736,tensor(0),Celeb_DF,1,0.149658203125,4.1961669921875e-05
s_003736,tensor(1),Celeb_DF,1,1.0,0.9794921875
s_003736,tensor(0),Celeb_DF,1,0.1917724609375,3.5643577575683594e-05
s_003736,tensor(1),Celeb_DF,1,1.0,0.98681640625
s_003736,tensor(0),Celeb_DF,1,0.2208251953125,7.086992263793945e-05
s_003736,tensor(1),Celeb_DF,1,1.0,0.98583984375
s_003736,tensor(0),Celeb_DF,1,0.2578125,0.00014770030975341797
s_003736,tensor(1),Celeb_DF,1,1.0,0.99169921875
s_003789,tensor(0),Celeb_DF,1,0.1497802734375,4.1961669921875e-05
s_003789,tensor(1),Celeb_DF,1,1.0,0.982421875
s_003789,tensor(0),Celeb_DF,1,0.193603515625,3.5643577575683594e-05
s_003789,tensor(1),Celeb_DF,1,1.0,0.990234375
s_003789,tensor(0),Celeb_DF,1,0.22119140625,7.033348083496094e-05
s_003789,tensor(1),Celeb_DF,1,1.0,0.9833984375
s_003789,tensor(0),Celeb_DF,1,0.258056640625,0.00014770030975341797
s_003789,tensor(1),Celeb_DF,1,1.0,0.98583984375
s_003907,tensor(0),Celeb_DF,1,1.0,0.9921875
s_003907,tensor(0),Celeb_DF,1,1.0,0.9951171875
s_003907,tensor(0),Celeb_DF,1,1.0,0.99462890625
s_003907,tensor(0),Celeb_DF,1,1.0,0.99560546875
s_003984,tensor(0),Celeb_DF,1,1.0,0.99755859375
s_003984,tensor(0),Celeb_DF,1,1.0,0.9970703125
s_003984,tensor(0),Celeb_DF,1,1.0,0.99755859375
s_003984,tensor(0),Celeb_DF,1,1.0,0.99755859375
s_004025,tensor(0),Celeb_DF,1,1.0,0.98974609375
s_004025,tensor(0),Celeb_DF,1,1.0,0.99365234375
s_004025,tensor(0),Celeb_DF,1,1.0,0.98974609375
s_004027,tensor(0),Celeb_DF,1,1.0,0.998046875
s_004027,tensor(0),Celeb_DF,1,1.0,0.99658203125
s_004027,tensor(0),Celeb_DF,1,1.0,0.99609375
s_004027,tensor(0),Celeb_DF,1,1.0,0.998046875
s_004107,tensor(1),Celeb_DF,1,1.0,0.99853515625
s_004176,tensor(0),Celeb_DF,1,1.0,0.970703125
s_004176,tensor(0),Celeb_DF,1,1.0,0.98388671875
s_004176,tensor(0),Celeb_DF,1,1.0,0.98095703125
s_004186,tensor(0),Celeb_DF,1,1.0,0.98046875
s_004186,tensor(0),Celeb_DF,1,1.0,0.98193359375
s_014316,tensor(0),DeeperForensics,0,2.2649765014648438e-06,0.6904296875
s_014327,tensor(0),DeeperForensics,0,2.3245811462402344e-06,0.5498046875
s_014332,tensor(0),DeeperForensics,0,2.5033950805664062e-06,0.13232421875
s_014332,tensor(0),DeeperForensics,0,2.562999725341797e-06,0.1217041015625
s_014351,tensor(0),DeeperForensics,0,2.4437904357910156e-06,0.476806640625
s_014366,tensor(0),DeeperForensics,0,2.1457672119140625e-06,0.6357421875
s_014389,tensor(0),DeeperForensics,0,2.4437904357910156e-06,0.51513671875
s_014389,tensor(0),DeeperForensics,0,2.562999725341797e-06,0.493408203125
s_014397,tensor(0),DeeperForensics,0,2.4437904357910156e-06,0.474609375
s_014397,tensor(0),DeeperForensics,0,2.6226043701171875e-06,0.5771484375
s_014411,tensor(0),DeeperForensics,0,2.562999725341797e-06,0.66748046875
s_014412,tensor(0),DeeperForensics,0,2.3245811462402344e-06,0.697265625
s_014412,tensor(0),DeeperForensics,0,2.3245811462402344e-06,0.7216796875
s_014413,tensor(0),DeeperForensics,0,2.3245811462402344e-06,0.65283203125
s_014413,tensor(0),DeeperForensics,0,2.3245811462402344e-06,0.58251953125
s_014417,tensor(0),DeeperForensics,0,2.562999725341797e-06,0.53125
s_014417,tensor(0),DeeperForensics,0,2.384185791015625e-06,0.479248046875
s_014424,tensor(0),DeeperForensics,0,2.3245811462402344e-06,0.6669921875
s_014431,tensor(0),DeeperForensics,0,2.384185791015625e-06,0.490966796875
s_014431,tensor(0),DeeperForensics,0,2.3245811462402344e-06,0.58251953125
s_014437,tensor(0),DeeperForensics,0,2.3245811462402344e-06,0.3408203125
s_014440,tensor(0),DeeperForensics,0,2.7418136596679688e-06,0.68505859375
s_014452,tensor(0),DeeperForensics,0,2.384185791015625e-06,0.4287109375
s_014456,tensor(0),DeeperForensics,0,2.384185791015625e-06,0.57177734375
s_014456,tensor(0),DeeperForensics,0,2.682209014892578e-06,0.5947265625
s_014473,tensor(0),DeeperForensics,0,2.384185791015625e-06,0.42724609375
s_014503,tensor(0),DeeperForensics,0,2.5033950805664062e-06,0.67626953125
s_014520,tensor(0),DeeperForensics,0,2.4437904357910156e-06,0.6103515625
s_014520,tensor(0),DeeperForensics,0,2.6226043701171875e-06,0.6630859375
s_014552,tensor(0),DeeperForensics,0,2.6226043701171875e-06,0.81689453125
s_014553,tensor(0),DeeperForensics,0,2.4437904357910156e-06,0.68359375
s_014553,tensor(0),DeeperForensics,0,2.86102294921875e-06,0.779296875
s_014568,tensor(0),DeeperForensics,0,2.3245811462402344e-06,0.450439453125
s_014568,tensor(0),DeeperForensics,0,2.384185791015625e-06,0.432861328125
s_014568,tensor(0),DeeperForensics,0,2.2649765014648438e-06,0.4580078125
s_014577,tensor(0),DeeperForensics,0,2.3245811462402344e-06,0.36572265625
s_014585,tensor(0),DeeperForensics,0,2.4437904357910156e-06,0.65087890625
s_014585,tensor(0),DeeperForensics,0,2.4437904357910156e-06,0.493408203125
s_014586,tensor(0),DeeperForensics,0,2.5033950805664062e-06,0.845703125
s_014586,tensor(0),DeeperForensics,0,2.4437904357910156e-06,0.85107421875
s_014599,tensor(0),DeeperForensics,0,2.4437904357910156e-06,0.4404296875
s_014599,tensor(0),DeeperForensics,0,2.4437904357910156e-06,0.6015625
s_014611,tensor(0),DeeperForensics,0,2.3245811462402344e-06,0.68701171875
s_014621,tensor(0),DeeperForensics,0,2.562999725341797e-06,0.60888671875
s_014663,tensor(0),DeeperForensics,0,2.205371856689453e-06,0.73583984375
s_014687,tensor(0),DeeperForensics,0,2.5033950805664062e-06,0.66748046875
s_014704,tensor(0),DeeperForensics,0,2.384185791015625e-06,0.25439453125
s_014715,tensor(0),DeeperForensics,0,2.4437904357910156e-06,0.7412109375
s_014715,tensor(0),DeeperForensics,0,2.562999725341797e-06,0.79736328125
s_014716,tensor(0),DeeperForensics,0,2.4437904357910156e-06,0.82275390625
s_014716,tensor(0),DeeperForensics,0,2.562999725341797e-06,0.845703125
s_014739,tensor(0),DeeperForensics,0,2.6226043701171875e-06,0.433349609375
s_014762,tensor(0),DeeperForensics,0,2.5033950805664062e-06,0.623046875
s_014763,tensor(0),DeeperForensics,0,2.562999725341797e-06,0.64453125
s_014798,tensor(0),DeeperForensics,0,2.384185791015625e-06,0.5458984375
s_014822,tensor(0),DeeperForensics,0,2.3245811462402344e-06,0.492919921875
s_014829,tensor(0),DeeperForensics,0,2.4437904357910156e-06,0.0521240234375
s_014837,tensor(0),DeeperForensics,0,2.384185791015625e-06,0.428466796875
s_014850,tensor(0),DeeperForensics,0,2.86102294921875e-06,0.134033203125
s_014854,tensor(0),DeeperForensics,0,2.4437904357910156e-06,0.478515625
s_014871,tensor(0),DeeperForensics,0,2.6226043701171875e-06,0.372802734375
s_014898,tensor(0),DeeperForensics,0,2.2649765014648438e-06,0.427978515625
s_014905,tensor(0),DeeperForensics,0,7.3909759521484375e-06,0.77392578125
s_014914,tensor(0),DeeperForensics,0,2.3245811462402344e-06,0.393798828125
s_025659,tensor(0),DeeperForensics,0,2.384185791015625e-06,0.48193359375
s_025659,tensor(0),DeeperForensics,0,2.4437904357910156e-06,0.373291015625
s_025667,tensor(0),DeeperForensics,0,2.682209014892578e-06,0.1798095703125
s_025667,tensor(0),DeeperForensics,0,2.682209014892578e-06,0.380859375
s_025677,tensor(0),DeeperForensics,0,2.6226043701171875e-06,0.482421875
s_025690,tensor(0),DeeperForensics,0,2.5033950805664062e-06,0.32568359375
s_025690,tensor(0),DeeperForensics,0,2.3245811462402344e-06,0.443603515625
s_025693,tensor(0),DeeperForensics,0,2.4437904357910156e-06,0.188232421875
s_025693,tensor(0),DeeperForensics,0,2.4437904357910156e-06,0.293212890625
s_025701,tensor(0),DeeperForensics,0,2.562999725341797e-06,0.341796875
s_025701,tensor(0),DeeperForensics,0,2.5033950805664062e-06,0.30029296875
s_025728,tensor(0),DeeperForensics,0,2.3245811462402344e-06,0.28857421875
s_025728,tensor(0),DeeperForensics,0,2.5033950805664062e-06,0.375732421875
s_025756,tensor(0),DeeperForensics,0,2.3245811462402344e-06,0.182861328125
s_025756,tensor(0),DeeperForensics,0,2.384185791015625e-06,0.1591796875
s_025783,tensor(0),DeeperForensics,0,2.2649765014648438e-06,0.3955078125
s_025783,tensor(0),DeeperForensics,0,2.3245811462402344e-06,0.454345703125
s_025784,tensor(0),DeeperForensics,0,2.384185791015625e-06,0.18798828125
s_025784,tensor(0),DeeperForensics,0,2.384185791015625e-06,0.21142578125
s_025802,tensor(0),DeeperForensics,0,2.682209014892578e-06,0.63818359375
s_025802,tensor(0),DeeperForensics,0,3.039836883544922e-06,0.66455078125
s_025803,tensor(0),DeeperForensics,0,2.9206275939941406e-06,0.57568359375
s_025803,tensor(0),DeeperForensics,0,3.159046173095703e-06,0.7783203125
s_025824,tensor(0),DeeperForensics,0,2.86102294921875e-06,0.34423828125
s_025824,tensor(0),DeeperForensics,0,2.86102294921875e-06,0.3193359375
s_025839,tensor(0),DeeperForensics,0,2.4437904357910156e-06,0.1800537109375
s_025839,tensor(0),DeeperForensics,0,2.682209014892578e-06,0.38671875
s_025842,tensor(0),DeeperForensics,0,2.7418136596679688e-06,0.343994140625
s_025842,tensor(0),DeeperForensics,0,3.516674041748047e-06,0.43115234375
s_025842,tensor(0),DeeperForensics,0,3.0994415283203125e-06,0.2607421875
s_025848,tensor(0),DeeperForensics,0,2.682209014892578e-06,0.66455078125
s_025848,tensor(0),DeeperForensics,0,2.6226043701171875e-06,0.46533203125
s_025855,tensor(0),DeeperForensics,0,4.410743713378906e-06,0.6875
s_025855,tensor(0),DeeperForensics,0,5.4836273193359375e-06,0.697265625
s_025859,tensor(0),DeeperForensics,0,5.543231964111328e-06,0.61962890625
s_025859,tensor(0),DeeperForensics,0,4.0531158447265625e-06,0.75390625
s_025906,tensor(0),DeeperForensics,0,4.231929779052734e-06,0.249755859375
s_025906,tensor(0),DeeperForensics,0,4.947185516357422e-06,0.2117919921875
s_025911,tensor(0),DeeperForensics,0,3.6954879760742188e-06,0.349609375
s_025911,tensor(0),DeeperForensics,0,3.6954879760742188e-06,0.365966796875
s_025911,tensor(0),DeeperForensics,0,3.2186508178710938e-06,0.93408203125
s_025921,tensor(0),DeeperForensics,0,4.0531158447265625e-06,0.11962890625
s_025921,tensor(0),DeeperForensics,0,4.470348358154297e-06,0.493896484375
s_025921,tensor(0),DeeperForensics,0,3.7550926208496094e-06,0.267578125
s_025925,tensor(0),DeeperForensics,0,4.589557647705078e-06,0.2125244140625
s_025925,tensor(0),DeeperForensics,0,9.298324584960938e-06,0.455810546875
s_025929,tensor(0),DeeperForensics,0,4.589557647705078e-06,0.393798828125
s_025929,tensor(0),DeeperForensics,0,5.662441253662109e-06,0.61279296875
s_025950,tensor(0),DeeperForensics,0,3.635883331298828e-06,0.415771484375
s_025950,tensor(0),DeeperForensics,0,5.662441253662109e-06,0.4462890625
s_025957,tensor(0),DeeperForensics,0,4.112720489501953e-06,0.5771484375
s_025957,tensor(0),DeeperForensics,0,3.635883331298828e-06,0.60302734375
s_025957,tensor(0),DeeperForensics,0,3.159046173095703e-06,0.662109375
s_025982,tensor(0),DeeperForensics,0,2.9206275939941406e-06,0.03302001953125
s_025982,tensor(0),DeeperForensics,0,2.9802322387695312e-06,0.0755615234375
s_025992,tensor(0),DeeperForensics,0,4.112720489501953e-06,0.72314453125
s_025992,tensor(0),DeeperForensics,0,3.993511199951172e-06,0.7177734375
s_025994,tensor(0),DeeperForensics,0,2.384185791015625e-06,0.1517333984375
s_025994,tensor(0),DeeperForensics,0,2.4437904357910156e-06,0.1700439453125
s_026034,tensor(0),DeeperForensics,0,3.516674041748047e-06,0.50390625
s_026034,tensor(0),DeeperForensics,0,4.589557647705078e-06,0.5185546875
s_026062,tensor(0),DeeperForensics,0,3.337860107421875e-06,0.43212890625
s_026062,tensor(0),DeeperForensics,0,4.470348358154297e-06,0.4619140625
s_026062,tensor(0),DeeperForensics,0,4.410743713378906e-06,0.7001953125
s_068445,tensor(0),FaceForensics++,1,1.0,0.9853515625
s_068464,tensor(0),FaceForensics++,1,1.0,0.99658203125
s_068464,tensor(0),FaceForensics++,1,1.0,0.998046875
s_068464,tensor(0),FaceForensics++,1,1.0,0.99853515625
s_068464,tensor(0),FaceForensics++,1,1.0,0.99365234375
s_068464,tensor(0),FaceForensics++,1,1.0,0.99267578125
s_068464,tensor(0),FaceForensics++,1,1.0,0.9951171875
s_068493,tensor(0),FaceForensics++,1,0.000293731689453125,0.9970703125
s_068493,tensor(0),FaceForensics++,1,0.0003249645233154297,0.99658203125
s_068493,tensor(0),FaceForensics++,1,0.00028252601623535156,0.9990234375
s_068506,tensor(0),FaceForensics++,1,1.0,0.9921875
s_068506,tensor(0),FaceForensics++,1,1.0,0.986328125
s_068506,tensor(0),FaceForensics++,1,1.0,0.98779296875
s_068506,tensor(0),FaceForensics++,1,1.0,0.984375
s_068506,tensor(0),FaceForensics++,1,1.0,0.9921875
s_068512,tensor(0),FaceForensics++,1,1.0,0.69482421875
s_068512,tensor(0),FaceForensics++,1,1.0,0.806640625
s_068512,tensor(0),FaceForensics++,1,0.990234375,0.97265625
s_068512,tensor(0),FaceForensics++,1,1.0,0.9755859375
s_068522,tensor(0),FaceForensics++,1,1.0,0.9580078125
s_068523,tensor(0),FaceForensics++,1,1.0,0.99755859375
s_068550,tensor(2),FaceForensics++,1,0.99951171875,0.86279296875
s_068572,tensor(0),FaceForensics++,1,0.04486083984375,0.91455078125
s_068572,tensor(0),FaceForensics++,1,1.0,0.8330078125
s_068572,tensor(0),FaceForensics++,1,1.0,0.8837890625
s_068572,tensor(0),FaceForensics++,1,0.99951171875,0.9267578125
s_068574,tensor(0),FaceForensics++,1,1.0,0.98876953125
s_068574,tensor(0),FaceForensics++,1,1.0,0.99169921875
s_068574,tensor(0),FaceForensics++,1,1.0,0.9873046875
s_068580,tensor(0),FaceForensics++,1,1.0,0.9775390625
s_068580,tensor(0),FaceForensics++,1,1.0,0.9921875
s_068580,tensor(0),FaceForensics++,1,1.0,0.9951171875
s_068580,tensor(0),FaceForensics++,1,1.0,0.99267578125
s_068593,tensor(0),FaceForensics++,1,1.0,0.99462890625
s_068593,tensor(0),FaceForensics++,1,1.0,0.99755859375
s_068593,tensor(0),FaceForensics++,1,1.0,0.99609375
s_068609,tensor(0),FaceForensics++,1,1.0,0.99853515625
s_068609,tensor(0),FaceForensics++,1,1.0,0.998046875
s_068609,tensor(0),FaceForensics++,1,1.0,0.99755859375
s_068609,tensor(0),FaceForensics++,1,1.0,0.99853515625
s_068661,tensor(0),FaceForensics++,1,1.0,0.99853515625
s_068661,tensor(0),FaceForensics++,1,1.0,0.998046875
s_068661,tensor(0),FaceForensics++,1,1.0,0.9990234375
s_068662,tensor(1),FaceForensics++,1,1.0,0.962890625
s_068662,tensor(1),FaceForensics++,1,1.0,0.9248046875
s_068662,tensor(1),FaceForensics++,1,1.0,0.97412109375
s_068727,tensor(0),FaceForensics++,1,1.0,0.994140625
s_068727,tensor(0),FaceForensics++,1,1.0,0.99462890625
s_068727,tensor(0),FaceForensics++,1,0.99951171875,0.99658203125
s_068727,tensor(0),FaceForensics++,1,1.0,0.9912109375
s_068727,tensor(0),FaceForensics++,1,1.0,0.990234375
s_068732,tensor(0),FaceForensics++,1,1.0,0.994140625
s_068732,tensor(0),FaceForensics++,1,1.0,0.99560546875
s_068732,tensor(0),FaceForensics++,1,1.0,0.99365234375
s_068732,tensor(0),FaceForensics++,1,1.0,0.98486328125
s_068732,tensor(0),FaceForensics++,1,1.0,0.9951171875
s_068759,tensor(0),FaceForensics++,1,1.0,0.97216796875
s_068759,tensor(0),FaceForensics++,1,1.0,0.98681640625
s_068759,tensor(0),FaceForensics++,1,1.0,0.9873046875
s_068790,tensor(0),FaceForensics++,1,1.0,0.99462890625
s_068790,tensor(0),FaceForensics++,1,1.0,0.99267578125
s_068790,tensor(0),FaceForensics++,1,1.0,0.99658203125
s_068790,tensor(0),FaceForensics++,1,1.0,0.994140625
s_068790,tensor(0),FaceForensics++,1,1.0,0.99658203125
s_004186,tensor(0),Celeb_DF,1,1.0,0.9765625
s_004215,tensor(0),Celeb_DF,1,1.0,0.99658203125
s_004215,tensor(0),Celeb_DF,1,1.0,0.9931640625
s_004215,tensor(0),Celeb_DF,1,1.0,0.9951171875
s_004237,tensor(0),Celeb_DF,1,1.0,0.990234375
s_004237,tensor(0),Celeb_DF,1,1.0,0.97021484375
s_004237,tensor(0),Celeb_DF,1,1.0,0.98583984375
s_004237,tensor(0),Celeb_DF,1,1.0,0.9921875
s_004237,tensor(0),Celeb_DF,1,1.0,0.984375
s_004238,tensor(0),Celeb_DF,1,1.0,0.99267578125
s_004238,tensor(0),Celeb_DF,1,1.0,0.9990234375
s_004238,tensor(0),Celeb_DF,1,1.0,0.99609375
s_004238,tensor(0),Celeb_DF,1,1.0,0.9970703125
s_004257,tensor(0),Celeb_DF,1,1.0,0.9990234375
s_004257,tensor(0),Celeb_DF,1,1.0,0.9990234375
s_004273,tensor(0),Celeb_DF,1,1.0,0.9873046875
s_004273,tensor(0),Celeb_DF,1,1.0,0.99755859375
s_004273,tensor(0),Celeb_DF,1,1.0,0.98974609375
s_004273,tensor(0),Celeb_DF,1,1.0,0.99169921875
s_004281,tensor(0),Celeb_DF,1,1.0,0.97900390625
s_004281,tensor(0),Celeb_DF,1,1.0,0.99755859375
s_004281,tensor(0),Celeb_DF,1,1.0,0.9970703125
s_004281,tensor(0),Celeb_DF,1,1.0,0.99462890625
s_004297,tensor(0),Celeb_DF,1,1.0,0.9970703125
s_004297,tensor(0),Celeb_DF,1,1.0,0.9853515625
s_004297,tensor(0),Celeb_DF,1,1.0,0.98193359375
s_004297,tensor(0),Celeb_DF,1,1.0,0.990234375
s_004298,tensor(0),Celeb_DF,1,1.0,0.994140625
s_004298,tensor(0),Celeb_DF,1,1.0,0.99169921875
s_004302,tensor(0),Celeb_DF,1,1.0,0.99072265625
s_004309,tensor(0),Celeb_DF,1,1.0,0.998046875
s_004309,tensor(0),Celeb_DF,1,1.0,0.99853515625
s_004309,tensor(0),Celeb_DF,1,1.0,0.99853515625
s_004309,tensor(0),Celeb_DF,1,1.0,0.9931640625
s_004318,tensor(0),Celeb_DF,1,1.0,0.9521484375
s_004318,tensor(0),Celeb_DF,1,1.0,0.8798828125
s_004318,tensor(0),Celeb_DF,1,1.0,0.96435546875
s_004318,tensor(0),Celeb_DF,1,1.0,0.978515625
s_004318,tensor(0),Celeb_DF,1,1.0,0.96240234375
s_004325,tensor(0),Celeb_DF,1,1.0,0.98046875
s_004325,tensor(0),Celeb_DF,1,1.0,0.962890625
s_004325,tensor(0),Celeb_DF,1,1.0,0.96533203125
s_004326,tensor(0),Celeb_DF,1,1.0,0.99169921875
s_004326,tensor(0),Celeb_DF,1,1.0,0.9873046875
s_004326,tensor(0),Celeb_DF,1,1.0,0.974609375
s_004349,tensor(0),Celeb_DF,1,1.0,0.98876953125
s_004349,tensor(0),Celeb_DF,1,1.0,0.998046875
s_004349,tensor(0),Celeb_DF,1,1.0,0.99560546875
s_004349,tensor(0),Celeb_DF,1,1.0,0.9921875
s_004355,tensor(0),Celeb_DF,1,1.0,0.98828125
s_004369,tensor(0),Celeb_DF,1,1.0,0.98193359375
s_004369,tensor(0),Celeb_DF,1,1.0,0.99072265625
s_004369,tensor(0),Celeb_DF,1,1.0,0.9931640625
s_004369,tensor(0),Celeb_DF,1,1.0,0.9970703125
s_004369,tensor(0),Celeb_DF,1,1.0,0.98681640625
s_004372,tensor(0),Celeb_DF,1,1.0,0.99755859375
s_004372,tensor(0),Celeb_DF,1,1.0,0.9951171875
s_004372,tensor(0),Celeb_DF,1,1.0,0.9892578125
s_004372,tensor(0),Celeb_DF,1,1.0,0.98974609375
s_004373,tensor(0),Celeb_DF,1,1.0,0.99609375
s_004373,tensor(0),Celeb_DF,1,1.0,0.99609375
s_004376,tensor(0),Celeb_DF,1,1.0,0.99658203125
s_004376,tensor(0),Celeb_DF,1,1.0,0.9970703125
s_004378,tensor(0),Celeb_DF,1,1.0,0.98876953125
s_014918,tensor(0),DeeperForensics,0,2.5033950805664062e-06,0.4150390625
s_014927,tensor(0),DeeperForensics,0,2.086162567138672e-06,0.1583251953125
s_014928,tensor(0),DeeperForensics,0,2.1457672119140625e-06,0.2021484375
s_014931,tensor(0),DeeperForensics,0,2.384185791015625e-06,0.479248046875
s_014942,tensor(0),DeeperForensics,0,2.2649765014648438e-06,0.58935546875
s_014948,tensor(0),DeeperForensics,0,2.1457672119140625e-06,0.184814453125
s_014973,tensor(0),DeeperForensics,0,2.4437904357910156e-06,0.365966796875
s_014994,tensor(0),DeeperForensics,0,2.3245811462402344e-06,0.62548828125
s_015032,tensor(0),DeeperForensics,0,2.205371856689453e-06,0.302490234375
s_015044,tensor(0),DeeperForensics,0,2.7418136596679688e-06,0.095703125
s_015130,tensor(0),DeeperForensics,0,2.5033950805664062e-06,0.07708740234375
s_015138,tensor(0),DeeperForensics,0,2.562999725341797e-06,0.2496337890625
s_015148,tensor(0),DeeperForensics,0,2.3245811462402344e-06,0.5888671875
s_015158,tensor(0),DeeperForensics,0,2.384185791015625e-06,0.114990234375
s_015169,tensor(0),DeeperForensics,0,2.205371856689453e-06,0.278076171875
s_015186,tensor(0),DeeperForensics,0,2.5033950805664062e-06,0.20751953125
s_015186,tensor(0),DeeperForensics,0,2.5033950805664062e-06,0.1456298828125
s_015186,tensor(0),DeeperForensics,0,2.5033950805664062e-06,0.1915283203125
s_015186,tensor(0),DeeperForensics,0,2.4437904357910156e-06,0.1766357421875
s_015186,tensor(0),DeeperForensics,0,2.3245811462402344e-06,0.185546875
s_015186,tensor(0),DeeperForensics,0,2.5033950805664062e-06,0.255615234375
s_015186,tensor(0),DeeperForensics,0,2.5033950805664062e-06,0.2626953125
s_015186,tensor(0),DeeperForensics,0,2.4437904357910156e-06,0.2301025390625
s_015186,tensor(0),DeeperForensics,0,2.562999725341797e-06,0.31005859375
s_015186,tensor(0),DeeperForensics,0,2.3245811462402344e-06,0.24072265625
s_015186,tensor(0),DeeperForensics,0,2.3245811462402344e-06,0.292724609375
s_015186,tensor(0),DeeperForensics,0,2.6226043701171875e-06,0.1810302734375
s_015186,tensor(0),DeeperForensics,0,2.562999725341797e-06,0.13330078125
s_015186,tensor(0),DeeperForensics,0,2.4437904357910156e-06,0.1790771484375
s_015186,tensor(0),DeeperForensics,0,2.4437904357910156e-06,0.34912109375
s_015186,tensor(0),DeeperForensics,0,2.4437904357910156e-06,0.2147216796875
s_015186,tensor(0),DeeperForensics,0,2.384185791015625e-06,0.3720703125
s_015186,tensor(0),DeeperForensics,0,2.384185791015625e-06,0.29296875
s_015186,tensor(0),DeeperForensics,0,2.5033950805664062e-06,0.2247314453125
s_015186,tensor(0),DeeperForensics,0,2.4437904357910156e-06,0.1820068359375
s_015186,tensor(0),DeeperForensics,0,2.562999725341797e-06,0.2042236328125
s_015186,tensor(0),DeeperForensics,0,2.5033950805664062e-06,0.224609375
s_015186,tensor(0),DeeperForensics,0,2.4437904357910156e-06,0.19873046875
s_015186,tensor(0),DeeperForensics,0,2.5033950805664062e-06,0.39794921875
s_015186,tensor(0),DeeperForensics,0,2.5033950805664062e-06,0.2073974609375
s_015186,tensor(0),DeeperForensics,0,2.384185791015625e-06,0.1781005859375
s_015186,tensor(0),DeeperForensics,0,2.5033950805664062e-06,0.165771484375
s_015186,tensor(0),DeeperForensics,0,2.562999725341797e-06,0.1607666015625
s_015186,tensor(0),DeeperForensics,0,2.5033950805664062e-06,0.347900390625
s_015186,tensor(0),DeeperForensics,0,2.5033950805664062e-06,0.34375
s_015186,tensor(0),DeeperForensics,0,2.562999725341797e-06,0.159423828125
s_015186,tensor(0),DeeperForensics,0,2.562999725341797e-06,0.15625
s_015186,tensor(0),DeeperForensics,0,2.5033950805664062e-06,0.375732421875
s_015186,tensor(0),DeeperForensics,0,2.562999725341797e-06,0.1822509765625
s_015186,tensor(0),DeeperForensics,0,2.5033950805664062e-06,0.1815185546875
s_015186,tensor(0),DeeperForensics,0,2.5033950805664062e-06,0.1373291015625
s_015186,tensor(0),DeeperForensics,0,2.4437904357910156e-06,0.1484375
s_015186,tensor(0),DeeperForensics,0,2.4437904357910156e-06,0.3603515625
s_015186,tensor(0),DeeperForensics,0,2.6226043701171875e-06,0.140869140625
s_015186,tensor(0),DeeperForensics,0,2.562999725341797e-06,0.2705078125
s_015186,tensor(0),DeeperForensics,0,2.562999725341797e-06,0.131103515625
s_015186,tensor(0),DeeperForensics,0,2.5033950805664062e-06,0.11553955078125
s_015186,tensor(0),DeeperForensics,0,2.5033950805664062e-06,0.20556640625
s_015186,tensor(0),DeeperForensics,0,2.5033950805664062e-06,0.1934814453125
s_015186,tensor(0),DeeperForensics,0,2.562999725341797e-06,0.1480712890625
s_015186,tensor(0),DeeperForensics,0,2.562999725341797e-06,0.27392578125
s_015186,tensor(0),DeeperForensics,0,2.5033950805664062e-06,0.1583251953125
s_015186,tensor(0),DeeperForensics,0,2.5033950805664062e-06,0.259033203125
s_015186,tensor(0),DeeperForensics,0,2.562999725341797e-06,0.1385498046875
s_026062,tensor(0),DeeperForensics,0,3.933906555175781e-06,0.68701171875
s_026071,tensor(0),DeeperForensics,0,2.682209014892578e-06,0.0823974609375
s_026071,tensor(0),DeeperForensics,0,2.562999725341797e-06,0.1307373046875
s_026071,tensor(0),DeeperForensics,0,2.3245811462402344e-06,0.06927490234375
s_026072,tensor(0),DeeperForensics,0,2.7418136596679688e-06,0.12066650390625
s_026072,tensor(0),DeeperForensics,0,2.86102294921875e-06,0.1773681640625
s_026072,tensor(0),DeeperForensics,0,2.7418136596679688e-06,0.11102294921875
s_026077,tensor(0),DeeperForensics,0,4.0531158447265625e-06,0.7109375
s_026101,tensor(0),DeeperForensics,0,2.9206275939941406e-06,0.1998291015625
s_026101,tensor(0),DeeperForensics,0,2.86102294921875e-06,0.2352294921875
s_026103,tensor(0),DeeperForensics,0,2.86102294921875e-06,0.41455078125
s_026103,tensor(0),DeeperForensics,0,2.6226043701171875e-06,0.43603515625
s_026141,tensor(0),DeeperForensics,0,2.682209014892578e-06,0.1776123046875
s_026141,tensor(0),DeeperForensics,0,2.6226043701171875e-06,0.1773681640625
s_026157,tensor(0),DeeperForensics,0,3.039836883544922e-06,0.218505859375
s_026157,tensor(0),DeeperForensics,0,2.86102294921875e-06,0.5693359375
s_026168,tensor(0),DeeperForensics,0,2.6226043701171875e-06,0.67529296875
s_026168,tensor(0),DeeperForensics,0,2.562999725341797e-06,0.64306640625
s_026175,tensor(0),DeeperForensics,0,2.7418136596679688e-06,0.39697265625
s_026175,tensor(0),DeeperForensics,0,2.7418136596679688e-06,0.55712890625
s_026175,tensor(0),DeeperForensics,0,2.7418136596679688e-06,0.6396484375
s_026180,tensor(0),DeeperForensics,0,2.7418136596679688e-06,0.25390625
s_026180,tensor(0),DeeperForensics,0,2.6226043701171875e-06,0.282470703125
s_026190,tensor(0),DeeperForensics,0,2.384185791015625e-06,0.262939453125
s_026190,tensor(0),DeeperForensics,0,2.682209014892578e-06,0.35791015625
s_026190,tensor(0),DeeperForensics,0,2.5033950805664062e-06,0.2137451171875
s_026198,tensor(0),DeeperForensics,0,2.4437904357910156e-06,0.09857177734375
s_026213,tensor(0),DeeperForensics,0,2.682209014892578e-06,0.1912841796875
s_026213,tensor(0),DeeperForensics,0,2.5033950805664062e-06,0.1512451171875
s_026231,tensor(0),DeeperForensics,0,2.8014183044433594e-06,0.442138671875
s_026231,tensor(0),DeeperForensics,0,2.562999725341797e-06,0.332763671875
s_026231,tensor(0),DeeperForensics,0,2.562999725341797e-06,0.173583984375
s_026235,tensor(0),DeeperForensics,0,2.682209014892578e-06,0.1728515625
s_026235,tensor(0),DeeperForensics,0,2.5033950805664062e-06,0.259521484375
s_026237,tensor(0),DeeperForensics,0,3.039836883544922e-06,0.1993408203125
s_026237,tensor(0),DeeperForensics,0,2.7418136596679688e-06,0.19482421875
s_026237,tensor(0),DeeperForensics,0,2.86102294921875e-06,0.315185546875
s_026250,tensor(0),DeeperForensics,0,2.4437904357910156e-06,0.1905517578125
s_026250,tensor(0),DeeperForensics,0,2.5033950805664062e-06,0.09637451171875
s_026250,tensor(0),DeeperForensics,0,2.562999725341797e-06,0.092529296875
s_026250,tensor(0),DeeperForensics,0,2.6226043701171875e-06,0.1104736328125
s_026250,tensor(0),DeeperForensics,0,2.562999725341797e-06,0.1337890625
s_026250,tensor(0),DeeperForensics,0,2.86102294921875e-06,0.47607421875
s_026250,tensor(0),DeeperForensics,0,2.6226043701171875e-06,0.53173828125
s_026250,tensor(0),DeeperForensics,0,2.562999725341797e-06,0.276611328125
s_026250,tensor(0),DeeperForensics,0,2.4437904357910156e-06,0.245849609375
s_026250,tensor(0),DeeperForensics,0,2.384185791015625e-06,0.25390625
s_026250,tensor(0),DeeperForensics,0,2.4437904357910156e-06,0.61474609375
s_026250,tensor(0),DeeperForensics,0,2.5033950805664062e-06,0.46337890625
s_026250,tensor(0),DeeperForensics,0,2.384185791015625e-06,0.212890625
s_026250,tensor(0),DeeperForensics,0,2.4437904357910156e-06,0.2425537109375
s_026250,tensor(0),DeeperForensics,0,2.4437904357910156e-06,0.2381591796875
s_026250,tensor(0),DeeperForensics,0,2.5033950805664062e-06,0.1007080078125
s_026250,tensor(0),DeeperForensics,0,2.3245811462402344e-06,0.12188720703125
s_026250,tensor(0),DeeperForensics,0,2.5033950805664062e-06,0.35107421875
s_026250,tensor(0),DeeperForensics,0,2.6226043701171875e-06,0.42919921875
s_026250,tensor(0),DeeperForensics,0,2.384185791015625e-06,0.1551513671875
s_026250,tensor(0),DeeperForensics,0,2.5033950805664062e-06,0.364990234375
s_026250,tensor(0),DeeperForensics,0,2.5033950805664062e-06,0.2103271484375
s_026250,tensor(0),DeeperForensics,0,2.562999725341797e-06,0.3251953125
s_026250,tensor(0),DeeperForensics,0,2.5033950805664062e-06,0.263916015625
s_026250,tensor(0),DeeperForensics,0,2.6226043701171875e-06,0.11932373046875
s_026250,tensor(0),DeeperForensics,0,2.5033950805664062e-06,0.1798095703125
s_026250,tensor(0),DeeperForensics,0,2.384185791015625e-06,0.227294921875
s_068790,tensor(0),FaceForensics++,1,1.0,0.98828125
s_068799,tensor(0),FaceForensics++,1,1.0,0.98876953125
s_068799,tensor(0),FaceForensics++,1,1.0,0.98974609375
s_068799,tensor(0),FaceForensics++,1,1.0,0.99169921875
s_068814,tensor(0),FaceForensics++,1,0.0002269744873046875,0.994140625
s_068828,tensor(0),FaceForensics++,1,1.0,0.900390625
s_068828,tensor(0),FaceForensics++,1,1.0,0.86376953125
s_068828,tensor(0),FaceForensics++,1,1.0,0.91015625
s_068828,tensor(0),FaceForensics++,1,1.0,0.9150390625
s_068828,tensor(0),FaceForensics++,1,1.0,0.98974609375
s_068828,tensor(0),FaceForensics++,1,1.0,0.93798828125
s_068828,tensor(0),FaceForensics++,1,1.0,0.98583984375
s_068830,tensor(0),FaceForensics++,1,1.0,0.998046875
s_068830,tensor(0),FaceForensics++,1,1.0,0.99853515625
s_068830,tensor(0),FaceForensics++,1,1.0,0.9970703125
s_068830,tensor(0),FaceForensics++,1,1.0,0.99755859375
s_068830,tensor(0),FaceForensics++,1,1.0,0.9990234375
s_068836,tensor(0),FaceForensics++,1,1.0,0.9619140625
s_068836,tensor(0),FaceForensics++,1,1.0,0.98193359375
s_068836,tensor(0),FaceForensics++,1,1.0,0.98046875
s_068836,tensor(0),FaceForensics++,1,1.0,0.99072265625
s_068836,tensor(0),FaceForensics++,1,1.0,0.986328125
s_068863,tensor(0),FaceForensics++,1,1.0,0.9970703125
s_068889,tensor(0),FaceForensics++,1,1.0,0.998046875
s_068889,tensor(0),FaceForensics++,1,1.0,0.9970703125
s_068889,tensor(0),FaceForensics++,1,1.0,0.99609375
s_068889,tensor(0),FaceForensics++,1,1.0,0.99755859375
s_068901,tensor(0),FaceForensics++,1,1.0,0.99658203125
s_068901,tensor(0),FaceForensics++,1,1.0,0.998046875
s_068901,tensor(0),FaceForensics++,1,1.0,0.99755859375
s_068901,tensor(0),FaceForensics++,1,1.0,0.99755859375
s_068901,tensor(0),FaceForensics++,1,1.0,0.99755859375
s_068901,tensor(0),FaceForensics++,1,1.0,0.9990234375
s_068901,tensor(0),FaceForensics++,1,1.0,0.99755859375
s_068906,tensor(0),FaceForensics++,1,1.0,0.99462890625
s_068906,tensor(0),FaceForensics++,1,1.0,0.99560546875
s_068906,tensor(0),FaceForensics++,1,1.0,0.99560546875
s_068906,tensor(0),FaceForensics++,1,1.0,0.9970703125
s_068908,tensor(0),FaceForensics++,1,1.0,0.99560546875
s_068908,tensor(0),FaceForensics++,1,1.0,0.99755859375
s_068908,tensor(0),FaceForensics++,1,1.0,0.986328125
s_068921,tensor(0),FaceForensics++,1,1.0,0.98779296875
s_068921,tensor(0),FaceForensics++,1,1.0,0.98828125
s_068975,tensor(0),FaceForensics++,1,0.955078125,0.98876953125
s_068975,tensor(0),FaceForensics++,1,1.0,0.994140625
s_068991,tensor(0),FaceForensics++,1,1.0,0.98291015625
s_068991,tensor(0),FaceForensics++,1,1.0,0.98046875
s_068991,tensor(0),FaceForensics++,1,1.0,0.97509765625
s_068991,tensor(0),FaceForensics++,1,1.0,0.9697265625
s_069016,tensor(0),FaceForensics++,1,1.0,0.99951171875
s_069016,tensor(0),FaceForensics++,1,1.0,0.99951171875
s_069016,tensor(0),FaceForensics++,1,1.0,0.998046875
s_069032,tensor(0),FaceForensics++,1,1.0,0.9443359375
s_069032,tensor(0),FaceForensics++,1,1.0,0.95654296875
s_069032,tensor(0),FaceForensics++,1,1.0,0.9736328125
s_069032,tensor(0),FaceForensics++,1,1.0,0.97900390625
s_069032,tensor(0),FaceForensics++,1,1.0,0.830078125
s_069032,tensor(0),FaceForensics++,1,1.0,0.93701171875
s_069039,tensor(0),FaceForensics++,1,1.0,0.99951171875
s_069039,tensor(0),FaceForensics++,1,1.0,0.99951171875
s_069039,tensor(0),FaceForensics++,1,1.0,0.99951171875
s_069091,tensor(0),FaceForensics++,1,1.0,0.99755859375
s_069091,tensor(0),FaceForensics++,1,1.0,0.99755859375
s_069091,tensor(0),FaceForensics++,1,1.0,0.998046875
s_004378,tensor(0),Celeb_DF,1,1.0,0.99462890625
s_004378,tensor(0),Celeb_DF,1,1.0,0.9814453125
s_004470,tensor(0),Celeb_DF,1,1.0,0.99365234375
s_004470,tensor(0),Celeb_DF,1,1.0,0.98876953125
s_004470,tensor(0),Celeb_DF,1,1.0,0.982421875
s_004629,tensor(0),Celeb_DF,1,1.0,0.92822265625
s_004629,tensor(0),Celeb_DF,1,1.0,0.91259765625
s_004629,tensor(0),Celeb_DF,1,1.0,0.94287109375
s_004675,tensor(0),Celeb_DF,1,1.0,0.890625
s_004675,tensor(0),Celeb_DF,1,1.0,0.96484375
s_004675,tensor(0),Celeb_DF,1,1.0,0.97216796875
s_004681,tensor(0),Celeb_DF,1,1.0,0.94580078125
s_004681,tensor(0),Celeb_DF,1,1.0,0.96142578125
s_004681,tensor(0),Celeb_DF,1,1.0,0.9453125
s_004726,tensor(0),Celeb_DF,1,1.0,0.99609375
s_004754,tensor(0),Celeb_DF,1,1.0,0.9892578125
s_004794,tensor(0),Celeb_DF,1,1.0,0.9951171875
s_004794,tensor(0),Celeb_DF,1,1.0,0.9951171875
s_004794,tensor(0),Celeb_DF,1,1.0,0.99609375
s_004828,tensor(0),Celeb_DF,1,1.0,0.98046875
s_004828,tensor(0),Celeb_DF,1,1.0,0.98388671875
s_004828,tensor(0),Celeb_DF,1,1.0,0.9697265625
s_004868,tensor(0),Celeb_DF,1,1.0,0.96337890625
s_004868,tensor(0),Celeb_DF,1,1.0,0.974609375
s_004868,tensor(0),Celeb_DF,1,1.0,0.9560546875
s_004907,tensor(0),Celeb_DF,1,1.0,0.9423828125
s_004907,tensor(0),Celeb_DF,1,1.0,0.96337890625
s_004907,tensor(0),Celeb_DF,1,1.0,0.9228515625
s_004935,tensor(0),Celeb_DF,1,1.0,0.99267578125
s_004935,tensor(0),Celeb_DF,1,1.0,0.99072265625
s_004935,tensor(0),Celeb_DF,1,1.0,0.9931640625
s_005077,tensor(0),Celeb_DF,1,1.0,0.99365234375
s_005077,tensor(0),Celeb_DF,1,1.0,0.99365234375
s_005077,tensor(0),Celeb_DF,1,1.0,0.99462890625
s_005183,tensor(0),Celeb_DF,1,1.0,0.99951171875
s_005183,tensor(0),Celeb_DF,1,1.0,0.9990234375
s_005195,tensor(0),Celeb_DF,1,1.0,0.99267578125
s_005195,tensor(0),Celeb_DF,1,1.0,0.99560546875
s_005195,tensor(0),Celeb_DF,1,1.0,0.96142578125
s_005423,tensor(0),Celeb_DF,1,1.0,0.994140625
s_005423,tensor(0),Celeb_DF,1,1.0,0.99267578125
s_005423,tensor(0),Celeb_DF,1,1.0,0.9873046875
s_005453,tensor(0),Celeb_DF,1,1.0,0.994140625
s_005453,tensor(0),Celeb_DF,1,1.0,0.9951171875
s_005453,tensor(0),Celeb_DF,1,1.0,0.9931640625
s_005463,tensor(0),Celeb_DF,1,1.0,0.9853515625
s_005463,tensor(0),Celeb_DF,1,1.0,0.986328125
s_005463,tensor(0),Celeb_DF,1,1.0,0.9814453125
s_005504,tensor(0),Celeb_DF,1,1.0,0.8623046875
s_005504,tensor(0),Celeb_DF,1,1.0,0.9384765625
s_005504,tensor(0),Celeb_DF,1,1.0,0.75390625
s_005504,tensor(0),Celeb_DF,1,1.0,0.88427734375
s_005504,tensor(0),Celeb_DF,1,1.0,0.95849609375
s_005617,tensor(0),Celeb_DF,1,1.0,0.9736328125
s_005617,tensor(0),Celeb_DF,1,1.0,0.9423828125
s_005617,tensor(0),Celeb_DF,1,1.0,0.97705078125
s_005617,tensor(0),Celeb_DF,1,1.0,0.9892578125
s_005617,tensor(0),Celeb_DF,1,1.0,0.9873046875
s_005617,tensor(0),Celeb_DF,1,1.0,0.98291015625
s_005901,tensor(0),Celeb_DF,1,1.0,0.998046875
s_005901,tensor(0),Celeb_DF,1,1.0,0.9990234375
s_005901,tensor(0),Celeb_DF,1,1.0,0.998046875
s_005901,tensor(0),Celeb_DF,1,1.0,0.9990234375
s_005901,tensor(0),Celeb_DF,1,1.0,0.99560546875
s_015186,tensor(0),DeeperForensics,0,2.562999725341797e-06,0.194091796875
s_015186,tensor(0),DeeperForensics,0,2.5033950805664062e-06,0.252197265625
s_015186,tensor(0),DeeperForensics,0,2.4437904357910156e-06,0.304443359375
s_015186,tensor(0),DeeperForensics,0,2.5033950805664062e-06,0.1810302734375
s_015186,tensor(0),DeeperForensics,0,2.4437904357910156e-06,0.189208984375
s_015186,tensor(0),DeeperForensics,0,2.5033950805664062e-06,0.235595703125
s_015186,tensor(0),DeeperForensics,0,2.4437904357910156e-06,0.2027587890625
s_015186,tensor(0),DeeperForensics,0,2.562999725341797e-06,0.28955078125
s_015186,tensor(0),DeeperForensics,0,2.5033950805664062e-06,0.150634765625
s_015186,tensor(0),DeeperForensics,0,2.6226043701171875e-06,0.244140625
s_015215,tensor(0),DeeperForensics,0,2.4437904357910156e-06,0.5107421875
s_015256,tensor(0),DeeperForensics,0,2.5033950805664062e-06,0.243408203125
s_015289,tensor(0),DeeperForensics,0,2.562999725341797e-06,0.1461181640625
s_015302,tensor(0),DeeperForensics,0,3.5762786865234375e-06,0.392333984375
s_015306,tensor(0),DeeperForensics,0,2.9206275939941406e-06,0.58740234375
s_015312,tensor(0),DeeperForensics,0,2.384185791015625e-06,0.307861328125
s_015316,tensor(0),DeeperForensics,0,2.562999725341797e-06,0.55224609375
s_015327,tensor(0),DeeperForensics,0,2.5033950805664062e-06,0.67236328125
s_015404,tensor(0),DeeperForensics,0,2.6226043701171875e-06,0.31201171875
s_015425,tensor(0),DeeperForensics,0,2.5033950805664062e-06,0.43115234375
s_015430,tensor(0),DeeperForensics,0,2.9206275939941406e-06,0.9208984375
s_015431,tensor(0),DeeperForensics,0,2.4437904357910156e-06,0.173583984375
s_015446,tensor(0),DeeperForensics,0,2.562999725341797e-06,0.53271484375
s_015452,tensor(0),DeeperForensics,0,2.4437904357910156e-06,0.1341552734375
s_015452,tensor(0),DeeperForensics,0,2.4437904357910156e-06,0.222900390625
s_015512,tensor(0),DeeperForensics,0,2.2649765014648438e-06,0.320556640625
s_015543,tensor(0),DeeperForensics,0,2.4437904357910156e-06,0.23388671875
s_015552,tensor(0),DeeperForensics,0,2.6226043701171875e-06,0.5087890625
s_015563,tensor(0),DeeperForensics,0,2.5033950805664062e-06,0.63134765625
s_015576,tensor(0),DeeperForensics,0,2.8014183044433594e-06,0.642578125
s_015613,tensor(0),DeeperForensics,0,2.384185791015625e-06,0.296630859375
s_015614,tensor(0),DeeperForensics,0,2.7418136596679688e-06,0.34423828125
s_015655,tensor(0),DeeperForensics,0,2.5033950805664062e-06,0.2822265625
s_015703,tensor(0),DeeperForensics,0,2.6226043701171875e-06,0.72607421875
s_015722,tensor(0),DeeperForensics,0,2.562999725341797e-06,0.6484375
s_015733,tensor(0),DeeperForensics,0,2.6226043701171875e-06,0.75830078125
s_015761,tensor(0),DeeperForensics,0,2.86102294921875e-06,0.46826171875
s_015808,tensor(0),DeeperForensics,0,2.2649765014648438e-06,0.46142578125
s_015824,tensor(0),DeeperForensics,0,2.5033950805664062e-06,0.50732421875
s_015830,tensor(0),DeeperForensics,0,2.9206275939941406e-06,0.312744140625
s_015884,tensor(0),DeeperForensics,0,2.3245811462402344e-06,0.490966796875
s_015896,tensor(0),DeeperForensics,0,2.3245811462402344e-06,0.64111328125
s_015906,tensor(0),DeeperForensics,0,2.086162567138672e-06,0.6005859375
s_015908,tensor(0),DeeperForensics,0,2.384185791015625e-06,0.422607421875
s_015910,tensor(0),DeeperForensics,0,2.3245811462402344e-06,0.320556640625
s_015911,tensor(0),DeeperForensics,0,2.2649765014648438e-06,0.29443359375
s_015927,tensor(0),DeeperForensics,0,2.6226043701171875e-06,0.62451171875
s_015933,tensor(0),DeeperForensics,0,3.516674041748047e-06,0.80712890625
s_015938,tensor(0),DeeperForensics,0,2.3245811462402344e-06,0.6298828125
s_015950,tensor(0),DeeperForensics,0,2.3245811462402344e-06,0.392822265625
s_015977,tensor(0),DeeperForensics,0,2.2649765014648438e-06,0.2425537109375
s_015982,tensor(0),DeeperForensics,0,2.9206275939941406e-06,0.56201171875
s_015994,tensor(0),DeeperForensics,0,2.2649765014648438e-06,0.62158203125
s_016001,tensor(0),DeeperForensics,0,2.1457672119140625e-06,0.53857421875
s_016005,tensor(0),DeeperForensics,0,2.3245811462402344e-06,0.265869140625
s_016009,tensor(0),DeeperForensics,0,2.1457672119140625e-06,0.5390625
s_016044,tensor(0),DeeperForensics,0,2.205371856689453e-06,0.436767578125
s_016046,tensor(0),DeeperForensics,0,2.562999725341797e-06,0.5576171875
s_016047,tensor(0),DeeperForensics,0,2.205371856689453e-06,0.255615234375
s_016057,tensor(0),DeeperForensics,0,2.205371856689453e-06,0.426513671875
s_016060,tensor(0),DeeperForensics,0,2.5033950805664062e-06,0.642578125
s_016077,tensor(0),DeeperForensics,0,2.2649765014648438e-06,0.467529296875
s_016078,tensor(0),DeeperForensics,0,2.384185791015625e-06,0.229736328125
s_016081,tensor(0),DeeperForensics,0,2.3245811462402344e-06,0.4951171875
s_026250,tensor(0),DeeperForensics,0,2.5033950805664062e-06,0.330322265625
s_026250,tensor(0),DeeperForensics,0,2.562999725341797e-06,0.18603515625
s_026250,tensor(0),DeeperForensics,0,2.562999725341797e-06,0.244873046875
s_026250,tensor(0),DeeperForensics,0,2.2649765014648438e-06,0.2037353515625
s_026250,tensor(0),DeeperForensics,0,2.562999725341797e-06,0.313232421875
s_026250,tensor(0),DeeperForensics,0,2.562999725341797e-06,0.376220703125
s_026250,tensor(0),DeeperForensics,0,2.3245811462402344e-06,0.206787109375
s_026250,tensor(0),DeeperForensics,0,2.384185791015625e-06,0.290771484375
s_026250,tensor(0),DeeperForensics,0,2.562999725341797e-06,0.271240234375
s_026250,tensor(0),DeeperForensics,0,2.5033950805664062e-06,0.1346435546875
s_026250,tensor(0),DeeperForensics,0,2.4437904357910156e-06,0.314208984375
s_026250,tensor(0),DeeperForensics,0,2.5033950805664062e-06,0.20751953125
s_026250,tensor(0),DeeperForensics,0,2.4437904357910156e-06,0.40625
s_026250,tensor(0),DeeperForensics,0,2.562999725341797e-06,0.1490478515625
s_026250,tensor(0),DeeperForensics,0,2.5033950805664062e-06,0.1153564453125
s_026250,tensor(0),DeeperForensics,0,2.682209014892578e-06,0.2005615234375
s_026250,tensor(0),DeeperForensics,0,2.384185791015625e-06,0.34619140625
s_026250,tensor(0),DeeperForensics,0,2.5033950805664062e-06,0.14453125
s_026250,tensor(0),DeeperForensics,0,2.4437904357910156e-06,0.27392578125
s_026250,tensor(0),DeeperForensics,0,2.4437904357910156e-06,0.279052734375
s_026250,tensor(0),DeeperForensics,0,2.384185791015625e-06,0.1815185546875
s_026250,tensor(0),DeeperForensics,0,2.5033950805664062e-06,0.1724853515625
s_026250,tensor(0),DeeperForensics,0,2.562999725341797e-06,0.2451171875
s_026250,tensor(0),DeeperForensics,0,2.682209014892578e-06,0.193359375
s_026250,tensor(0),DeeperForensics,0,2.3245811462402344e-06,0.201171875
s_026250,tensor(0),DeeperForensics,0,2.6226043701171875e-06,0.317138671875
s_026250,tensor(0),DeeperForensics,0,2.562999725341797e-06,0.1695556640625
s_026250,tensor(0),DeeperForensics,0,2.682209014892578e-06,0.295654296875
s_026250,tensor(0),DeeperForensics,0,2.4437904357910156e-06,0.353759765625
s_026276,tensor(0),DeeperForensics,0,2.4437904357910156e-06,0.178955078125
s_026276,tensor(0),DeeperForensics,0,2.682209014892578e-06,0.132080078125
s_026276,tensor(0),DeeperForensics,0,2.6226043701171875e-06,0.206298828125
s_026276,tensor(0),DeeperForensics,0,2.562999725341797e-06,0.276611328125
s_026276,tensor(0),DeeperForensics,0,2.562999725341797e-06,0.4296875
s_026276,tensor(0),DeeperForensics,0,2.4437904357910156e-06,0.20556640625
s_026276,tensor(0),DeeperForensics,0,2.6226043701171875e-06,0.1746826171875
s_026276,tensor(0),DeeperForensics,0,2.384185791015625e-06,0.130859375
s_026276,tensor(0),DeeperForensics,0,2.4437904357910156e-06,0.1263427734375
s_026276,tensor(0),DeeperForensics,0,2.5033950805664062e-06,0.170654296875
s_026276,tensor(0),DeeperForensics,0,2.562999725341797e-06,0.137939453125
s_026276,tensor(0),DeeperForensics,0,2.5033950805664062e-06,0.1077880859375
s_026276,tensor(0),DeeperForensics,0,2.4437904357910156e-06,0.1614990234375
s_026276,tensor(0),DeeperForensics,0,2.5033950805664062e-06,0.1143798828125
s_026276,tensor(0),DeeperForensics,0,2.4437904357910156e-06,0.1512451171875
s_026276,tensor(0),DeeperForensics,0,2.6226043701171875e-06,0.12548828125
s_026276,tensor(0),DeeperForensics,0,2.562999725341797e-06,0.2119140625
s_026276,tensor(0),DeeperForensics,0,2.5033950805664062e-06,0.1815185546875
s_026276,tensor(0),DeeperForensics,0,2.4437904357910156e-06,0.1324462890625
s_026276,tensor(0),DeeperForensics,0,2.562999725341797e-06,0.11517333984375
s_026276,tensor(0),DeeperForensics,0,2.5033950805664062e-06,0.1070556640625
s_026276,tensor(0),DeeperForensics,0,2.384185791015625e-06,0.2142333984375
s_026276,tensor(0),DeeperForensics,0,2.562999725341797e-06,0.171630859375
s_026276,tensor(0),DeeperForensics,0,2.562999725341797e-06,0.130126953125
s_026276,tensor(0),DeeperForensics,0,2.5033950805664062e-06,0.1409912109375
s_026282,tensor(0),DeeperForensics,0,2.4437904357910156e-06,0.505859375
s_026282,tensor(0),DeeperForensics,0,2.562999725341797e-06,0.2010498046875
s_026282,tensor(0),DeeperForensics,0,2.562999725341797e-06,0.282470703125
s_026282,tensor(0),DeeperForensics,0,2.5033950805664062e-06,0.251708984375
s_026282,tensor(0),DeeperForensics,0,2.562999725341797e-06,0.34326171875
s_026282,tensor(0),DeeperForensics,0,2.562999725341797e-06,0.294189453125
s_026282,tensor(0),DeeperForensics,0,2.4437904357910156e-06,0.3251953125
s_026282,tensor(0),DeeperForensics,0,2.4437904357910156e-06,0.391357421875
s_026282,tensor(0),DeeperForensics,0,2.562999725341797e-06,0.1729736328125
s_026282,tensor(0),DeeperForensics,0,2.4437904357910156e-06,0.3896484375
s_069091,tensor(0),FaceForensics++,1,1.0,0.99609375
s_069144,tensor(0),FaceForensics++,1,1.0,0.99755859375
s_069144,tensor(0),FaceForensics++,1,1.0,0.9970703125
s_069144,tensor(0),FaceForensics++,1,1.0,0.99755859375
s_069144,tensor(0),FaceForensics++,1,1.0,0.994140625
s_069145,tensor(0),FaceForensics++,1,1.0,0.9970703125
s_069145,tensor(1),FaceForensics++,1,1.0,0.86181640625
s_069145,tensor(0),FaceForensics++,1,1.0,0.98681640625
s_069145,tensor(1),FaceForensics++,1,1.0,0.474853515625
s_069145,tensor(0),FaceForensics++,1,1.0,0.99462890625
s_069145,tensor(1),FaceForensics++,1,1.0,0.321044921875
s_069171,tensor(0),FaceForensics++,1,1.0,0.9951171875
s_069171,tensor(0),FaceForensics++,1,1.0,0.99462890625
s_069188,tensor(0),FaceForensics++,1,1.0,0.83056640625
s_069188,tensor(0),FaceForensics++,1,1.0,0.97021484375
s_069188,tensor(0),FaceForensics++,1,1.0,0.9873046875
s_069188,tensor(0),FaceForensics++,1,1.0,0.9619140625
s_069188,tensor(0),FaceForensics++,1,1.0,0.98681640625
s_069218,tensor(0),FaceForensics++,1,1.0,0.99267578125
s_069218,tensor(0),FaceForensics++,1,1.0,0.9951171875
s_069218,tensor(0),FaceForensics++,1,1.0,0.986328125
s_069218,tensor(0),FaceForensics++,1,1.0,0.990234375
s_069222,tensor(0),FaceForensics++,1,1.0,1.0
s_069222,tensor(0),FaceForensics++,1,1.0,1.0
s_069222,tensor(0),FaceForensics++,1,1.0,1.0
s_069222,tensor(0),FaceForensics++,1,1.0,1.0
s_069244,tensor(0),FaceForensics++,1,0.01473236083984375,0.99951171875
s_069244,tensor(0),FaceForensics++,1,0.99951171875,0.99951171875
s_069281,tensor(0),FaceForensics++,1,1.0,0.98876953125
s_069281,tensor(0),FaceForensics++,1,1.0,0.9951171875
s_069281,tensor(0),FaceForensics++,1,1.0,0.99365234375
s_069351,tensor(0),FaceForensics++,0,1.0,0.9873046875
s_069351,tensor(0),FaceForensics++,0,1.0,0.97802734375
s_069351,tensor(0),FaceForensics++,0,1.0,0.9794921875
s_069351,tensor(0),FaceForensics++,0,1.0,0.9453125
s_069352,tensor(0),FaceForensics++,0,9.608268737792969e-05,0.98779296875
s_069352,tensor(0),FaceForensics++,0,0.0003249645233154297,0.99267578125
s_069352,tensor(0),FaceForensics++,0,0.00013875961303710938,0.982421875
s_069367,tensor(0),FaceForensics++,0,0.939453125,0.9658203125
s_069367,tensor(0),FaceForensics++,0,1.0,0.986328125
s_069367,tensor(0),FaceForensics++,0,0.99755859375,0.986328125
s_069372,tensor(0),FaceForensics++,0,0.9990234375,0.8115234375
s_069372,tensor(0),FaceForensics++,0,0.000865936279296875,0.84716796875
s_069372,tensor(0),FaceForensics++,0,1.0,0.9287109375
s_069372,tensor(0),FaceForensics++,0,0.00864410400390625,0.92431640625
s_069372,tensor(0),FaceForensics++,0,0.0008106231689453125,0.94775390625
s_069372,tensor(0),FaceForensics++,0,0.0007123947143554688,0.955078125
s_069386,tensor(0),FaceForensics++,0,0.99951171875,0.95703125
s_069386,tensor(0),FaceForensics++,0,0.000293731689453125,0.9892578125
s_069386,tensor(0),FaceForensics++,0,1.0,0.9404296875
s_069386,tensor(0),FaceForensics++,0,0.0010318756103515625,0.98486328125
s_069386,tensor(0),FaceForensics++,0,0.0011606216430664062,0.97216796875
s_069411,tensor(0),FaceForensics++,0,0.0070648193359375,0.99560546875
s_069411,tensor(0),FaceForensics++,0,0.0262603759765625,0.99658203125
s_069411,tensor(0),FaceForensics++,0,0.0038700103759765625,0.98974609375
s_069411,tensor(0),FaceForensics++,0,0.00821685791015625,0.99609375
s_069411,tensor(0),FaceForensics++,0,0.0011339187622070312,0.9970703125
s_069411,tensor(0),FaceForensics++,0,0.005687713623046875,0.99755859375
s_069413,tensor(0),FaceForensics++,0,0.0005817413330078125,0.9853515625
s_069415,tensor(0),FaceForensics++,0,9.459257125854492e-05,0.87646484375
s_069415,tensor(0),FaceForensics++,0,0.00010973215103149414,0.970703125
s_069415,tensor(0),FaceForensics++,0,0.00010639429092407227,0.96923828125
s_069415,tensor(0),FaceForensics++,0,7.367134094238281e-05,0.96630859375
s_069435,tensor(0),FaceForensics++,0,0.005161285400390625,0.93017578125
s_006125,tensor(0),Celeb_DF,1,1.0,0.998046875
s_006125,tensor(0),Celeb_DF,1,1.0,0.9990234375
s_006125,tensor(0),Celeb_DF,1,1.0,0.99853515625
s_006125,tensor(0),Celeb_DF,1,1.0,0.99609375
s_006141,tensor(0),Celeb_DF,1,1.0,0.98583984375
s_006141,tensor(0),Celeb_DF,1,1.0,0.98828125
s_006141,tensor(0),Celeb_DF,1,1.0,0.98583984375
s_006204,tensor(0),Celeb_DF,1,1.0,0.9970703125
s_006204,tensor(0),Celeb_DF,1,1.0,0.99755859375
s_006204,tensor(0),Celeb_DF,1,1.0,0.99609375
s_006207,tensor(0),Celeb_DF,1,1.0,0.9775390625
s_006207,tensor(0),Celeb_DF,1,1.0,0.9873046875
s_006207,tensor(0),Celeb_DF,1,1.0,0.98583984375
s_006207,tensor(0),Celeb_DF,1,1.0,0.98828125
s_006275,tensor(0),Celeb_DF,1,1.0,0.9990234375
s_006275,tensor(0),Celeb_DF,1,1.0,0.9990234375
s_006275,tensor(0),Celeb_DF,1,1.0,0.9990234375
s_006275,tensor(0),Celeb_DF,1,1.0,0.9990234375
s_006279,tensor(0),Celeb_DF,1,1.0,0.99755859375
s_006279,tensor(0),Celeb_DF,1,1.0,0.99755859375
s_006279,tensor(0),Celeb_DF,1,1.0,0.9990234375
s_006297,tensor(0),Celeb_DF,1,1.0,0.998046875
s_006297,tensor(0),Celeb_DF,1,1.0,0.998046875
s_006369,tensor(0),Celeb_DF,0,0.00016868114471435547,0.9833984375
s_006369,tensor(0),Celeb_DF,0,0.0006961822509765625,0.970703125
s_006369,tensor(0),Celeb_DF,0,0.0005679130554199219,0.93115234375
s_006369,tensor(0),Celeb_DF,0,0.0006384849548339844,0.86669921875
s_006441,tensor(0),Celeb_DF,0,7.200241088867188e-05,0.9912109375
s_006441,tensor(0),Celeb_DF,0,5.346536636352539e-05,0.99560546875
s_006453,tensor(0),Celeb_DF,0,0.00012242794036865234,0.94677734375
s_006453,tensor(0),Celeb_DF,0,8.219480514526367e-05,0.96435546875
s_006453,tensor(0),Celeb_DF,0,7.724761962890625e-05,0.95556640625
s_006453,tensor(0),Celeb_DF,0,7.426738739013672e-05,0.92138671875
s_006493,tensor(0),Celeb_DF,0,2.0623207092285156e-05,0.99853515625
s_006493,tensor(0),Celeb_DF,0,2.0623207092285156e-05,0.9990234375
s_006493,tensor(0),Celeb_DF,0,3.790855407714844e-05,0.99853515625
s_006497,tensor(0),Celeb_DF,0,5.066394805908203e-05,0.994140625
s_006497,tensor(0),Celeb_DF,0,2.1636486053466797e-05,0.9951171875
s_006497,tensor(0),Celeb_DF,0,2.956390380859375e-05,0.9970703125
s_006497,tensor(0),Celeb_DF,0,3.1948089599609375e-05,0.99755859375
s_006522,tensor(0),Celeb_DF,0,0.00018966197967529297,0.95947265625
s_006522,tensor(0),Celeb_DF,0,0.99951171875,0.90966796875
s_006544,tensor(0),Celeb_DF,0,2.1755695343017578e-05,0.9990234375
s_006544,tensor(0),Celeb_DF,0,2.3186206817626953e-05,0.9990234375
s_006544,tensor(0),Celeb_DF,0,1.895427703857422e-05,0.99462890625
s_006544,tensor(0),Celeb_DF,0,1.806020736694336e-05,0.99658203125
s_006544,tensor(0),Celeb_DF,0,1.4483928680419922e-05,0.9990234375
s_006557,tensor(0),Celeb_DF,0,0.00018095970153808594,0.99755859375
s_006557,tensor(0),Celeb_DF,0,2.4318695068359375e-05,0.99951171875
s_006557,tensor(0),Celeb_DF,0,3.975629806518555e-05,1.0
s_006580,tensor(3),Celeb_DF,0,1.0,0.0009436607360839844
s_006580,tensor(3),Celeb_DF,0,0.99951171875,0.00021660327911376953
s_006603,tensor(0),Celeb_DF,0,0.0001214742660522461,0.99951171875
s_006631,tensor(0),DeeperForensics,1,1.0,0.97705078125
s_006631,tensor(0),DeeperForensics,1,1.0,0.9765625
s_006650,tensor(0),DeeperForensics,1,1.0,0.99755859375
s_006650,tensor(0),DeeperForensics,1,1.0,0.99609375
s_006650,tensor(0),DeeperForensics,1,1.0,0.9951171875
s_006650,tensor(0),DeeperForensics,1,1.0,0.99267578125
s_006650,tensor(0),DeeperForensics,1,1.0,0.994140625
s_006650,tensor(0),DeeperForensics,1,1.0,0.99560546875
s_006699,tensor(0),DeeperForensics,1,1.0,0.994140625
s_006699,tensor(0),DeeperForensics,1,1.0,0.99462890625
s_006699,tensor(0),DeeperForensics,1,1.0,0.99072265625
s_016089,tensor(0),DeeperForensics,0,2.1457672119140625e-06,0.218505859375
s_016093,tensor(0),DeeperForensics,0,2.4437904357910156e-06,0.63916015625
s_016103,tensor(0),DeeperForensics,0,2.205371856689453e-06,0.351318359375
s_016110,tensor(0),DeeperForensics,0,2.5033950805664062e-06,0.48779296875
s_016122,tensor(0),DeeperForensics,0,2.384185791015625e-06,0.6455078125
s_016175,tensor(0),DeeperForensics,0,3.159046173095703e-06,0.469482421875
s_016202,tensor(0),DeeperForensics,0,2.3245811462402344e-06,0.54931640625
s_016207,tensor(0),DeeperForensics,0,2.205371856689453e-06,0.75927734375
s_016207,tensor(0),DeeperForensics,0,2.5033950805664062e-06,0.433349609375
s_016207,tensor(0),DeeperForensics,0,2.2649765014648438e-06,0.53125
s_016207,tensor(0),DeeperForensics,0,2.1457672119140625e-06,0.662109375
s_016207,tensor(0),DeeperForensics,0,2.205371856689453e-06,0.6796875
s_016207,tensor(0),DeeperForensics,0,2.2649765014648438e-06,0.68115234375
s_016207,tensor(0),DeeperForensics,0,2.205371856689453e-06,0.623046875
s_016207,tensor(0),DeeperForensics,0,2.205371856689453e-06,0.54345703125
s_016207,tensor(0),DeeperForensics,0,2.2649765014648438e-06,0.70703125
s_016207,tensor(0),DeeperForensics,0,2.2649765014648438e-06,0.71630859375
s_016207,tensor(0),DeeperForensics,0,2.2649765014648438e-06,0.6806640625
s_016207,tensor(0),DeeperForensics,0,2.3245811462402344e-06,0.67041015625
s_016207,tensor(0),DeeperForensics,0,2.2649765014648438e-06,0.5537109375
s_016207,tensor(0),DeeperForensics,0,2.384185791015625e-06,0.5927734375
s_016207,tensor(0),DeeperForensics,0,2.3245811462402344e-06,0.53759765625
s_016207,tensor(0),DeeperForensics,0,2.2649765014648438e-06,0.60205078125
s_016207,tensor(0),DeeperForensics,0,2.3245811462402344e-06,0.5771484375
s_016207,tensor(0),DeeperForensics,0,2.3245811462402344e-06,0.71435546875
s_016207,tensor(0),DeeperForensics,0,2.384185791015625e-06,0.469482421875
s_016207,tensor(0),DeeperForensics,0,2.1457672119140625e-06,0.5283203125
s_016207,tensor(0),DeeperForensics,0,2.2649765014648438e-06,0.53125
s_016207,tensor(0),DeeperForensics,0,2.1457672119140625e-06,0.64404296875
s_016207,tensor(0),DeeperForensics,0,2.205371856689453e-06,0.78173828125
s_016207,tensor(0),DeeperForensics,0,2.2649765014648438e-06,0.63818359375
s_016207,tensor(0),DeeperForensics,0,2.205371856689453e-06,0.767578125
s_016207,tensor(0),DeeperForensics,0,2.2649765014648438e-06,0.66552734375
s_016207,tensor(0),DeeperForensics,0,2.205371856689453e-06,0.465576171875
s_016207,tensor(0),DeeperForensics,0,2.2649765014648438e-06,0.78515625
s_016207,tensor(0),DeeperForensics,0,2.3245811462402344e-06,0.7412109375
s_016207,tensor(0),DeeperForensics,0,2.1457672119140625e-06,0.413330078125
s_016207,tensor(0),DeeperForensics,0,2.1457672119140625e-06,0.74560546875
s_016207,tensor(0),DeeperForensics,0,2.205371856689453e-06,0.64453125
s_016207,tensor(0),DeeperForensics,0,2.205371856689453e-06,0.60302734375
s_016207,tensor(0),DeeperForensics,0,2.384185791015625e-06,0.5107421875
s_016207,tensor(0),DeeperForensics,0,2.205371856689453e-06,0.50048828125
s_016207,tensor(0),DeeperForensics,0,2.3245811462402344e-06,0.50927734375
s_016207,tensor(0),DeeperForensics,0,2.1457672119140625e-06,0.7626953125
s_016207,tensor(0),DeeperForensics,0,2.3245811462402344e-06,0.7578125
s_016207,tensor(0),DeeperForensics,0,2.2649765014648438e-06,0.6904296875
s_016207,tensor(0),DeeperForensics,0,2.205371856689453e-06,0.7724609375
s_016207,tensor(0),DeeperForensics,0,2.2649765014648438e-06,0.7646484375
s_016207,tensor(0),DeeperForensics,0,2.205371856689453e-06,0.436279296875
s_016207,tensor(0),DeeperForensics,0,2.205371856689453e-06,0.62109375
s_016207,tensor(0),DeeperForensics,0,2.205371856689453e-06,0.78125
s_016207,tensor(0),DeeperForensics,0,2.205371856689453e-06,0.677734375
s_016207,tensor(0),DeeperForensics,0,2.2649765014648438e-06,0.481201171875
s_016207,tensor(0),DeeperForensics,0,2.205371856689453e-06,0.53076171875
s_016207,tensor(0),DeeperForensics,0,2.205371856689453e-06,0.78466796875
s_016207,tensor(0),DeeperForensics,0,2.2649765014648438e-06,0.8291015625
s_016207,tensor(0),DeeperForensics,0,2.205371856689453e-06,0.70361328125
s_016207,tensor(0),DeeperForensics,0,2.205371856689453e-06,0.458984375
s_016207,tensor(0),DeeperForensics,0,2.205371856689453e-06,0.80322265625
s_016207,tensor(0),DeeperForensics,0,2.2649765014648438e-06,0.410888671875
s_016207,tensor(0),DeeperForensics,0,2.3245811462402344e-06,0.30517578125
s_016234,tensor(0),DeeperForensics,0,2.4437904357910156e-06,0.5185546875
s_016264,tensor(0),DeeperForensics,0,2.562999725341797e-06,0.350830078125
s_016277,tensor(0),DeeperForensics,0,2.205371856689453e-06,0.3564453125
s_026282,tensor(0),DeeperForensics,0,2.682209014892578e-06,0.22802734375
s_026282,tensor(0),DeeperForensics,0,2.384185791015625e-06,0.244384765625
s_026282,tensor(0),DeeperForensics,0,2.384185791015625e-06,0.30322265625
s_026282,tensor(0),DeeperForensics,0,2.562999725341797e-06,0.17578125
s_026282,tensor(0),DeeperForensics,0,2.562999725341797e-06,0.3466796875
s_026282,tensor(0),DeeperForensics,0,2.562999725341797e-06,0.292724609375
s_026282,tensor(0),DeeperForensics,0,2.7418136596679688e-06,0.25732421875
s_026282,tensor(0),DeeperForensics,0,2.682209014892578e-06,0.2349853515625
s_026282,tensor(0),DeeperForensics,0,2.7418136596679688e-06,0.163818359375
s_026282,tensor(0),DeeperForensics,0,2.562999725341797e-06,0.291259765625
s_026282,tensor(0),DeeperForensics,0,2.6226043701171875e-06,0.1771240234375
s_026282,tensor(0),DeeperForensics,0,2.562999725341797e-06,0.299560546875
s_026282,tensor(0),DeeperForensics,0,2.562999725341797e-06,0.45947265625
s_026282,tensor(0),DeeperForensics,0,2.6226043701171875e-06,0.31298828125
s_026282,tensor(0),DeeperForensics,0,2.4437904357910156e-06,0.314697265625
s_026282,tensor(0),DeeperForensics,0,2.5033950805664062e-06,0.167236328125
s_026296,tensor(0),DeeperForensics,0,2.3245811462402344e-06,0.116943359375
s_026296,tensor(0),DeeperForensics,0,2.4437904357910156e-06,0.08123779296875
s_026296,tensor(0),DeeperForensics,0,2.4437904357910156e-06,0.0765380859375
s_026296,tensor(0),DeeperForensics,0,2.5033950805664062e-06,0.1534423828125
s_026296,tensor(0),DeeperForensics,0,2.4437904357910156e-06,0.1636962890625
s_026296,tensor(0),DeeperForensics,0,2.4437904357910156e-06,0.11798095703125
s_026296,tensor(0),DeeperForensics,0,2.5033950805664062e-06,0.2401123046875
s_026296,tensor(0),DeeperForensics,0,2.384185791015625e-06,0.2039794921875
s_026296,tensor(0),DeeperForensics,0,2.384185791015625e-06,0.1519775390625
s_026296,tensor(0),DeeperForensics,0,2.4437904357910156e-06,0.18701171875
s_026296,tensor(0),DeeperForensics,0,2.4437904357910156e-06,0.2254638671875
s_026296,tensor(0),DeeperForensics,0,2.3245811462402344e-06,0.235595703125
s_026296,tensor(0),DeeperForensics,0,2.384185791015625e-06,0.202880859375
s_026296,tensor(0),DeeperForensics,0,2.4437904357910156e-06,0.1265869140625
s_026296,tensor(0),DeeperForensics,0,2.5033950805664062e-06,0.1568603515625
s_026296,tensor(0),DeeperForensics,0,2.5033950805664062e-06,0.1527099609375
s_026296,tensor(0),DeeperForensics,0,2.5033950805664062e-06,0.1385498046875
s_026296,tensor(0),DeeperForensics,0,2.5033950805664062e-06,0.119384765625
s_026296,tensor(0),DeeperForensics,0,2.4437904357910156e-06,0.1458740234375
s_026296,tensor(0),DeeperForensics,0,2.4437904357910156e-06,0.30810546875
s_026296,tensor(0),DeeperForensics,0,2.384185791015625e-06,0.3271484375
s_026296,tensor(0),DeeperForensics,0,2.4437904357910156e-06,0.44873046875
s_026296,tensor(0),DeeperForensics,0,2.384185791015625e-06,0.277099609375
s_026296,tensor(0),DeeperForensics,0,2.384185791015625e-06,0.255615234375
s_026304,tensor(0),DeeperForensics,0,2.5033950805664062e-06,0.337646484375
s_026304,tensor(0),DeeperForensics,0,2.562999725341797e-06,0.237548828125
s_026304,tensor(0),DeeperForensics,0,2.562999725341797e-06,0.43115234375
s_026304,tensor(0),DeeperForensics,0,2.562999725341797e-06,0.509765625
s_026304,tensor(0),DeeperForensics,0,2.562999725341797e-06,0.498779296875
s_026304,tensor(0),DeeperForensics,0,2.5033950805664062e-06,0.39013671875
s_026304,tensor(0),DeeperForensics,0,2.5033950805664062e-06,0.32861328125
s_026304,tensor(0),DeeperForensics,0,2.384185791015625e-06,0.32470703125
s_026304,tensor(0),DeeperForensics,0,2.384185791015625e-06,0.2509765625
s_026304,tensor(0),DeeperForensics,0,2.4437904357910156e-06,0.2481689453125
s_026304,tensor(0),DeeperForensics,0,2.3245811462402344e-06,0.17236328125
s_026304,tensor(0),DeeperForensics,0,2.384185791015625e-06,0.1546630859375
s_026304,tensor(0),DeeperForensics,0,2.384185791015625e-06,0.1761474609375
s_026304,tensor(0),DeeperForensics,0,2.384185791015625e-06,0.1898193359375
s_026304,tensor(0),DeeperForensics,0,2.4437904357910156e-06,0.19873046875
s_026304,tensor(0),DeeperForensics,0,2.5033950805664062e-06,0.2374267578125
s_026304,tensor(0),DeeperForensics,0,2.5033950805664062e-06,0.30419921875
s_026304,tensor(0),DeeperForensics,0,2.5033950805664062e-06,0.21044921875
s_026304,tensor(0),DeeperForensics,0,2.4437904357910156e-06,0.259521484375
s_026304,tensor(0),DeeperForensics,0,2.5033950805664062e-06,0.1654052734375
s_026304,tensor(0),DeeperForensics,0,2.4437904357910156e-06,0.2322998046875
s_026304,tensor(0),DeeperForensics,0,2.4437904357910156e-06,0.44384765625
s_026304,tensor(0),DeeperForensics,0,2.3245811462402344e-06,0.263671875
s_026304,tensor(0),DeeperForensics,0,2.4437904357910156e-06,0.316650390625
s_069435,tensor(0),FaceForensics++,0,0.00394439697265625,0.93017578125
s_069435,tensor(0),FaceForensics++,0,1.0,0.96044921875
s_069435,tensor(0),FaceForensics++,0,0.031982421875,0.984375
s_069443,tensor(0),FaceForensics++,0,1.0,0.9912109375
s_069443,tensor(0),FaceForensics++,0,0.99951171875,0.99951171875
s_069443,tensor(0),FaceForensics++,0,0.00030303001403808594,0.99951171875
s_069443,tensor(0),FaceForensics++,0,1.0,0.9990234375
s_069443,tensor(0),FaceForensics++,0,0.99951171875,0.9990234375
s_069450,tensor(0),FaceForensics++,0,0.0009474754333496094,0.9619140625
s_069450,tensor(0),FaceForensics++,0,0.0008525848388671875,0.916015625
s_069450,tensor(0),FaceForensics++,0,0.0007886886596679688,0.84912109375
s_069450,tensor(0),FaceForensics++,0,0.0003814697265625,0.96826171875
s_069450,tensor(0),FaceForensics++,0,0.0029468536376953125,0.9697265625
s_069450,tensor(0),FaceForensics++,0,0.0004916191101074219,0.9755859375
s_069470,tensor(0),FaceForensics++,0,0.0006313323974609375,0.96875
s_069470,tensor(0),FaceForensics++,0,0.0002002716064453125,0.9599609375
s_069470,tensor(0),FaceForensics++,0,0.00319671630859375,0.93505859375
s_069479,tensor(0),FaceForensics++,0,0.00013446807861328125,0.9794921875
s_069479,tensor(0),FaceForensics++,0,9.387731552124023e-05,0.9853515625
s_069479,tensor(0),FaceForensics++,0,3.3736228942871094e-05,0.98681640625
s_069479,tensor(0),FaceForensics++,0,0.00011867284774780273,0.986328125
s_069479,tensor(0),FaceForensics++,0,5.1021575927734375e-05,0.9853515625
s_069479,tensor(0),FaceForensics++,0,4.100799560546875e-05,0.99560546875
s_069479,tensor(0),FaceForensics++,0,9.03010368347168e-05,0.9873046875
s_069479,tensor(0),FaceForensics++,0,6.502866744995117e-05,0.95166015625
s_069479,tensor(0),FaceForensics++,0,5.1856040954589844e-05,0.93115234375
s_069479,tensor(0),FaceForensics++,0,4.792213439941406e-05,0.96923828125
s_069479,tensor(0),FaceForensics++,0,4.6133995056152344e-05,0.94091796875
s_069479,tensor(0),FaceForensics++,0,0.0006265640258789062,0.93603515625
s_069479,tensor(0),FaceForensics++,0,3.0934810638427734e-05,0.98681640625
s_069479,tensor(0),FaceForensics++,0,4.166364669799805e-05,0.96240234375
s_069479,tensor(0),FaceForensics++,0,3.170967102050781e-05,0.8486328125
s_069486,tensor(0),FaceForensics++,0,0.953125,0.71728515625
s_069486,tensor(0),FaceForensics++,0,0.89794921875,0.6669921875
s_069486,tensor(0),FaceForensics++,0,0.0004494190216064453,0.50244140625
s_069486,tensor(0),FaceForensics++,0,1.0,0.87890625
s_069486,tensor(0),FaceForensics++,0,0.00818634033203125,0.86328125
s_069486,tensor(0),FaceForensics++,0,1.0,0.8056640625
s_069486,tensor(0),FaceForensics++,0,0.82861328125,0.875
s_069486,tensor(0),FaceForensics++,0,0.008514404296875,0.83544921875
s_069486,tensor(0),FaceForensics++,0,0.042022705078125,0.91845703125
s_069526,tensor(0),FaceForensics++,0,0.006313323974609375,0.82861328125
s_069526,tensor(0),FaceForensics++,0,0.0009398460388183594,0.94482421875
s_069526,tensor(0),FaceForensics++,0,6.711483001708984e-05,0.94287109375
s_069532,tensor(0),FaceForensics++,0,0.97509765625,0.439697265625
s_069532,tensor(0),FaceForensics++,0,0.0203704833984375,0.444580078125
s_069541,tensor(2),FaceForensics++,0,1.0,0.1175537109375
s_069541,tensor(4),FaceForensics++,0,1.0,0.442138671875
s_069541,tensor(2),FaceForensics++,0,1.0,0.193603515625
s_069541,tensor(4),FaceForensics++,0,1.0,0.482177734375
s_069541,tensor(2),FaceForensics++,0,1.0,0.2427978515625
s_069541,tensor(4),FaceForensics++,0,1.0,0.457275390625
s_069541,tensor(5),FaceForensics++,0,1.0,0.68603515625
s_069541,tensor(2),FaceForensics++,0,1.0,0.220458984375
s_069541,tensor(4),FaceForensics++,0,1.0,0.160400390625
s_069541,tensor(4),FaceForensics++,0,1.0,0.342529296875
s_069541,tensor(2),FaceForensics++,0,1.0,0.171630859375
s_069567,tensor(0),FaceForensics++,0,1.0,0.98291015625
s_069567,tensor(0),FaceForensics++,0,1.0,0.9794921875
s_069574,tensor(0),FaceForensics++,0,0.0002378225326538086,0.9970703125
s_069574,tensor(0),FaceForensics++,0,0.0004513263702392578,0.990234375
s_069574,tensor(0),FaceForensics++,0,0.0002779960632324219,0.986328125
s_069580,tensor(0),FaceForensics++,0,0.00027370452880859375,0.97021484375
s_069580,tensor(0),FaceForensics++,0,0.0005817413330078125,0.99169921875
s_006740,tensor(0),DeeperForensics,1,1.0,0.998046875
s_006740,tensor(0),DeeperForensics,1,1.0,0.998046875
s_006740,tensor(0),DeeperForensics,1,1.0,0.998046875
s_006741,tensor(0),DeeperForensics,1,1.0,0.994140625
s_006741,tensor(0),DeeperForensics,1,1.0,0.99462890625
s_006741,tensor(0),DeeperForensics,1,1.0,0.9912109375
s_006756,tensor(0),DeeperForensics,1,1.0,0.99560546875
s_006756,tensor(0),DeeperForensics,1,1.0,0.99267578125
s_006756,tensor(0),DeeperForensics,1,1.0,0.99365234375
s_006766,tensor(0),DeeperForensics,1,1.0,0.99755859375
s_006766,tensor(0),DeeperForensics,1,1.0,0.99658203125
s_006797,tensor(0),DeeperForensics,1,1.0,0.9912109375
s_006797,tensor(0),DeeperForensics,1,1.0,0.99267578125
s_006797,tensor(0),DeeperForensics,1,1.0,0.9931640625
s_006806,tensor(0),DeeperForensics,1,1.0,0.99560546875
s_006806,tensor(0),DeeperForensics,1,1.0,0.99755859375
s_006806,tensor(0),DeeperForensics,1,1.0,0.9951171875
s_006806,tensor(0),DeeperForensics,1,1.0,0.9970703125
s_006806,tensor(0),DeeperForensics,1,1.0,0.9970703125
s_006806,tensor(0),DeeperForensics,1,1.0,0.99755859375
s_006842,tensor(0),DeeperForensics,1,1.0,0.80126953125
s_006842,tensor(0),DeeperForensics,1,1.0,0.875
s_006842,tensor(0),DeeperForensics,1,1.0,0.84375
s_006853,tensor(0),DeeperForensics,1,1.0,0.99951171875
s_006853,tensor(0),DeeperForensics,1,1.0,0.99951171875
s_006853,tensor(0),DeeperForensics,1,1.0,0.99951171875
s_006881,tensor(0),DeeperForensics,1,1.0,0.9892578125
s_006881,tensor(0),DeeperForensics,1,1.0,0.99072265625
s_006881,tensor(0),DeeperForensics,1,1.0,0.98876953125
s_006928,tensor(0),DeeperForensics,1,1.0,0.98681640625
s_006928,tensor(0),DeeperForensics,1,1.0,0.95458984375
s_006928,tensor(0),DeeperForensics,1,1.0,0.98095703125
s_006928,tensor(0),DeeperForensics,1,1.0,0.98681640625
s_006928,tensor(0),DeeperForensics,1,1.0,0.9931640625
s_006935,tensor(0),DeeperForensics,1,1.0,0.9853515625
s_006935,tensor(1),DeeperForensics,1,1.0,0.6474609375
s_006935,tensor(0),DeeperForensics,1,1.0,0.98779296875
s_006935,tensor(1),DeeperForensics,1,1.0,0.556640625
s_006935,tensor(0),DeeperForensics,1,1.0,0.9677734375
s_006935,tensor(0),DeeperForensics,1,1.0,0.97412109375
s_006935,tensor(1),DeeperForensics,1,1.0,0.7861328125
s_006936,tensor(0),DeeperForensics,1,1.0,0.9892578125
s_006936,tensor(1),DeeperForensics,1,1.0,0.66162109375
s_006936,tensor(0),DeeperForensics,1,1.0,0.98681640625
s_006936,tensor(1),DeeperForensics,1,1.0,0.69970703125
s_006936,tensor(0),DeeperForensics,1,1.0,0.9404296875
s_006936,tensor(0),DeeperForensics,1,1.0,0.97900390625
s_006936,tensor(1),DeeperForensics,1,1.0,0.72900390625
s_006953,tensor(0),DeeperForensics,1,1.0,1.0
s_006953,tensor(0),DeeperForensics,1,1.0,1.0
s_006953,tensor(0),DeeperForensics,1,1.0,1.0
s_006953,tensor(0),DeeperForensics,1,1.0,1.0
s_006953,tensor(0),DeeperForensics,1,1.0,1.0
s_006953,tensor(0),DeeperForensics,1,1.0,1.0
s_006953,tensor(0),DeeperForensics,1,1.0,1.0
s_006953,tensor(0),DeeperForensics,1,1.0,1.0
s_006975,tensor(0),DeeperForensics,1,1.0,0.9951171875
s_006975,tensor(0),DeeperForensics,1,1.0,0.99609375
s_006975,tensor(0),DeeperForensics,1,1.0,0.99462890625
s_006975,tensor(0),DeeperForensics,1,1.0,0.99462890625
s_006983,tensor(0),DeeperForensics,1,1.0,0.9921875
s_006983,tensor(0),DeeperForensics,1,1.0,0.9931640625
s_006983,tensor(0),DeeperForensics,1,1.0,0.9921875
s_006983,tensor(0),DeeperForensics,1,1.0,0.998046875
s_016312,tensor(0),DeeperForensics,0,2.205371856689453e-06,0.334228515625
s_016312,tensor(0),DeeperForensics,0,2.2649765014648438e-06,0.442138671875
s_016321,tensor(0),DeeperForensics,0,2.682209014892578e-06,0.6025390625
s_016330,tensor(0),DeeperForensics,0,2.3245811462402344e-06,0.452880859375
s_016331,tensor(0),DeeperForensics,0,2.3245811462402344e-06,0.281005859375
s_016341,tensor(0),DeeperForensics,0,2.9206275939941406e-06,0.1998291015625
s_016343,tensor(0),DeeperForensics,0,2.384185791015625e-06,0.1314697265625
s_016351,tensor(0),DeeperForensics,0,2.3245811462402344e-06,0.482177734375
s_016355,tensor(0),DeeperForensics,0,2.9206275939941406e-06,0.049407958984375
s_016357,tensor(0),DeeperForensics,0,2.86102294921875e-06,0.1549072265625
s_016377,tensor(0),DeeperForensics,0,2.562999725341797e-06,0.44384765625
s_016408,tensor(0),DeeperForensics,0,2.2649765014648438e-06,0.283203125
s_016410,tensor(0),DeeperForensics,0,2.3245811462402344e-06,0.4658203125
s_016416,tensor(0),DeeperForensics,0,2.205371856689453e-06,0.402099609375
s_016417,tensor(0),DeeperForensics,0,2.1457672119140625e-06,0.62548828125
s_016418,tensor(0),DeeperForensics,0,2.7418136596679688e-06,0.0948486328125
s_016423,tensor(0),DeeperForensics,0,2.3245811462402344e-06,0.302490234375
s_016445,tensor(0),DeeperForensics,0,2.5033950805664062e-06,0.64892578125
s_016451,tensor(0),DeeperForensics,0,2.86102294921875e-06,0.45458984375
s_016467,tensor(0),DeeperForensics,0,2.1457672119140625e-06,0.393798828125
s_016474,tensor(0),DeeperForensics,0,2.086162567138672e-06,0.351806640625
s_016474,tensor(0),DeeperForensics,0,2.1457672119140625e-06,0.44091796875
s_016501,tensor(0),DeeperForensics,0,2.3245811462402344e-06,0.685546875
s_016502,tensor(0),DeeperForensics,0,2.2649765014648438e-06,0.44140625
s_016507,tensor(0),DeeperForensics,0,3.039836883544922e-06,0.171630859375
s_016509,tensor(0),DeeperForensics,0,2.205371856689453e-06,0.2286376953125
s_016521,tensor(0),DeeperForensics,0,2.682209014892578e-06,0.548828125
s_016525,tensor(0),DeeperForensics,0,2.4437904357910156e-06,0.315673828125
s_016555,tensor(0),DeeperForensics,0,2.3245811462402344e-06,0.744140625
s_016558,tensor(0),DeeperForensics,0,2.2649765014648438e-06,0.499267578125
s_016570,tensor(0),DeeperForensics,0,2.9206275939941406e-06,0.439697265625
s_016574,tensor(0),DeeperForensics,0,2.5033950805664062e-06,0.3798828125
s_016592,tensor(0),DeeperForensics,0,2.384185791015625e-06,0.355224609375
s_016592,tensor(0),DeeperForensics,0,2.4437904357910156e-06,0.27197265625
s_016605,tensor(0),DeeperForensics,0,2.1457672119140625e-06,0.58984375
s_016606,tensor(0),DeeperForensics,0,2.1457672119140625e-06,0.6455078125
s_016621,tensor(0),DeeperForensics,0,2.2649765014648438e-06,0.415771484375
s_016622,tensor(0),DeeperForensics,0,2.562999725341797e-06,0.4033203125
s_016639,tensor(0),DeeperForensics,0,2.1457672119140625e-06,0.72900390625
s_016639,tensor(0),DeeperForensics,0,2.2649765014648438e-06,0.77880859375
s_016641,tensor(0),DeeperForensics,0,2.1457672119140625e-06,0.83056640625
s_016641,tensor(0),DeeperForensics,0,2.205371856689453e-06,0.7216796875
s_016648,tensor(0),DeeperForensics,0,2.3245811462402344e-06,0.51611328125
s_016648,tensor(0),DeeperForensics,0,2.2649765014648438e-06,0.3583984375
s_016663,tensor(0),DeeperForensics,0,2.205371856689453e-06,0.1844482421875
s_016672,tensor(0),DeeperForensics,0,2.4437904357910156e-06,0.7470703125
s_016681,tensor(0),DeeperForensics,0,2.6226043701171875e-06,0.5927734375
s_016686,tensor(0),DeeperForensics,0,2.4437904357910156e-06,0.45361328125
s_016692,tensor(0),DeeperForensics,0,2.205371856689453e-06,0.31298828125
s_016700,tensor(0),DeeperForensics,0,2.3245811462402344e-06,0.6279296875
s_016712,tensor(0),DeeperForensics,0,2.3245811462402344e-06,0.2646484375
s_016738,tensor(0),DeeperForensics,0,2.4437904357910156e-06,0.447265625
s_016742,tensor(0),DeeperForensics,0,2.562999725341797e-06,0.673828125
s_016749,tensor(0),DeeperForensics,0,2.8014183044433594e-06,0.55615234375
s_016761,tensor(0),DeeperForensics,0,2.3245811462402344e-06,0.36376953125
s_016772,tensor(0),DeeperForensics,0,2.3245811462402344e-06,0.5732421875
s_016784,tensor(0),DeeperForensics,0,2.7418136596679688e-06,0.09222412109375
s_016799,tensor(0),DeeperForensics,0,2.6226043701171875e-06,0.286376953125
s_016820,tensor(0),DeeperForensics,0,2.4437904357910156e-06,0.35400390625
s_016821,tensor(0),DeeperForensics,0,2.7418136596679688e-06,0.143310546875
s_016824,tensor(0),DeeperForensics,0,2.8014183044433594e-06,0.09600830078125
s_016836,tensor(0),DeeperForensics,0,2.4437904357910156e-06,0.304443359375
s_016860,tensor(0),DeeperForensics,0,2.562999725341797e-06,0.438232421875
s_016887,tensor(0),DeeperForensics,0,2.4437904357910156e-06,0.08990478515625
s_026304,tensor(0),DeeperForensics,0,2.384185791015625e-06,0.302978515625
s_026312,tensor(0),DeeperForensics,0,2.3245811462402344e-06,0.8447265625
s_026312,tensor(0),DeeperForensics,0,2.9206275939941406e-06,0.71630859375
s_026317,tensor(0),DeeperForensics,0,2.5033950805664062e-06,0.373046875
s_026317,tensor(0),DeeperForensics,0,2.384185791015625e-06,0.369873046875
s_026317,tensor(0),DeeperForensics,0,2.9206275939941406e-06,0.427978515625
s_026317,tensor(0),DeeperForensics,0,2.5033950805664062e-06,0.482666015625
s_026317,tensor(0),DeeperForensics,0,2.7418136596679688e-06,0.716796875
s_026317,tensor(0),DeeperForensics,0,2.9206275939941406e-06,0.75537109375
s_026317,tensor(0),DeeperForensics,0,2.6226043701171875e-06,0.4599609375
s_026317,tensor(0),DeeperForensics,0,2.5033950805664062e-06,0.6259765625
s_026317,tensor(0),DeeperForensics,0,2.5033950805664062e-06,0.9482421875
s_026317,tensor(0),DeeperForensics,0,2.6226043701171875e-06,0.8466796875
s_026317,tensor(0),DeeperForensics,0,2.9206275939941406e-06,0.7470703125
s_026317,tensor(0),DeeperForensics,0,4.76837158203125e-06,0.830078125
s_026317,tensor(0),DeeperForensics,0,2.4437904357910156e-06,0.74462890625
s_026317,tensor(0),DeeperForensics,0,2.3245811462402344e-06,0.58935546875
s_026317,tensor(0),DeeperForensics,0,2.3245811462402344e-06,0.630859375
s_026317,tensor(0),DeeperForensics,0,2.2649765014648438e-06,0.62646484375
s_026317,tensor(0),DeeperForensics,0,2.6226043701171875e-06,0.876953125
s_026317,tensor(0),DeeperForensics,0,2.5033950805664062e-06,0.67431640625
s_026317,tensor(0),DeeperForensics,0,2.5033950805664062e-06,0.70849609375
s_026317,tensor(0),DeeperForensics,0,2.6226043701171875e-06,0.73583984375
s_026317,tensor(0),DeeperForensics,0,3.159046173095703e-06,0.85546875
s_026317,tensor(0),DeeperForensics,0,2.682209014892578e-06,0.83984375
s_026317,tensor(0),DeeperForensics,0,3.2782554626464844e-06,0.75390625
s_026317,tensor(0),DeeperForensics,0,2.562999725341797e-06,0.7294921875
s_026317,tensor(0),DeeperForensics,0,2.4437904357910156e-06,0.7021484375
s_026317,tensor(0),DeeperForensics,0,2.9802322387695312e-06,0.7080078125
s_026317,tensor(0),DeeperForensics,0,2.7418136596679688e-06,0.64892578125
s_026317,tensor(0),DeeperForensics,0,2.562999725341797e-06,0.65234375
s_026317,tensor(0),DeeperForensics,0,3.039836883544922e-06,0.77392578125
s_026317,tensor(0),DeeperForensics,0,2.5033950805664062e-06,0.60205078125
s_026317,tensor(0),DeeperForensics,0,2.7418136596679688e-06,0.72509765625
s_026317,tensor(0),DeeperForensics,0,2.3245811462402344e-06,0.392333984375
s_026317,tensor(0),DeeperForensics,0,2.7418136596679688e-06,0.63134765625
s_026317,tensor(0),DeeperForensics,0,2.682209014892578e-06,0.5390625
s_026317,tensor(0),DeeperForensics,0,2.9802322387695312e-06,0.705078125
s_026319,tensor(0),DeeperForensics,0,3.159046173095703e-06,0.8984375
s_026319,tensor(0),DeeperForensics,0,2.8014183044433594e-06,0.69189453125
s_026322,tensor(0),DeeperForensics,0,2.562999725341797e-06,0.27880859375
s_026322,tensor(0),DeeperForensics,0,2.682209014892578e-06,0.1873779296875
s_026322,tensor(0),DeeperForensics,0,2.7418136596679688e-06,0.2666015625
s_026322,tensor(0),DeeperForensics,0,2.8014183044433594e-06,0.26123046875
s_026322,tensor(0),DeeperForensics,0,2.7418136596679688e-06,0.302490234375
s_026322,tensor(0),DeeperForensics,0,2.4437904357910156e-06,0.38427734375
s_026322,tensor(0),DeeperForensics,0,2.562999725341797e-06,0.61083984375
s_026322,tensor(0),DeeperForensics,0,2.4437904357910156e-06,0.58837890625
s_026322,tensor(0),DeeperForensics,0,2.6226043701171875e-06,0.353515625
s_026322,tensor(0),DeeperForensics,0,2.4437904357910156e-06,0.49462890625
s_026322,tensor(0),DeeperForensics,0,2.5033950805664062e-06,0.3876953125
s_026322,tensor(0),DeeperForensics,0,2.4437904357910156e-06,0.397216796875
s_026322,tensor(0),DeeperForensics,0,2.384185791015625e-06,0.294921875
s_026322,tensor(0),DeeperForensics,0,2.4437904357910156e-06,0.2587890625
s_026322,tensor(0),DeeperForensics,0,2.4437904357910156e-06,0.3046875
s_026322,tensor(0),DeeperForensics,0,2.562999725341797e-06,0.31005859375
s_026322,tensor(0),DeeperForensics,0,2.562999725341797e-06,0.509765625
s_026322,tensor(0),DeeperForensics,0,2.562999725341797e-06,0.61181640625
s_026322,tensor(0),DeeperForensics,0,2.4437904357910156e-06,0.426513671875
s_026322,tensor(0),DeeperForensics,0,2.682209014892578e-06,0.43896484375
s_026322,tensor(0),DeeperForensics,0,2.6226043701171875e-06,0.467529296875
s_026322,tensor(0),DeeperForensics,0,2.5033950805664062e-06,0.4638671875
s_026322,tensor(0),DeeperForensics,0,2.5033950805664062e-06,0.427978515625
s_026322,tensor(0),DeeperForensics,0,2.562999725341797e-06,0.4404296875
s_069580,tensor(0),FaceForensics++,0,0.0004582405090332031,0.99169921875
s_069580,tensor(0),FaceForensics++,0,0.00070953369140625,0.99267578125
s_069580,tensor(0),FaceForensics++,0,0.000614166259765625,0.98876953125
s_069590,tensor(0),FaceForensics++,0,1.0,0.8916015625
s_069590,tensor(25),FaceForensics++,0,1.0,0.98095703125
s_069590,tensor(27),FaceForensics++,0,1.0,0.291748046875
s_069593,tensor(0),FaceForensics++,0,1.0,0.94091796875
s_069593,tensor(0),FaceForensics++,0,1.0,0.9287109375
s_069593,tensor(0),FaceForensics++,0,1.0,0.962890625
s_069595,tensor(0),FaceForensics++,0,0.0002982616424560547,0.95751953125
s_069595,tensor(0),FaceForensics++,0,0.00020182132720947266,0.966796875
s_069595,tensor(0),FaceForensics++,0,0.00013768672943115234,0.98046875
s_069595,tensor(0),FaceForensics++,0,0.00011593103408813477,0.89306640625
s_069615,tensor(0),FaceForensics++,0,0.00023055076599121094,0.978515625
s_069615,tensor(0),FaceForensics++,0,0.98193359375,0.94970703125
s_069615,tensor(0),FaceForensics++,0,0.0005421638488769531,0.95556640625
s_069615,tensor(0),FaceForensics++,0,0.0017547607421875,0.9365234375
s_069615,tensor(0),FaceForensics++,0,0.0001838207244873047,0.984375
s_069636,tensor(0),FaceForensics++,0,0.0021991729736328125,0.94091796875
s_069638,tensor(1),FaceForensics++,0,1.0,0.9931640625
s_069638,tensor(1),FaceForensics++,0,1.0,0.98583984375
s_069654,tensor(0),FaceForensics++,0,0.0003249645233154297,0.99462890625
s_069667,tensor(0),FaceForensics++,0,0.0001838207244873047,0.98828125
s_069667,tensor(0),FaceForensics++,0,0.0003077983856201172,0.99072265625
s_069667,tensor(0),FaceForensics++,0,0.00020992755889892578,0.982421875
s_069667,tensor(0),FaceForensics++,0,0.00048041343688964844,0.98486328125
s_069667,tensor(0),FaceForensics++,0,0.0001647472381591797,0.994140625
s_069667,tensor(0),FaceForensics++,0,0.0002613067626953125,0.986328125
s_069667,tensor(0),FaceForensics++,0,0.00015473365783691406,0.9873046875
s_069667,tensor(0),FaceForensics++,0,0.00014543533325195312,0.986328125
s_069667,tensor(0),FaceForensics++,0,0.00042891502380371094,0.99560546875
s_069667,tensor(0),FaceForensics++,0,0.00022172927856445312,0.98779296875
s_069667,tensor(0),FaceForensics++,0,0.00015115737915039062,0.98046875
s_069667,tensor(0),FaceForensics++,0,0.00019109249114990234,0.98388671875
s_069667,tensor(0),FaceForensics++,0,0.00012934207916259766,0.9775390625
s_069667,tensor(0),FaceForensics++,0,0.00014197826385498047,0.9765625
s_069667,tensor(0),FaceForensics++,0,0.00011962652206420898,0.9921875
s_069667,tensor(0),FaceForensics++,0,0.00035691261291503906,0.99267578125
s_069738,tensor(1),FaceForensics++,0,0.99951171875,0.01107025146484375
s_069738,tensor(0),FaceForensics++,0,0.0019121170043945312,0.98291015625
s_069738,tensor(0),FaceForensics++,0,0.0009436607360839844,0.9580078125
s_069738,tensor(0),FaceForensics++,0,0.9677734375,0.81884765625
s_069738,tensor(0),FaceForensics++,0,0.001918792724609375,0.8642578125
s_069738,tensor(0),FaceForensics++,0,0.164794921875,0.83056640625
s_069770,tensor(0),FaceForensics++,0,8.684396743774414e-05,0.95654296875
s_069770,tensor(0),FaceForensics++,0,5.227327346801758e-05,0.96826171875
s_069770,tensor(0),FaceForensics++,0,7.486343383789062e-05,0.9423828125
s_069770,tensor(0),FaceForensics++,0,0.0001838207244873047,0.951171875
s_069770,tensor(0),FaceForensics++,0,0.0010366439819335938,0.97998046875
s_069770,tensor(0),FaceForensics++,0,7.140636444091797e-05,0.9345703125
s_069770,tensor(0),FaceForensics++,0,0.00014090538024902344,0.9541015625
s_069779,tensor(0),FaceForensics++,0,1.0,0.9970703125
s_069779,tensor(0),FaceForensics++,0,1.0,0.9931640625
s_069779,tensor(0),FaceForensics++,0,1.0,0.990234375
s_069779,tensor(0),FaceForensics++,0,0.99951171875,0.96826171875
s_069779,tensor(0),FaceForensics++,0,1.0,0.98828125
s_069792,tensor(0),FaceForensics++,0,0.99951171875,0.97705078125
s_069792,tensor(0),FaceForensics++,0,0.0002613067626953125,0.9072265625
s_069792,tensor(0),FaceForensics++,0,0.9814453125,0.95263671875
s_069792,tensor(0),FaceForensics++,0,0.00055694580078125,0.9599609375
s_069792,tensor(0),FaceForensics++,0,0.00046181678771972656,0.95263671875
s_069797,tensor(0),FaceForensics++,0,1.0,0.98193359375
s_069797,tensor(0),FaceForensics++,0,1.0,0.9052734375
s_069797,tensor(0),FaceForensics++,0,0.046539306640625,0.974609375
s_006983,tensor(0),DeeperForensics,1,1.0,0.998046875
s_006983,tensor(0),DeeperForensics,1,1.0,0.9970703125
s_006985,tensor(0),DeeperForensics,1,1.0,0.9951171875
s_006985,tensor(0),DeeperForensics,1,1.0,0.9931640625
s_006985,tensor(0),DeeperForensics,1,1.0,0.99755859375
s_007042,tensor(0),DeeperForensics,1,1.0,0.9921875
s_007042,tensor(0),DeeperForensics,1,1.0,0.9931640625
s_007042,tensor(0),DeeperForensics,1,1.0,0.99072265625
s_007044,tensor(0),DeeperForensics,1,1.0,0.9970703125
s_007044,tensor(0),DeeperForensics,1,1.0,0.9970703125
s_007044,tensor(0),DeeperForensics,1,1.0,0.9970703125
s_007082,tensor(0),DeeperForensics,1,1.0,0.958984375
s_007082,tensor(0),DeeperForensics,1,1.0,0.93798828125
s_007082,tensor(0),DeeperForensics,1,1.0,0.95458984375
s_007082,tensor(0),DeeperForensics,1,1.0,0.93212890625
s_007082,tensor(0),DeeperForensics,1,1.0,0.92724609375
s_007082,tensor(0),DeeperForensics,1,1.0,0.9443359375
s_007082,tensor(0),DeeperForensics,1,1.0,0.95166015625
s_007082,tensor(0),DeeperForensics,1,1.0,0.94921875
s_007082,tensor(0),DeeperForensics,1,1.0,0.96142578125
s_007082,tensor(0),DeeperForensics,1,1.0,0.958984375
s_007082,tensor(0),DeeperForensics,1,1.0,0.9541015625
s_007082,tensor(0),DeeperForensics,1,1.0,0.939453125
s_007129,tensor(0),DeeperForensics,1,1.0,0.95849609375
s_007129,tensor(0),DeeperForensics,1,1.0,0.966796875
s_007129,tensor(0),DeeperForensics,1,1.0,0.93408203125
s_007129,tensor(0),DeeperForensics,1,1.0,0.98095703125
s_007159,tensor(0),DeeperForensics,1,1.0,0.99658203125
s_007159,tensor(0),DeeperForensics,1,1.0,0.99609375
s_007159,tensor(0),DeeperForensics,1,1.0,0.99755859375
s_007159,tensor(0),DeeperForensics,1,1.0,0.99755859375
s_007159,tensor(0),DeeperForensics,1,1.0,0.998046875
s_007167,tensor(0),DeeperForensics,1,1.0,0.994140625
s_007167,tensor(0),DeeperForensics,1,1.0,0.99560546875
s_007167,tensor(0),DeeperForensics,1,1.0,0.99560546875
s_007167,tensor(0),DeeperForensics,1,1.0,0.99560546875
s_007168,tensor(0),DeeperForensics,1,1.0,0.98974609375
s_007168,tensor(0),DeeperForensics,1,1.0,0.99169921875
s_007168,tensor(0),DeeperForensics,1,1.0,0.9921875
s_007168,tensor(0),DeeperForensics,1,1.0,0.99072265625
s_007226,tensor(0),DeeperForensics,1,1.0,0.98681640625
s_007226,tensor(0),DeeperForensics,1,1.0,0.986328125
s_007226,tensor(0),DeeperForensics,1,1.0,0.98388671875
s_007226,tensor(0),DeeperForensics,1,1.0,0.97509765625
s_007256,tensor(0),DeeperForensics,1,1.0,0.994140625
s_007256,tensor(0),DeeperForensics,1,1.0,0.99365234375
s_007256,tensor(0),DeeperForensics,1,1.0,0.99462890625
s_007256,tensor(0),DeeperForensics,1,1.0,0.9931640625
s_007256,tensor(0),DeeperForensics,1,1.0,0.9912109375
s_007256,tensor(0),DeeperForensics,1,1.0,0.9931640625
s_007256,tensor(0),DeeperForensics,1,1.0,0.99462890625
s_007297,tensor(0),DeeperForensics,1,1.0,0.98828125
s_007297,tensor(0),DeeperForensics,1,1.0,0.986328125
s_007297,tensor(0),DeeperForensics,1,1.0,0.98876953125
s_007297,tensor(0),DeeperForensics,1,1.0,0.99365234375
s_007297,tensor(0),DeeperForensics,1,1.0,0.99658203125
s_007299,tensor(0),DeeperForensics,1,1.0,0.99658203125
s_007299,tensor(0),DeeperForensics,1,1.0,0.99560546875
s_007299,tensor(0),DeeperForensics,1,1.0,0.99658203125
s_007299,tensor(0),DeeperForensics,1,1.0,0.99609375
s_007299,tensor(0),DeeperForensics,1,1.0,0.99609375
s_007302,tensor(0),DeeperForensics,1,1.0,0.9990234375
s_007302,tensor(0),DeeperForensics,1,1.0,0.99951171875
s_007302,tensor(0),DeeperForensics,1,1.0,0.9990234375
s_016907,tensor(0),DeeperForensics,0,2.3245811462402344e-06,0.392333984375
s_016909,tensor(0),DeeperForensics,0,2.4437904357910156e-06,0.2451171875
s_016912,tensor(0),DeeperForensics,0,2.384185791015625e-06,0.227294921875
s_016947,tensor(0),DeeperForensics,0,2.4437904357910156e-06,0.488525390625
s_016951,tensor(0),DeeperForensics,0,2.7418136596679688e-06,0.55810546875
s_016957,tensor(0),DeeperForensics,0,2.562999725341797e-06,0.2122802734375
s_016965,tensor(0),DeeperForensics,0,2.5033950805664062e-06,0.40185546875
s_016968,tensor(0),DeeperForensics,0,2.3245811462402344e-06,0.373779296875
s_017011,tensor(0),DeeperForensics,0,2.7418136596679688e-06,0.362060546875
s_017014,tensor(0),DeeperForensics,0,2.6226043701171875e-06,0.33837890625
s_017019,tensor(0),DeeperForensics,0,2.5033950805664062e-06,0.287109375
s_017019,tensor(0),DeeperForensics,0,2.4437904357910156e-06,0.2413330078125
s_017035,tensor(0),DeeperForensics,0,2.5033950805664062e-06,0.397216796875
s_017055,tensor(0),DeeperForensics,0,2.2649765014648438e-06,0.2509765625
s_017056,tensor(0),DeeperForensics,0,2.562999725341797e-06,0.47705078125
s_017096,tensor(0),DeeperForensics,0,2.3245811462402344e-06,0.426025390625
s_017098,tensor(0),DeeperForensics,0,2.4437904357910156e-06,0.5009765625
s_017129,tensor(0),DeeperForensics,0,2.4437904357910156e-06,0.401611328125
s_017129,tensor(0),DeeperForensics,0,2.5033950805664062e-06,0.5087890625
s_017130,tensor(0),DeeperForensics,0,2.384185791015625e-06,0.42431640625
s_017130,tensor(0),DeeperForensics,0,2.384185791015625e-06,0.428955078125
s_017143,tensor(0),DeeperForensics,0,2.562999725341797e-06,0.45263671875
s_017176,tensor(0),DeeperForensics,0,2.682209014892578e-06,0.307861328125
s_017179,tensor(0),DeeperForensics,0,2.4437904357910156e-06,0.442138671875
s_017179,tensor(0),DeeperForensics,0,2.4437904357910156e-06,0.476318359375
s_017185,tensor(0),DeeperForensics,0,2.3245811462402344e-06,0.1995849609375
s_017187,tensor(0),DeeperForensics,0,2.3245811462402344e-06,0.1771240234375
s_017188,tensor(0),DeeperForensics,0,2.384185791015625e-06,0.091064453125
s_017192,tensor(0),DeeperForensics,0,3.039836883544922e-06,0.449462890625
s_017220,tensor(0),DeeperForensics,0,3.159046173095703e-06,0.49755859375
s_017223,tensor(0),DeeperForensics,0,2.4437904357910156e-06,0.1654052734375
s_017233,tensor(0),DeeperForensics,0,2.5033950805664062e-06,0.66552734375
s_017234,tensor(0),DeeperForensics,0,2.4437904357910156e-06,0.572265625
s_017256,tensor(0),DeeperForensics,0,2.384185791015625e-06,0.435302734375
s_017268,tensor(0),DeeperForensics,0,2.3245811462402344e-06,0.6572265625
s_017272,tensor(0),DeeperForensics,0,2.384185791015625e-06,0.2265625
s_017279,tensor(0),DeeperForensics,0,2.5033950805664062e-06,0.172119140625
s_017284,tensor(0),DeeperForensics,0,2.3245811462402344e-06,0.384033203125
s_017295,tensor(0),DeeperForensics,0,2.4437904357910156e-06,0.1285400390625
s_017302,tensor(0),DeeperForensics,0,2.3245811462402344e-06,0.198974609375
s_017305,tensor(0),DeeperForensics,0,2.384185791015625e-06,0.298095703125
s_017356,tensor(0),DeeperForensics,0,2.4437904357910156e-06,0.03253173828125
s_017363,tensor(0),DeeperForensics,0,2.682209014892578e-06,0.05108642578125
s_017364,tensor(0),DeeperForensics,0,2.682209014892578e-06,0.16748046875
s_017375,tensor(0),DeeperForensics,0,2.384185791015625e-06,0.278076171875
s_017413,tensor(0),DeeperForensics,0,2.5033950805664062e-06,0.4228515625
s_017435,tensor(0),DeeperForensics,0,2.3245811462402344e-06,0.3232421875
s_017442,tensor(0),DeeperForensics,0,2.086162567138672e-06,0.261474609375
s_017444,tensor(0),DeeperForensics,0,2.2649765014648438e-06,0.1549072265625
s_017445,tensor(0),DeeperForensics,0,2.2649765014648438e-06,0.1678466796875
s_017449,tensor(0),DeeperForensics,0,2.4437904357910156e-06,0.136474609375
s_017460,tensor(0),DeeperForensics,0,2.562999725341797e-06,0.5234375
s_017461,tensor(0),DeeperForensics,0,2.5033950805664062e-06,0.138916015625
s_017468,tensor(0),DeeperForensics,0,2.3245811462402344e-06,0.11083984375
s_017471,tensor(0),DeeperForensics,0,2.7418136596679688e-06,0.5380859375
s_017472,tensor(0),DeeperForensics,0,2.562999725341797e-06,0.419677734375
s_017501,tensor(0),DeeperForensics,0,2.7418136596679688e-06,0.548828125
s_017507,tensor(0),DeeperForensics,0,2.3245811462402344e-06,0.454345703125
s_017521,tensor(0),DeeperForensics,0,2.205371856689453e-06,0.3701171875
s_017522,tensor(0),DeeperForensics,0,2.8014183044433594e-06,0.60400390625
s_017532,tensor(0),DeeperForensics,0,2.9206275939941406e-06,0.286865234375
s_017541,tensor(0),DeeperForensics,0,2.3245811462402344e-06,0.658203125
s_017546,tensor(0),DeeperForensics,0,2.384185791015625e-06,0.33349609375
s_017551,tensor(0),DeeperForensics,0,2.2649765014648438e-06,0.42529296875
s_026322,tensor(0),DeeperForensics,0,2.384185791015625e-06,0.32470703125
s_026330,tensor(0),DeeperForensics,0,2.5033950805664062e-06,0.0517578125
s_026330,tensor(0),DeeperForensics,0,2.5033950805664062e-06,0.034942626953125
s_026330,tensor(0),DeeperForensics,0,2.4437904357910156e-06,0.044525146484375
s_026330,tensor(0),DeeperForensics,0,2.6226043701171875e-06,0.06085205078125
s_026330,tensor(0),DeeperForensics,0,2.8014183044433594e-06,0.02447509765625
s_026330,tensor(0),DeeperForensics,0,2.5033950805664062e-06,0.0289764404296875
s_026330,tensor(0),DeeperForensics,0,3.159046173095703e-06,0.4150390625
s_026330,tensor(0),DeeperForensics,0,3.2782554626464844e-06,0.271240234375
s_026330,tensor(0),DeeperForensics,0,2.3245811462402344e-06,0.33154296875
s_026330,tensor(0),DeeperForensics,0,2.2649765014648438e-06,0.22216796875
s_026330,tensor(0),DeeperForensics,0,2.682209014892578e-06,0.1685791015625
s_026330,tensor(0),DeeperForensics,0,2.682209014892578e-06,0.1571044921875
s_026330,tensor(0),DeeperForensics,0,2.562999725341797e-06,0.1947021484375
s_026330,tensor(0),DeeperForensics,0,2.6226043701171875e-06,0.1468505859375
s_026330,tensor(0),DeeperForensics,0,2.682209014892578e-06,0.11102294921875
s_026330,tensor(0),DeeperForensics,0,2.6226043701171875e-06,0.1094970703125
s_026330,tensor(0),DeeperForensics,0,2.562999725341797e-06,0.235595703125
s_026330,tensor(0),DeeperForensics,0,2.562999725341797e-06,0.2237548828125
s_026330,tensor(0),DeeperForensics,0,2.562999725341797e-06,0.1466064453125
s_026330,tensor(0),DeeperForensics,0,2.682209014892578e-06,0.1015625
s_026330,tensor(0),DeeperForensics,0,2.562999725341797e-06,0.1942138671875
s_026330,tensor(0),DeeperForensics,0,2.6226043701171875e-06,0.1634521484375
s_026330,tensor(0),DeeperForensics,0,2.6226043701171875e-06,0.2005615234375
s_026330,tensor(0),DeeperForensics,0,2.562999725341797e-06,0.142822265625
s_026330,tensor(0),DeeperForensics,0,2.6226043701171875e-06,0.055938720703125
s_026331,tensor(0),DeeperForensics,0,2.562999725341797e-06,0.20654296875
s_026331,tensor(0),DeeperForensics,0,2.8014183044433594e-06,0.18359375
s_026331,tensor(0),DeeperForensics,0,2.682209014892578e-06,0.2398681640625
s_026331,tensor(0),DeeperForensics,0,2.6226043701171875e-06,0.31005859375
s_026331,tensor(0),DeeperForensics,0,2.6226043701171875e-06,0.322509765625
s_026331,tensor(0),DeeperForensics,0,2.562999725341797e-06,0.328857421875
s_026331,tensor(0),DeeperForensics,0,3.159046173095703e-06,0.779296875
s_026331,tensor(0),DeeperForensics,0,3.814697265625e-06,0.70849609375
s_026331,tensor(0),DeeperForensics,0,2.5033950805664062e-06,0.67919921875
s_026331,tensor(0),DeeperForensics,0,2.5033950805664062e-06,0.62109375
s_026331,tensor(0),DeeperForensics,0,2.562999725341797e-06,0.42138671875
s_026331,tensor(0),DeeperForensics,0,2.6226043701171875e-06,0.44970703125
s_026331,tensor(0),DeeperForensics,0,2.4437904357910156e-06,0.29736328125
s_026331,tensor(0),DeeperForensics,0,2.9206275939941406e-06,0.314208984375
s_026331,tensor(0),DeeperForensics,0,2.6226043701171875e-06,0.2166748046875
s_026331,tensor(0),DeeperForensics,0,2.682209014892578e-06,0.35693359375
s_026331,tensor(0),DeeperForensics,0,2.4437904357910156e-06,0.6416015625
s_026331,tensor(0),DeeperForensics,0,2.682209014892578e-06,0.64599609375
s_026331,tensor(0),DeeperForensics,0,2.562999725341797e-06,0.312255859375
s_026331,tensor(0),DeeperForensics,0,2.562999725341797e-06,0.45556640625
s_026331,tensor(0),DeeperForensics,0,2.6226043701171875e-06,0.51318359375
s_026331,tensor(0),DeeperForensics,0,2.682209014892578e-06,0.6015625
s_026331,tensor(0),DeeperForensics,0,2.6226043701171875e-06,0.51025390625
s_026331,tensor(0),DeeperForensics,0,2.9206275939941406e-06,0.41455078125
s_026331,tensor(0),DeeperForensics,0,2.682209014892578e-06,0.16943359375
s_026346,tensor(0),DeeperForensics,0,2.3245811462402344e-06,0.3359375
s_026346,tensor(0),DeeperForensics,0,2.7418136596679688e-06,0.220703125
s_026346,tensor(0),DeeperForensics,0,2.4437904357910156e-06,0.337158203125
s_026346,tensor(0),DeeperForensics,0,2.6226043701171875e-06,0.55615234375
s_026346,tensor(0),DeeperForensics,0,2.7418136596679688e-06,0.5390625
s_026346,tensor(0),DeeperForensics,0,2.9206275939941406e-06,0.537109375
s_026346,tensor(0),DeeperForensics,0,2.562999725341797e-06,0.39111328125
s_026346,tensor(0),DeeperForensics,0,2.5033950805664062e-06,0.52587890625
s_026346,tensor(0),DeeperForensics,0,2.6226043701171875e-06,0.646484375
s_026346,tensor(0),DeeperForensics,0,2.384185791015625e-06,0.4619140625
s_026346,tensor(0),DeeperForensics,0,2.384185791015625e-06,0.5302734375
s_026346,tensor(0),DeeperForensics,0,2.384185791015625e-06,0.389892578125
s_026346,tensor(0),DeeperForensics,0,2.682209014892578e-06,0.265625
s_069797,tensor(0),FaceForensics++,0,0.9990234375,0.97705078125
s_069797,tensor(0),FaceForensics++,0,1.0,0.85205078125
s_069802,tensor(0),FaceForensics++,0,1.0,0.99853515625
s_069802,tensor(0),FaceForensics++,0,1.0,0.99609375
s_069802,tensor(0),FaceForensics++,0,1.0,0.99609375
s_069810,tensor(0),FaceForensics++,0,0.99755859375,0.9990234375
s_069810,tensor(0),FaceForensics++,0,0.042022705078125,0.99951171875
s_069810,tensor(0),FaceForensics++,0,0.004070281982421875,0.99609375
s_069812,tensor(0),FaceForensics++,0,0.8701171875,0.99560546875
s_069812,tensor(0),FaceForensics++,0,0.99462890625,0.9931640625
s_069812,tensor(0),FaceForensics++,0,0.82275390625,0.986328125
s_069812,tensor(0),FaceForensics++,0,0.0038242340087890625,0.9931640625
s_069812,tensor(0),FaceForensics++,0,0.04046630859375,0.99755859375
s_069844,tensor(0),FaceForensics++,0,1.0,0.99658203125
s_069844,tensor(0),FaceForensics++,0,0.0222930908203125,0.98828125
s_069844,tensor(0),FaceForensics++,0,0.99755859375,0.98779296875
s_069844,tensor(0),FaceForensics++,0,0.998046875,0.98876953125
s_069844,tensor(0),FaceForensics++,0,1.0,0.9853515625
s_069844,tensor(0),FaceForensics++,0,0.99951171875,0.998046875
s_069844,tensor(0),FaceForensics++,0,1.0,0.994140625
s_069844,tensor(0),FaceForensics++,0,1.0,0.998046875
s_069844,tensor(0),FaceForensics++,0,1.0,0.994140625
s_069844,tensor(0),FaceForensics++,0,1.0,0.99658203125
s_069889,tensor(0),FaceForensics++,0,0.7734375,0.9970703125
s_069889,tensor(0),FaceForensics++,0,1.0,0.99560546875
s_069889,tensor(0),FaceForensics++,0,0.9990234375,0.99560546875
s_069889,tensor(0),FaceForensics++,0,0.0014553070068359375,0.99658203125
s_069956,tensor(0),FaceForensics++,0,0.0003981590270996094,0.98974609375
s_069956,tensor(0),FaceForensics++,0,0.0017271041870117188,0.99560546875
s_069956,tensor(0),FaceForensics++,0,0.00033020973205566406,0.9970703125
s_069956,tensor(0),FaceForensics++,0,0.0002512931823730469,0.9970703125
s_069959,tensor(0),FaceForensics++,0,6.711483001708984e-05,0.986328125
s_069959,tensor(0),FaceForensics++,0,7.253885269165039e-05,0.984375
s_069959,tensor(0),FaceForensics++,0,0.00014770030975341797,0.99365234375
s_069959,tensor(0),FaceForensics++,0,3.9458274841308594e-05,0.9951171875
s_069959,tensor(0),FaceForensics++,0,3.790855407714844e-05,0.98046875
s_069959,tensor(0),FaceForensics++,0,3.272294998168945e-05,0.99560546875
s_069959,tensor(0),FaceForensics++,0,8.350610733032227e-05,0.9853515625
s_069959,tensor(0),FaceForensics++,0,7.367134094238281e-05,0.99072265625
s_069959,tensor(0),FaceForensics++,0,6.657838821411133e-05,0.98291015625
s_069959,tensor(0),FaceForensics++,0,7.843971252441406e-05,0.9873046875
s_070003,tensor(0),FaceForensics++,0,0.00014650821685791016,0.986328125
s_070003,tensor(0),FaceForensics++,0,0.00010722875595092773,0.978515625
s_070003,tensor(0),FaceForensics++,0,0.00010073184967041016,0.99267578125
s_070003,tensor(0),FaceForensics++,0,0.00010722875595092773,0.990234375
s_070003,tensor(0),FaceForensics++,0,0.00011593103408813477,0.982421875
s_070003,tensor(0),FaceForensics++,0,0.0007352828979492188,0.984375
s_070034,tensor(0),FaceForensics++,0,1.0,0.99755859375
s_070034,tensor(1),FaceForensics++,0,1.0,0.998046875
s_070034,tensor(3),FaceForensics++,0,1.0,0.99951171875
s_070034,tensor(0),FaceForensics++,0,1.0,0.99755859375
s_070034,tensor(1),FaceForensics++,0,1.0,0.99609375
s_070034,tensor(3),FaceForensics++,0,1.0,0.99951171875
s_070034,tensor(0),FaceForensics++,0,1.0,0.998046875
s_070034,tensor(1),FaceForensics++,0,1.0,0.99609375
s_070034,tensor(3),FaceForensics++,0,1.0,0.99951171875
s_070034,tensor(0),FaceForensics++,0,1.0,0.99755859375
s_070034,tensor(1),FaceForensics++,0,1.0,0.99658203125
s_070034,tensor(3),FaceForensics++,0,1.0,0.9990234375
s_070038,tensor(1),FaceForensics++,0,1.0,0.72314453125
s_070038,tensor(1),FaceForensics++,0,1.0,0.9384765625
s_070038,tensor(1),FaceForensics++,0,1.0,0.7685546875
s_070038,tensor(1),FaceForensics++,0,1.0,0.8984375
s_070040,tensor(0),FaceForensics++,0,0.0001926422119140625,0.87841796875
s_007302,tensor(0),DeeperForensics,1,1.0,0.99951171875
s_007320,tensor(0),DeeperForensics,1,1.0,0.99365234375
s_007320,tensor(0),DeeperForensics,1,1.0,0.994140625
s_007320,tensor(0),DeeperForensics,1,1.0,0.9951171875
s_007320,tensor(0),DeeperForensics,1,1.0,0.99658203125
s_007320,tensor(0),DeeperForensics,1,1.0,0.9951171875
s_007333,tensor(1),DeeperForensics,1,0.99951171875,0.31982421875
s_007333,tensor(1),DeeperForensics,1,1.0,0.59765625
s_007333,tensor(1),DeeperForensics,1,0.99951171875,0.1708984375
s_007333,tensor(1),DeeperForensics,1,0.99951171875,0.1497802734375
s_007333,tensor(1),DeeperForensics,1,0.998046875,0.262939453125
s_007333,tensor(1),DeeperForensics,1,0.9931640625,0.01177978515625
s_007333,tensor(1),DeeperForensics,1,0.31591796875,0.0038089752197265625
s_007333,tensor(1),DeeperForensics,1,0.99853515625,0.02044677734375
s_007333,tensor(0),DeeperForensics,1,1.0,0.95263671875
s_007333,tensor(1),DeeperForensics,1,0.9970703125,0.00760650634765625
s_007378,tensor(0),DeeperForensics,1,1.0,0.99658203125
s_007378,tensor(0),DeeperForensics,1,1.0,0.99609375
s_007378,tensor(0),DeeperForensics,1,1.0,0.99560546875
s_007378,tensor(0),DeeperForensics,1,1.0,0.99658203125
s_007378,tensor(0),DeeperForensics,1,1.0,0.99658203125
s_007378,tensor(0),DeeperForensics,1,1.0,0.99658203125
s_007397,tensor(0),DeeperForensics,1,1.0,0.986328125
s_007397,tensor(0),DeeperForensics,1,1.0,0.9951171875
s_007397,tensor(0),DeeperForensics,1,1.0,0.9951171875
s_007400,tensor(0),DeeperForensics,1,1.0,0.99755859375
s_007400,tensor(0),DeeperForensics,1,1.0,0.9970703125
s_007400,tensor(0),DeeperForensics,1,1.0,0.99755859375
s_007400,tensor(0),DeeperForensics,1,1.0,0.9970703125
s_007425,tensor(0),DeeperForensics,1,1.0,0.99755859375
s_007425,tensor(0),DeeperForensics,1,1.0,0.99755859375
s_007425,tensor(0),DeeperForensics,1,1.0,0.99658203125
s_007425,tensor(0),DeeperForensics,1,1.0,0.9970703125
s_007425,tensor(0),DeeperForensics,1,1.0,0.99853515625
s_007425,tensor(0),DeeperForensics,1,1.0,0.99658203125
s_007425,tensor(0),DeeperForensics,1,1.0,0.99462890625
s_007425,tensor(0),DeeperForensics,1,1.0,0.99755859375
s_007425,tensor(0),DeeperForensics,1,1.0,0.99658203125
s_007425,tensor(0),DeeperForensics,1,1.0,0.99169921875
s_007425,tensor(0),DeeperForensics,1,1.0,0.9931640625
s_007425,tensor(0),DeeperForensics,1,1.0,0.994140625
s_007428,tensor(0),DeeperForensics,1,1.0,0.9931640625
s_007462,tensor(0),DeeperForensics,1,1.0,0.99951171875
s_007462,tensor(0),DeeperForensics,1,1.0,0.99951171875
s_007462,tensor(0),DeeperForensics,1,1.0,0.99951171875
s_007462,tensor(0),DeeperForensics,1,1.0,0.99951171875
s_007462,tensor(0),DeeperForensics,1,1.0,0.9990234375
s_007474,tensor(0),DeeperForensics,1,1.0,0.9970703125
s_007474,tensor(0),DeeperForensics,1,1.0,0.994140625
s_007474,tensor(0),DeeperForensics,1,1.0,0.99560546875
s_007474,tensor(0),DeeperForensics,1,1.0,0.99853515625
s_007474,tensor(0),DeeperForensics,1,1.0,0.9970703125
s_007474,tensor(0),DeeperForensics,1,1.0,0.99755859375
s_007493,tensor(0),DeeperForensics,1,1.0,0.98291015625
s_007493,tensor(0),DeeperForensics,1,1.0,0.97802734375
s_007493,tensor(0),DeeperForensics,1,1.0,0.98095703125
s_007493,tensor(0),DeeperForensics,1,1.0,0.97998046875
s_007493,tensor(0),DeeperForensics,1,1.0,0.97998046875
s_007548,tensor(0),DeeperForensics,1,1.0,0.9462890625
s_007548,tensor(0),DeeperForensics,1,1.0,0.95947265625
s_007548,tensor(0),DeeperForensics,1,1.0,0.943359375
s_007586,tensor(0),DeeperForensics,1,1.0,0.9912109375
s_007586,tensor(0),DeeperForensics,1,1.0,0.9921875
s_007586,tensor(0),DeeperForensics,1,1.0,0.98974609375
s_017552,tensor(0),DeeperForensics,0,2.384185791015625e-06,0.1114501953125
s_017553,tensor(0),DeeperForensics,0,2.384185791015625e-06,0.24365234375
s_017569,tensor(0),DeeperForensics,0,2.5033950805664062e-06,0.5615234375
s_017572,tensor(0),DeeperForensics,0,2.682209014892578e-06,0.377685546875
s_017577,tensor(0),DeeperForensics,0,2.2649765014648438e-06,0.3974609375
s_017580,tensor(0),DeeperForensics,0,2.384185791015625e-06,0.08587646484375
s_017594,tensor(0),DeeperForensics,0,2.384185791015625e-06,0.155517578125
s_017625,tensor(0),DeeperForensics,0,2.2649765014648438e-06,0.640625
s_017632,tensor(0),DeeperForensics,0,2.2649765014648438e-06,0.6962890625
s_017648,tensor(0),DeeperForensics,0,2.384185791015625e-06,0.45556640625
s_017666,tensor(0),DeeperForensics,0,2.4437904357910156e-06,0.63671875
s_017668,tensor(0),DeeperForensics,0,2.3245811462402344e-06,0.334716796875
s_017693,tensor(0),DeeperForensics,0,2.384185791015625e-06,0.274169921875
s_017698,tensor(0),DeeperForensics,0,2.3245811462402344e-06,0.2529296875
s_017704,tensor(0),DeeperForensics,0,2.384185791015625e-06,0.2274169921875
s_017711,tensor(0),DeeperForensics,0,2.4437904357910156e-06,0.31005859375
s_017713,tensor(0),DeeperForensics,0,2.4437904357910156e-06,0.301025390625
s_017721,tensor(0),DeeperForensics,0,2.4437904357910156e-06,0.188720703125
s_017722,tensor(0),DeeperForensics,0,2.1457672119140625e-06,0.50537109375
s_017725,tensor(0),DeeperForensics,0,2.5033950805664062e-06,0.1365966796875
s_017791,tensor(0),DeeperForensics,0,2.1457672119140625e-06,0.437744140625
s_017794,tensor(0),DeeperForensics,0,2.384185791015625e-06,0.53564453125
s_017804,tensor(0),DeeperForensics,0,2.562999725341797e-06,0.1866455078125
s_017810,tensor(0),DeeperForensics,0,2.205371856689453e-06,0.474853515625
s_017838,tensor(0),DeeperForensics,0,2.6226043701171875e-06,0.38720703125
s_017850,tensor(0),DeeperForensics,0,2.4437904357910156e-06,0.2342529296875
s_017864,tensor(0),DeeperForensics,0,2.3245811462402344e-06,0.470947265625
s_017866,tensor(0),DeeperForensics,0,2.086162567138672e-06,0.572265625
s_017882,tensor(0),DeeperForensics,0,2.384185791015625e-06,0.66552734375
s_017893,tensor(0),DeeperForensics,0,2.3245811462402344e-06,0.281982421875
s_017904,tensor(0),DeeperForensics,0,2.4437904357910156e-06,0.07861328125
s_017906,tensor(0),DeeperForensics,0,2.4437904357910156e-06,0.452392578125
s_017945,tensor(0),DeeperForensics,0,2.5033950805664062e-06,0.387451171875
s_017962,tensor(0),DeeperForensics,0,2.4437904357910156e-06,0.36279296875
s_017962,tensor(0),DeeperForensics,0,2.3245811462402344e-06,0.35546875
s_017963,tensor(0),DeeperForensics,0,2.205371856689453e-06,0.37841796875
s_017963,tensor(0),DeeperForensics,0,2.3245811462402344e-06,0.298583984375
s_017978,tensor(0),DeeperForensics,0,2.6226043701171875e-06,0.5263671875
s_018018,tensor(0),DeeperForensics,0,2.2649765014648438e-06,0.475341796875
s_018022,tensor(0),DeeperForensics,0,2.2649765014648438e-06,0.2734375
s_018026,tensor(0),DeeperForensics,0,2.6226043701171875e-06,0.365966796875
s_018048,tensor(0),DeeperForensics,0,2.384185791015625e-06,0.34130859375
s_018081,tensor(0),DeeperForensics,0,2.5033950805664062e-06,0.41845703125
s_018083,tensor(0),DeeperForensics,0,2.6226043701171875e-06,0.60009765625
s_018106,tensor(0),DeeperForensics,0,2.3245811462402344e-06,0.316650390625
s_018107,tensor(0),DeeperForensics,0,2.5033950805664062e-06,0.2110595703125
s_018110,tensor(0),DeeperForensics,0,2.682209014892578e-06,0.44677734375
s_018120,tensor(0),DeeperForensics,0,2.4437904357910156e-06,0.5263671875
s_018121,tensor(0),DeeperForensics,0,2.562999725341797e-06,0.192138671875
s_018123,tensor(0),DeeperForensics,0,2.384185791015625e-06,0.2391357421875
s_018133,tensor(0),DeeperForensics,0,2.3245811462402344e-06,0.289794921875
s_018133,tensor(0),DeeperForensics,0,2.384185791015625e-06,0.2235107421875
s_018147,tensor(0),DeeperForensics,0,2.205371856689453e-06,0.18359375
s_018163,tensor(0),DeeperForensics,0,2.3245811462402344e-06,0.486083984375
s_018165,tensor(0),DeeperForensics,0,2.4437904357910156e-06,0.50390625
s_018179,tensor(0),DeeperForensics,0,2.1457672119140625e-06,0.384765625
s_018187,tensor(0),DeeperForensics,0,2.384185791015625e-06,0.56103515625
s_018210,tensor(0),DeeperForensics,0,2.3245811462402344e-06,0.10504150390625
s_018211,tensor(0),DeeperForensics,0,2.3245811462402344e-06,0.24658203125
s_018223,tensor(0),DeeperForensics,0,2.2649765014648438e-06,0.3994140625
s_018228,tensor(0),DeeperForensics,0,2.2649765014648438e-06,0.36376953125
s_018242,tensor(0),DeeperForensics,0,2.205371856689453e-06,0.469482421875
s_018244,tensor(0),DeeperForensics,0,2.3245811462402344e-06,0.414306640625
s_018249,tensor(0),DeeperForensics,0,2.384185791015625e-06,0.31982421875
s_026346,tensor(0),DeeperForensics,0,2.384185791015625e-06,0.329833984375
s_026346,tensor(0),DeeperForensics,0,2.384185791015625e-06,0.324462890625
s_026346,tensor(0),DeeperForensics,0,2.384185791015625e-06,0.349853515625
s_026346,tensor(0),DeeperForensics,0,2.562999725341797e-06,0.483154296875
s_026346,tensor(0),DeeperForensics,0,2.6226043701171875e-06,0.444091796875
s_026346,tensor(0),DeeperForensics,0,2.7418136596679688e-06,0.308837890625
s_026346,tensor(0),DeeperForensics,0,2.7418136596679688e-06,0.431396484375
s_026346,tensor(0),DeeperForensics,0,2.682209014892578e-06,0.39697265625
s_026346,tensor(0),DeeperForensics,0,2.682209014892578e-06,0.431396484375
s_026346,tensor(0),DeeperForensics,0,2.5033950805664062e-06,0.407958984375
s_026346,tensor(0),DeeperForensics,0,2.562999725341797e-06,0.429931640625
s_026346,tensor(0),DeeperForensics,0,2.5033950805664062e-06,0.370361328125
s_026346,tensor(0),DeeperForensics,0,2.5033950805664062e-06,0.399169921875
s_026346,tensor(0),DeeperForensics,0,2.384185791015625e-06,0.58447265625
s_026346,tensor(0),DeeperForensics,0,2.682209014892578e-06,0.364013671875
s_026346,tensor(0),DeeperForensics,0,2.562999725341797e-06,0.5419921875
s_026346,tensor(0),DeeperForensics,0,2.562999725341797e-06,0.515625
s_026346,tensor(0),DeeperForensics,0,2.6226043701171875e-06,0.50732421875
s_026346,tensor(0),DeeperForensics,0,2.4437904357910156e-06,0.460693359375
s_026346,tensor(0),DeeperForensics,0,2.5033950805664062e-06,0.25048828125
s_026347,tensor(0),DeeperForensics,0,2.5033950805664062e-06,0.95703125
s_026353,tensor(0),DeeperForensics,0,2.384185791015625e-06,0.271484375
s_026353,tensor(0),DeeperForensics,0,2.5033950805664062e-06,0.2548828125
s_026353,tensor(0),DeeperForensics,0,2.5033950805664062e-06,0.267333984375
s_026353,tensor(0),DeeperForensics,0,2.562999725341797e-06,0.56103515625
s_026353,tensor(0),DeeperForensics,0,2.5033950805664062e-06,0.52783203125
s_026353,tensor(0),DeeperForensics,0,2.384185791015625e-06,0.412109375
s_026353,tensor(0),DeeperForensics,0,2.6226043701171875e-06,0.74951171875
s_026353,tensor(0),DeeperForensics,0,2.4437904357910156e-06,0.65478515625
s_026353,tensor(0),DeeperForensics,0,2.4437904357910156e-06,0.6513671875
s_026353,tensor(0),DeeperForensics,0,2.562999725341797e-06,0.337158203125
s_026353,tensor(0),DeeperForensics,0,2.5033950805664062e-06,0.468505859375
s_026353,tensor(0),DeeperForensics,0,2.4437904357910156e-06,0.456787109375
s_026353,tensor(0),DeeperForensics,0,2.5033950805664062e-06,0.353271484375
s_026353,tensor(0),DeeperForensics,0,2.6226043701171875e-06,0.411376953125
s_026353,tensor(0),DeeperForensics,0,2.5033950805664062e-06,0.381103515625
s_026353,tensor(0),DeeperForensics,0,2.562999725341797e-06,0.46826171875
s_026353,tensor(0),DeeperForensics,0,2.4437904357910156e-06,0.60009765625
s_026353,tensor(0),DeeperForensics,0,2.4437904357910156e-06,0.452392578125
s_026353,tensor(0),DeeperForensics,0,2.4437904357910156e-06,0.39208984375
s_026353,tensor(0),DeeperForensics,0,2.4437904357910156e-06,0.447509765625
s_026353,tensor(0),DeeperForensics,0,2.384185791015625e-06,0.5576171875
s_026353,tensor(0),DeeperForensics,0,2.384185791015625e-06,0.64404296875
s_026353,tensor(0),DeeperForensics,0,2.562999725341797e-06,0.41796875
s_026353,tensor(0),DeeperForensics,0,2.4437904357910156e-06,0.4306640625
s_026357,tensor(0),DeeperForensics,0,2.6226043701171875e-06,0.09588623046875
s_026357,tensor(0),DeeperForensics,0,2.6226043701171875e-06,0.09808349609375
s_026357,tensor(0),DeeperForensics,0,2.6226043701171875e-06,0.131103515625
s_026357,tensor(0),DeeperForensics,0,2.682209014892578e-06,0.1788330078125
s_026357,tensor(0),DeeperForensics,0,2.6226043701171875e-06,0.192138671875
s_026357,tensor(0),DeeperForensics,0,2.562999725341797e-06,0.159912109375
s_026357,tensor(0),DeeperForensics,0,2.682209014892578e-06,0.1796875
s_026357,tensor(0),DeeperForensics,0,2.6226043701171875e-06,0.127685546875
s_026357,tensor(0),DeeperForensics,0,2.5033950805664062e-06,0.18603515625
s_026357,tensor(0),DeeperForensics,0,2.562999725341797e-06,0.2421875
s_026357,tensor(0),DeeperForensics,0,2.7418136596679688e-06,0.130859375
s_026357,tensor(0),DeeperForensics,0,2.6226043701171875e-06,0.2802734375
s_026357,tensor(0),DeeperForensics,0,2.5033950805664062e-06,0.22607421875
s_026357,tensor(0),DeeperForensics,0,2.562999725341797e-06,0.219970703125
s_026357,tensor(0),DeeperForensics,0,2.562999725341797e-06,0.20703125
s_026357,tensor(0),DeeperForensics,0,2.562999725341797e-06,0.2335205078125
s_026357,tensor(0),DeeperForensics,0,2.562999725341797e-06,0.250732421875
s_026357,tensor(0),DeeperForensics,0,2.6226043701171875e-06,0.206298828125
s_026357,tensor(0),DeeperForensics,0,2.562999725341797e-06,0.1827392578125
s_070040,tensor(0),FaceForensics++,0,0.00016736984252929688,0.9462890625
s_070064,tensor(0),FaceForensics++,0,0.00035834312438964844,0.94873046875
s_070064,tensor(0),FaceForensics++,0,0.01036834716796875,0.9775390625
s_070064,tensor(0),FaceForensics++,0,0.00011235475540161133,0.98876953125
s_070064,tensor(0),FaceForensics++,0,0.0004546642303466797,0.99609375
s_070064,tensor(0),FaceForensics++,0,0.0009145736694335938,0.95703125
s_070064,tensor(0),FaceForensics++,0,0.0035800933837890625,0.96630859375
s_070064,tensor(0),FaceForensics++,0,0.0006070137023925781,0.87646484375
s_070064,tensor(0),FaceForensics++,0,0.0007266998291015625,0.90380859375
s_070064,tensor(0),FaceForensics++,0,0.00017130374908447266,0.9765625
s_070070,tensor(0),FaceForensics++,0,1.0,0.91064453125
s_070070,tensor(0),FaceForensics++,0,1.0,0.89404296875
s_070070,tensor(0),FaceForensics++,0,0.99951171875,0.841796875
s_070070,tensor(0),FaceForensics++,0,0.446044921875,0.8134765625
s_070124,tensor(0),FaceForensics++,0,0.0003407001495361328,0.9384765625
s_070124,tensor(0),FaceForensics++,0,6.455183029174805e-05,0.966796875
s_070127,tensor(0),FaceForensics++,0,8.958578109741211e-05,0.984375
s_070127,tensor(2),FaceForensics++,0,1.0,0.994140625
s_070127,tensor(0),FaceForensics++,0,4.947185516357422e-05,0.95654296875
s_070127,tensor(0),FaceForensics++,0,5.02467155456543e-05,0.98193359375
s_070127,tensor(0),FaceForensics++,0,6.109476089477539e-05,0.96484375
s_070127,tensor(0),FaceForensics++,0,5.650520324707031e-05,0.96923828125
s_070127,tensor(0),FaceForensics++,0,5.1021575927734375e-05,0.9580078125
s_070127,tensor(0),FaceForensics++,0,9.244680404663086e-05,0.9619140625
s_070133,tensor(0),FaceForensics++,0,0.00012636184692382812,0.9873046875
s_070133,tensor(0),FaceForensics++,0,0.0002434253692626953,0.98974609375
s_070157,tensor(0),FaceForensics++,0,0.0032482147216796875,0.7490234375
s_070169,tensor(0),FaceForensics++,0,0.83154296875,0.99951171875
s_070169,tensor(0),FaceForensics++,0,1.0,0.9990234375
s_070169,tensor(0),FaceForensics++,0,1.0,0.99951171875
s_070187,tensor(0),FaceForensics++,0,7.969141006469727e-05,0.99658203125
s_070192,tensor(0),FaceForensics++,0,0.00045299530029296875,0.96826171875
s_070192,tensor(0),FaceForensics++,0,0.0011510848999023438,0.9716796875
s_070192,tensor(0),FaceForensics++,0,0.0002359151840209961,0.98193359375
s_070218,tensor(0),FaceForensics++,0,0.002521514892578125,0.9765625
s_070218,tensor(0),FaceForensics++,0,0.0017547607421875,0.97802734375
s_070218,tensor(0),FaceForensics++,0,0.0020580291748046875,0.98046875
s_070218,tensor(0),FaceForensics++,0,0.020721435546875,0.97412109375
s_070222,tensor(0),FaceForensics++,0,1.0,0.9990234375
s_070222,tensor(0),FaceForensics++,0,1.0,0.99951171875
s_070222,tensor(0),FaceForensics++,0,1.0,0.9990234375
s_070222,tensor(0),FaceForensics++,0,1.0,0.9990234375
s_070236,tensor(0),FaceForensics++,0,0.99951171875,0.94677734375
s_070236,tensor(0),FaceForensics++,0,0.99755859375,0.92626953125
s_070236,tensor(0),FaceForensics++,0,0.0552978515625,0.96728515625
s_070236,tensor(0),FaceForensics++,0,0.9970703125,0.92919921875
s_070236,tensor(0),FaceForensics++,0,0.155029296875,0.92626953125
s_070236,tensor(0),FaceForensics++,0,0.006511688232421875,0.92138671875
s_070236,tensor(0),FaceForensics++,0,0.00047469139099121094,0.982421875
s_070295,tensor(0),FaceForensics++,0,0.0005974769592285156,0.85302734375
s_070295,tensor(0),FaceForensics++,0,0.0011739730834960938,0.70361328125
s_070295,tensor(0),FaceForensics++,0,0.74755859375,0.7216796875
s_070295,tensor(0),FaceForensics++,0,0.0005931854248046875,0.8251953125
s_070321,tensor(0),FaceForensics++,0,0.04876708984375,0.9404296875
s_070321,tensor(0),FaceForensics++,0,0.0029468536376953125,0.92236328125
s_070321,tensor(0),FaceForensics++,0,0.014007568359375,0.96240234375
s_070321,tensor(0),FaceForensics++,0,0.00257110595703125,0.88916015625
s_070321,tensor(0),FaceForensics++,0,0.99853515625,0.94189453125
s_070335,tensor(0),HiDF,1,1.0,0.97412109375
s_070336,tensor(0),HiDF,1,1.0,0.94921875
s_070340,tensor(0),HiDF,1,1.0,0.96923828125
s_070349,tensor(0),HiDF,1,1.0,0.9970703125
s_070356,tensor(0),HiDF,1,1.0,0.9970703125
s_070358,tensor(0),HiDF,1,0.99951171875,0.84521484375
s_007586,tensor(0),DeeperForensics,1,1.0,0.986328125
s_007586,tensor(0),DeeperForensics,1,1.0,0.9853515625
s_007617,tensor(0),DeeperForensics,1,1.0,0.95947265625
s_007617,tensor(0),DeeperForensics,1,1.0,0.9580078125
s_007617,tensor(0),DeeperForensics,1,1.0,0.962890625
s_007617,tensor(0),DeeperForensics,1,1.0,0.9599609375
s_007629,tensor(0),DeeperForensics,1,1.0,0.99951171875
s_007629,tensor(0),DeeperForensics,1,1.0,0.99951171875
s_007629,tensor(0),DeeperForensics,1,1.0,0.99951171875
s_007629,tensor(0),DeeperForensics,1,1.0,0.99951171875
s_007629,tensor(0),DeeperForensics,1,1.0,0.99951171875
s_007693,tensor(2),DeeperForensics,1,1.0,0.9990234375
s_007758,tensor(0),DeeperForensics,1,1.0,0.99658203125
s_007758,tensor(0),DeeperForensics,1,1.0,0.99609375
s_007758,tensor(0),DeeperForensics,1,1.0,0.99560546875
s_007759,tensor(0),DeeperForensics,1,1.0,0.99755859375
s_007759,tensor(0),DeeperForensics,1,1.0,0.998046875
s_007759,tensor(0),DeeperForensics,1,1.0,0.99755859375
s_007789,tensor(0),DeeperForensics,1,1.0,0.9765625
s_007789,tensor(0),DeeperForensics,1,1.0,0.9765625
s_007789,tensor(0),DeeperForensics,1,1.0,0.970703125
s_007789,tensor(0),DeeperForensics,1,1.0,0.97265625
s_007789,tensor(0),DeeperForensics,1,1.0,0.9765625
s_007789,tensor(17),DeeperForensics,1,0.402099609375,0.0240478515625
s_007789,tensor(0),DeeperForensics,1,1.0,0.96875
s_007789,tensor(17),DeeperForensics,1,0.09124755859375,0.041473388671875
s_007789,tensor(0),DeeperForensics,1,1.0,0.9677734375
s_007789,tensor(18),DeeperForensics,1,0.99951171875,0.030731201171875
s_007789,tensor(0),DeeperForensics,1,1.0,0.97509765625
s_007791,tensor(1),DeeperForensics,1,0.9970703125,0.00266265869140625
s_007791,tensor(1),DeeperForensics,1,0.99609375,0.002471923828125
s_007791,tensor(1),DeeperForensics,1,0.9990234375,0.0024242401123046875
s_007791,tensor(1),DeeperForensics,1,0.9970703125,0.0030879974365234375
s_007791,tensor(1),DeeperForensics,1,0.9931640625,0.00392913818359375
s_007791,tensor(3),DeeperForensics,1,0.33154296875,0.00250244140625
s_007791,tensor(1),DeeperForensics,1,0.99609375,0.0035114288330078125
s_007791,tensor(3),DeeperForensics,1,0.9248046875,0.002010345458984375
s_007791,tensor(1),DeeperForensics,1,0.98779296875,0.00443267822265625
s_007791,tensor(3),DeeperForensics,1,0.10614013671875,0.0004878044128417969
s_007791,tensor(1),DeeperForensics,1,0.98486328125,0.004718780517578125
s_007791,tensor(3),DeeperForensics,1,0.10540771484375,0.0004954338073730469
s_007791,tensor(1),DeeperForensics,1,0.99462890625,0.004718780517578125
s_007791,tensor(3),DeeperForensics,1,0.12200927734375,0.0005507469177246094
s_007799,tensor(0),DeeperForensics,1,1.0,0.9921875
s_007799,tensor(0),DeeperForensics,1,1.0,0.98974609375
s_007799,tensor(0),DeeperForensics,1,1.0,0.99169921875
s_007799,tensor(0),DeeperForensics,1,1.0,0.99365234375
s_007799,tensor(0),DeeperForensics,1,1.0,0.99267578125
s_007799,tensor(0),DeeperForensics,1,1.0,0.98974609375
s_007805,tensor(1),DeeperForensics,1,0.99853515625,0.62353515625
s_007805,tensor(1),DeeperForensics,1,0.99658203125,0.08599853515625
s_007805,tensor(1),DeeperForensics,1,0.99853515625,0.1611328125
s_007805,tensor(1),DeeperForensics,1,0.9990234375,0.322265625
s_007805,tensor(1),DeeperForensics,1,0.99951171875,0.31201171875
s_007805,tensor(0),DeeperForensics,1,1.0,0.99462890625
s_007805,tensor(1),DeeperForensics,1,1.0,0.56982421875
s_007805,tensor(1),DeeperForensics,1,1.0,0.99169921875
s_007805,tensor(1),DeeperForensics,1,1.0,0.98681640625
s_007812,tensor(0),DeeperForensics,1,1.0,0.96484375
s_007812,tensor(0),DeeperForensics,1,1.0,0.9501953125
s_007812,tensor(0),DeeperForensics,1,1.0,0.9228515625
s_007846,tensor(0),DeeperForensics,1,1.0,0.9951171875
s_007846,tensor(0),DeeperForensics,1,1.0,0.9951171875
s_007846,tensor(0),DeeperForensics,1,1.0,0.99365234375
s_018249,tensor(0),DeeperForensics,0,2.4437904357910156e-06,0.14794921875
s_018249,tensor(0),DeeperForensics,0,2.562999725341797e-06,0.10723876953125
s_018249,tensor(0),DeeperForensics,0,2.2649765014648438e-06,0.118408203125
s_018249,tensor(0),DeeperForensics,0,2.5033950805664062e-06,0.483154296875
s_018249,tensor(0),DeeperForensics,0,2.384185791015625e-06,0.427734375
s_018249,tensor(0),DeeperForensics,0,2.4437904357910156e-06,0.1201171875
s_018249,tensor(0),DeeperForensics,0,2.384185791015625e-06,0.21142578125
s_018249,tensor(0),DeeperForensics,0,2.384185791015625e-06,0.2191162109375
s_018249,tensor(0),DeeperForensics,0,2.2649765014648438e-06,0.25732421875
s_018249,tensor(0),DeeperForensics,0,2.3245811462402344e-06,0.316162109375
s_018249,tensor(0),DeeperForensics,0,2.4437904357910156e-06,0.2646484375
s_018249,tensor(0),DeeperForensics,0,2.2649765014648438e-06,0.28369140625
s_018249,tensor(0),DeeperForensics,0,2.4437904357910156e-06,0.26806640625
s_018249,tensor(0),DeeperForensics,0,2.2649765014648438e-06,0.180419921875
s_018249,tensor(0),DeeperForensics,0,2.4437904357910156e-06,0.1966552734375
s_018249,tensor(0),DeeperForensics,0,2.4437904357910156e-06,0.193115234375
s_018249,tensor(0),DeeperForensics,0,2.3245811462402344e-06,0.199951171875
s_018249,tensor(0),DeeperForensics,0,2.2649765014648438e-06,0.131103515625
s_018249,tensor(0),DeeperForensics,0,2.4437904357910156e-06,0.1153564453125
s_018249,tensor(0),DeeperForensics,0,2.384185791015625e-06,0.09552001953125
s_018249,tensor(0),DeeperForensics,0,2.562999725341797e-06,0.1700439453125
s_018249,tensor(0),DeeperForensics,0,2.384185791015625e-06,0.1318359375
s_018249,tensor(0),DeeperForensics,0,2.384185791015625e-06,0.1995849609375
s_018249,tensor(0),DeeperForensics,0,2.384185791015625e-06,0.1512451171875
s_018249,tensor(0),DeeperForensics,0,2.4437904357910156e-06,0.1451416015625
s_018249,tensor(0),DeeperForensics,0,2.3245811462402344e-06,0.1015625
s_018249,tensor(0),DeeperForensics,0,2.384185791015625e-06,0.1287841796875
s_018249,tensor(0),DeeperForensics,0,2.2649765014648438e-06,0.1378173828125
s_018249,tensor(0),DeeperForensics,0,2.4437904357910156e-06,0.329833984375
s_018249,tensor(0),DeeperForensics,0,2.384185791015625e-06,0.36083984375
s_018249,tensor(0),DeeperForensics,0,2.384185791015625e-06,0.333251953125
s_018249,tensor(0),DeeperForensics,0,2.384185791015625e-06,0.1654052734375
s_018249,tensor(0),DeeperForensics,0,2.384185791015625e-06,0.202880859375
s_018249,tensor(0),DeeperForensics,0,2.1457672119140625e-06,0.1978759765625
s_018273,tensor(0),DeeperForensics,0,3.039836883544922e-06,0.86181640625
s_018277,tensor(0),DeeperForensics,0,2.4437904357910156e-06,0.5498046875
s_018323,tensor(0),DeeperForensics,0,2.562999725341797e-06,0.307861328125
s_018324,tensor(0),DeeperForensics,0,2.5033950805664062e-06,0.1177978515625
s_018325,tensor(0),DeeperForensics,0,2.384185791015625e-06,0.342529296875
s_018326,tensor(0),DeeperForensics,0,2.2649765014648438e-06,0.2359619140625
s_018329,tensor(0),DeeperForensics,0,2.384185791015625e-06,0.1724853515625
s_018330,tensor(0),DeeperForensics,0,2.8014183044433594e-06,0.33056640625
s_018332,tensor(0),DeeperForensics,0,2.4437904357910156e-06,0.396484375
s_018334,tensor(0),DeeperForensics,0,2.086162567138672e-06,0.1077880859375
s_018340,tensor(0),DeeperForensics,0,2.2649765014648438e-06,0.330322265625
s_018348,tensor(0),DeeperForensics,0,2.086162567138672e-06,0.1121826171875
s_018361,tensor(0),DeeperForensics,0,2.205371856689453e-06,0.276611328125
s_018363,tensor(0),DeeperForensics,0,2.086162567138672e-06,0.17529296875
s_018366,tensor(0),DeeperForensics,0,2.4437904357910156e-06,0.181640625
s_018384,tensor(0),DeeperForensics,0,2.1457672119140625e-06,0.1812744140625
s_018429,tensor(0),DeeperForensics,0,2.3245811462402344e-06,0.376708984375
s_018452,tensor(0),DeeperForensics,0,2.3245811462402344e-06,0.425048828125
s_018453,tensor(0),DeeperForensics,0,2.3245811462402344e-06,0.1549072265625
s_018456,tensor(0),DeeperForensics,0,2.6226043701171875e-06,0.486083984375
s_018464,tensor(0),DeeperForensics,0,2.4437904357910156e-06,0.256591796875
s_018475,tensor(0),DeeperForensics,0,2.1457672119140625e-06,0.2890625
s_018476,tensor(0),DeeperForensics,0,2.3245811462402344e-06,0.1951904296875
s_018487,tensor(0),DeeperForensics,0,2.6226043701171875e-06,0.218994140625
s_018513,tensor(0),DeeperForensics,0,2.9206275939941406e-06,0.2294921875
s_018517,tensor(0),DeeperForensics,0,2.7418136596679688e-06,0.57080078125
s_018526,tensor(0),DeeperForensics,0,2.562999725341797e-06,0.0994873046875
s_018573,tensor(0),DeeperForensics,0,2.562999725341797e-06,0.229736328125
s_018582,tensor(0),DeeperForensics,0,2.6226043701171875e-06,0.08819580078125
s_018587,tensor(0),DeeperForensics,0,2.5033950805664062e-06,0.33984375
s_026357,tensor(0),DeeperForensics,0,2.6226043701171875e-06,0.2349853515625
s_026357,tensor(0),DeeperForensics,0,2.7418136596679688e-06,0.2474365234375
s_026357,tensor(0),DeeperForensics,0,2.6226043701171875e-06,0.216796875
s_026357,tensor(0),DeeperForensics,0,2.5033950805664062e-06,0.16455078125
s_026357,tensor(0),DeeperForensics,0,2.384185791015625e-06,0.199462890625
s_026357,tensor(0),DeeperForensics,0,2.6226043701171875e-06,0.14794921875
s_026373,tensor(0),DeeperForensics,0,2.562999725341797e-06,0.2086181640625
s_026373,tensor(0),DeeperForensics,0,2.7418136596679688e-06,0.1231689453125
s_026373,tensor(0),DeeperForensics,0,2.682209014892578e-06,0.1627197265625
s_026373,tensor(0),DeeperForensics,0,2.6226043701171875e-06,0.263427734375
s_026373,tensor(0),DeeperForensics,0,2.682209014892578e-06,0.26513671875
s_026373,tensor(0),DeeperForensics,0,2.562999725341797e-06,0.241455078125
s_026373,tensor(0),DeeperForensics,0,2.8014183044433594e-06,0.322509765625
s_026373,tensor(0),DeeperForensics,0,2.6226043701171875e-06,0.497802734375
s_026373,tensor(0),DeeperForensics,0,2.6226043701171875e-06,0.185546875
s_026373,tensor(0),DeeperForensics,0,2.682209014892578e-06,0.4501953125
s_026373,tensor(0),DeeperForensics,0,2.86102294921875e-06,0.298583984375
s_026373,tensor(0),DeeperForensics,0,2.8014183044433594e-06,0.334228515625
s_026373,tensor(0),DeeperForensics,0,2.7418136596679688e-06,0.2218017578125
s_026373,tensor(0),DeeperForensics,0,2.7418136596679688e-06,0.252685546875
s_026373,tensor(0),DeeperForensics,0,2.7418136596679688e-06,0.269287109375
s_026373,tensor(0),DeeperForensics,0,2.562999725341797e-06,0.262939453125
s_026373,tensor(0),DeeperForensics,0,2.682209014892578e-06,0.322509765625
s_026373,tensor(0),DeeperForensics,0,2.682209014892578e-06,0.468994140625
s_026373,tensor(0),DeeperForensics,0,2.7418136596679688e-06,0.281005859375
s_026373,tensor(0),DeeperForensics,0,2.6226043701171875e-06,0.3857421875
s_026373,tensor(0),DeeperForensics,0,2.8014183044433594e-06,0.30322265625
s_026373,tensor(0),DeeperForensics,0,2.682209014892578e-06,0.44384765625
s_026373,tensor(0),DeeperForensics,0,2.6226043701171875e-06,0.4853515625
s_026373,tensor(0),DeeperForensics,0,2.6226043701171875e-06,0.381591796875
s_026373,tensor(0),DeeperForensics,0,2.682209014892578e-06,0.256591796875
s_026373,tensor(0),DeeperForensics,0,2.7418136596679688e-06,0.1883544921875
s_026374,tensor(0),DeeperForensics,0,2.7418136596679688e-06,0.25927734375
s_026374,tensor(0),DeeperForensics,0,2.7418136596679688e-06,0.11737060546875
s_026374,tensor(0),DeeperForensics,0,2.8014183044433594e-06,0.1044921875
s_026374,tensor(0),DeeperForensics,0,2.6226043701171875e-06,0.27001953125
s_026374,tensor(0),DeeperForensics,0,2.6226043701171875e-06,0.38916015625
s_026374,tensor(0),DeeperForensics,0,2.682209014892578e-06,0.304443359375
s_026374,tensor(0),DeeperForensics,0,2.6226043701171875e-06,0.348876953125
s_026374,tensor(0),DeeperForensics,0,2.682209014892578e-06,0.36474609375
s_026374,tensor(0),DeeperForensics,0,2.6226043701171875e-06,0.18798828125
s_026374,tensor(0),DeeperForensics,0,2.682209014892578e-06,0.2398681640625
s_026374,tensor(0),DeeperForensics,0,2.562999725341797e-06,0.2191162109375
s_026374,tensor(0),DeeperForensics,0,2.5033950805664062e-06,0.264404296875
s_026374,tensor(0),DeeperForensics,0,2.6226043701171875e-06,0.2119140625
s_026374,tensor(0),DeeperForensics,0,2.5033950805664062e-06,0.23974609375
s_026374,tensor(0),DeeperForensics,0,2.562999725341797e-06,0.234619140625
s_026374,tensor(0),DeeperForensics,0,2.682209014892578e-06,0.154296875
s_026374,tensor(0),DeeperForensics,0,2.6226043701171875e-06,0.381103515625
s_026374,tensor(0),DeeperForensics,0,2.6226043701171875e-06,0.443115234375
s_026374,tensor(0),DeeperForensics,0,2.6226043701171875e-06,0.25634765625
s_026374,tensor(0),DeeperForensics,0,2.5033950805664062e-06,0.353271484375
s_026374,tensor(0),DeeperForensics,0,2.682209014892578e-06,0.226318359375
s_026374,tensor(0),DeeperForensics,0,2.6226043701171875e-06,0.391845703125
s_026374,tensor(0),DeeperForensics,0,2.6226043701171875e-06,0.4677734375
s_026374,tensor(0),DeeperForensics,0,2.6226043701171875e-06,0.317626953125
s_026374,tensor(0),DeeperForensics,0,2.6226043701171875e-06,0.25634765625
s_026374,tensor(0),DeeperForensics,0,2.682209014892578e-06,0.2027587890625
s_026409,tensor(0),DeeperForensics,0,2.5033950805664062e-06,0.292236328125
s_026409,tensor(0),DeeperForensics,0,2.5033950805664062e-06,0.2366943359375
s_026409,tensor(0),DeeperForensics,0,2.5033950805664062e-06,0.1334228515625
s_026409,tensor(0),DeeperForensics,0,2.5033950805664062e-06,0.125244140625
s_026409,tensor(0),DeeperForensics,0,2.562999725341797e-06,0.1829833984375
s_026409,tensor(0),DeeperForensics,0,2.562999725341797e-06,0.1771240234375
s_070360,tensor(0),HiDF,1,1.0,0.99951171875
s_070376,tensor(0),HiDF,1,1.0,0.99853515625
s_070379,tensor(0),HiDF,1,1.0,0.97412109375
s_070406,tensor(0),HiDF,1,1.0,0.986328125
s_070429,tensor(0),HiDF,1,1.0,0.9296875
s_070448,tensor(0),HiDF,1,1.0,0.98193359375
s_070481,tensor(0),HiDF,1,1.0,0.990234375
s_070484,tensor(0),HiDF,1,1.0,0.9951171875
s_070488,tensor(0),HiDF,1,1.0,0.96142578125
s_070521,tensor(0),HiDF,1,1.0,0.95703125
s_070541,tensor(0),HiDF,1,1.0,0.998046875
s_070546,tensor(0),HiDF,1,1.0,0.9951171875
s_070562,tensor(0),HiDF,1,1.0,0.97021484375
s_070581,tensor(0),HiDF,1,1.0,0.99755859375
s_070589,tensor(0),HiDF,1,1.0,0.99755859375
s_070592,tensor(0),HiDF,1,1.0,0.99951171875
s_070593,tensor(0),HiDF,1,1.0,0.99755859375
s_070596,tensor(0),HiDF,1,1.0,0.99853515625
s_070602,tensor(0),HiDF,1,1.0,0.98779296875
s_070632,tensor(0),HiDF,1,1.0,0.99169921875
s_070654,tensor(0),HiDF,1,1.0,0.927734375
s_070657,tensor(0),HiDF,1,1.0,0.982421875
s_070681,tensor(0),HiDF,1,1.0,0.994140625
s_070698,tensor(0),HiDF,1,1.0,0.94482421875
s_070704,tensor(0),HiDF,1,1.0,0.990234375
s_070730,tensor(0),HiDF,1,1.0,0.99853515625
s_070733,tensor(0),HiDF,1,1.0,0.99462890625
s_070737,tensor(0),HiDF,1,1.0,0.54345703125
s_070743,tensor(0),HiDF,1,1.0,0.9921875
s_070744,tensor(0),HiDF,1,1.0,0.978515625
s_070747,tensor(0),HiDF,1,1.0,0.9951171875
s_070759,tensor(0),HiDF,1,1.0,0.984375
s_070761,tensor(0),HiDF,1,1.0,0.99169921875
s_070775,tensor(0),HiDF,1,1.0,0.9892578125
s_070787,tensor(0),HiDF,1,1.0,0.99853515625
s_070788,tensor(0),HiDF,1,1.0,0.9990234375
s_070802,tensor(0),HiDF,1,1.0,0.98095703125
s_070804,tensor(0),HiDF,1,1.0,0.98828125
s_070811,tensor(0),HiDF,1,1.0,0.99169921875
s_070812,tensor(0),HiDF,1,1.0,0.974609375
s_070825,tensor(0),HiDF,1,1.0,0.9990234375
s_070833,tensor(0),HiDF,1,1.0,0.9970703125
s_070848,tensor(0),HiDF,1,1.0,0.986328125
s_070868,tensor(0),HiDF,1,0.99951171875,0.994140625
s_070878,tensor(0),HiDF,1,1.0,0.98876953125
s_070883,tensor(0),HiDF,1,0.9990234375,0.99560546875
s_070887,tensor(0),HiDF,1,1.0,0.9892578125
s_070903,tensor(0),HiDF,1,1.0,0.99755859375
s_070917,tensor(0),HiDF,1,1.0,0.984375
s_070929,tensor(0),HiDF,1,1.0,0.99462890625
s_070944,tensor(0),HiDF,1,1.0,0.9990234375
s_070945,tensor(0),HiDF,1,1.0,0.97998046875
s_070948,tensor(0),HiDF,1,1.0,0.99169921875
s_070978,tensor(0),HiDF,1,1.0,0.99072265625
s_070999,tensor(0),HiDF,1,1.0,0.99755859375
s_071021,tensor(0),HiDF,1,1.0,0.93017578125
s_071026,tensor(0),HiDF,1,1.0,0.89013671875
s_071030,tensor(0),HiDF,1,1.0,0.962890625
s_071032,tensor(0),HiDF,1,1.0,0.88818359375
s_071052,tensor(0),HiDF,1,0.0005483627319335938,0.9306640625
s_071053,tensor(0),HiDF,1,1.0,0.9833984375
s_071073,tensor(0),HiDF,1,1.0,0.99853515625
s_071075,tensor(0),HiDF,1,1.0,0.99169921875
s_071082,tensor(0),HiDF,1,1.0,0.982421875
s_007846,tensor(0),DeeperForensics,1,1.0,0.9951171875
s_007846,tensor(0),DeeperForensics,1,1.0,0.99462890625
s_007871,tensor(0),DeeperForensics,1,1.0,0.9970703125
s_007871,tensor(0),DeeperForensics,1,1.0,0.9970703125
s_007871,tensor(0),DeeperForensics,1,1.0,0.99658203125
s_007872,tensor(0),DeeperForensics,1,1.0,0.99609375
s_007872,tensor(0),DeeperForensics,1,1.0,0.9970703125
s_007872,tensor(0),DeeperForensics,1,1.0,0.99560546875
s_007874,tensor(0),DeeperForensics,1,1.0,0.7802734375
s_007874,tensor(0),DeeperForensics,1,1.0,0.77880859375
s_007874,tensor(0),DeeperForensics,1,1.0,0.78759765625
s_007874,tensor(1),DeeperForensics,1,1.0,0.78515625
s_007923,tensor(0),DeeperForensics,1,1.0,0.9970703125
s_007923,tensor(0),DeeperForensics,1,1.0,0.99755859375
s_007923,tensor(0),DeeperForensics,1,1.0,0.9990234375
s_007947,tensor(0),DeeperForensics,1,1.0,0.99267578125
s_007947,tensor(0),DeeperForensics,1,1.0,0.99658203125
s_007947,tensor(0),DeeperForensics,1,1.0,0.98193359375
s_007947,tensor(0),DeeperForensics,1,1.0,0.99755859375
s_007947,tensor(0),DeeperForensics,1,1.0,0.99365234375
s_007947,tensor(0),DeeperForensics,1,1.0,0.994140625
s_007947,tensor(0),DeeperForensics,1,1.0,0.99365234375
s_007947,tensor(0),DeeperForensics,1,1.0,0.9794921875
s_007961,tensor(0),DeeperForensics,1,1.0,0.9931640625
s_007961,tensor(0),DeeperForensics,1,1.0,0.99267578125
s_007961,tensor(0),DeeperForensics,1,1.0,0.9921875
s_007961,tensor(0),DeeperForensics,1,1.0,0.99462890625
s_007961,tensor(0),DeeperForensics,1,1.0,0.9921875
s_008000,tensor(0),DeeperForensics,1,1.0,0.962890625
s_008000,tensor(0),DeeperForensics,1,1.0,0.984375
s_008000,tensor(0),DeeperForensics,1,1.0,0.9853515625
s_008000,tensor(0),DeeperForensics,1,1.0,0.9892578125
s_008000,tensor(0),DeeperForensics,1,1.0,0.9814453125
s_008000,tensor(0),DeeperForensics,1,1.0,0.96728515625
s_008000,tensor(0),DeeperForensics,1,1.0,0.9853515625
s_008000,tensor(0),DeeperForensics,1,1.0,0.98095703125
s_008000,tensor(0),DeeperForensics,1,1.0,0.98046875
s_008082,tensor(0),DeeperForensics,1,1.0,0.9921875
s_008082,tensor(0),DeeperForensics,1,1.0,0.99072265625
s_008082,tensor(0),DeeperForensics,1,1.0,0.98583984375
s_008082,tensor(0),DeeperForensics,1,1.0,0.986328125
s_008082,tensor(0),DeeperForensics,1,1.0,0.98291015625
s_008112,tensor(0),DeeperForensics,1,1.0,0.998046875
s_008112,tensor(0),DeeperForensics,1,1.0,0.9970703125
s_008112,tensor(0),DeeperForensics,1,1.0,0.99755859375
s_008112,tensor(0),DeeperForensics,1,1.0,0.99560546875
s_008112,tensor(0),DeeperForensics,1,1.0,0.9970703125
s_008140,tensor(0),DeeperForensics,1,1.0,0.98779296875
s_008140,tensor(0),DeeperForensics,1,1.0,0.9892578125
s_008140,tensor(0),DeeperForensics,1,1.0,0.98046875
s_008185,tensor(0),DeeperForensics,1,1.0,0.986328125
s_008185,tensor(0),DeeperForensics,1,1.0,0.97900390625
s_008185,tensor(0),DeeperForensics,1,1.0,0.98388671875
s_008185,tensor(0),DeeperForensics,1,1.0,0.97900390625
s_008185,tensor(0),DeeperForensics,1,1.0,0.9814453125
s_008204,tensor(0),DeeperForensics,1,1.0,0.9833984375
s_008204,tensor(0),DeeperForensics,1,1.0,0.99169921875
s_008204,tensor(0),DeeperForensics,1,1.0,0.9912109375
s_008204,tensor(0),DeeperForensics,1,1.0,0.990234375
s_008204,tensor(0),DeeperForensics,1,1.0,0.9892578125
s_008204,tensor(0),DeeperForensics,1,1.0,0.994140625
s_008204,tensor(0),DeeperForensics,1,1.0,0.99267578125
s_008313,tensor(0),DeeperForensics,1,1.0,0.998046875
s_008313,tensor(0),DeeperForensics,1,1.0,0.998046875
s_018599,tensor(0),DeeperForensics,0,2.562999725341797e-06,0.5498046875
s_018630,tensor(0),DeeperForensics,0,2.4437904357910156e-06,0.11859130859375
s_018638,tensor(0),DeeperForensics,0,3.993511199951172e-06,0.1259765625
s_018659,tensor(0),DeeperForensics,0,2.4437904357910156e-06,0.370361328125
s_018716,tensor(0),DeeperForensics,0,5.4836273193359375e-06,0.375
s_018788,tensor(0),DeeperForensics,0,2.682209014892578e-06,0.8779296875
s_018791,tensor(0),DeeperForensics,0,2.562999725341797e-06,0.306640625
s_018791,tensor(0),DeeperForensics,0,2.5033950805664062e-06,0.2401123046875
s_018792,tensor(0),DeeperForensics,0,2.4437904357910156e-06,0.469970703125
s_018798,tensor(0),DeeperForensics,0,2.4437904357910156e-06,0.437255859375
s_018798,tensor(0),DeeperForensics,0,2.4437904357910156e-06,0.329345703125
s_018819,tensor(0),DeeperForensics,0,2.4437904357910156e-06,0.2020263671875
s_018841,tensor(0),DeeperForensics,0,2.562999725341797e-06,0.416259765625
s_018883,tensor(0),DeeperForensics,0,3.039836883544922e-06,0.66943359375
s_018887,tensor(0),DeeperForensics,0,2.3245811462402344e-06,0.368408203125
s_018893,tensor(0),DeeperForensics,0,2.3245811462402344e-06,0.2137451171875
s_018901,tensor(0),DeeperForensics,0,2.2649765014648438e-06,0.48779296875
s_018908,tensor(0),DeeperForensics,0,2.384185791015625e-06,0.57763671875
s_018933,tensor(0),DeeperForensics,0,2.3245811462402344e-06,0.515625
s_018936,tensor(0),DeeperForensics,0,2.4437904357910156e-06,0.427734375
s_018957,tensor(0),DeeperForensics,0,2.205371856689453e-06,0.341796875
s_018957,tensor(0),DeeperForensics,0,2.1457672119140625e-06,0.421142578125
s_018964,tensor(0),DeeperForensics,0,2.2649765014648438e-06,0.552734375
s_018975,tensor(0),DeeperForensics,0,2.2649765014648438e-06,0.272705078125
s_018994,tensor(0),DeeperForensics,0,2.086162567138672e-06,0.251953125
s_019033,tensor(0),DeeperForensics,0,2.3245811462402344e-06,0.2232666015625
s_019045,tensor(0),DeeperForensics,0,2.2649765014648438e-06,0.420654296875
s_019052,tensor(0),DeeperForensics,0,2.3245811462402344e-06,0.5439453125
s_019163,tensor(0),DeeperForensics,0,2.4437904357910156e-06,0.61767578125
s_019167,tensor(0),DeeperForensics,0,2.562999725341797e-06,0.57373046875
s_019176,tensor(0),DeeperForensics,0,2.1457672119140625e-06,0.358642578125
s_019181,tensor(0),DeeperForensics,0,2.6226043701171875e-06,0.60400390625
s_019187,tensor(0),DeeperForensics,0,2.1457672119140625e-06,0.78369140625
s_019187,tensor(0),DeeperForensics,0,2.2649765014648438e-06,0.6318359375
s_019189,tensor(0),DeeperForensics,0,2.384185791015625e-06,0.8154296875
s_019202,tensor(0),DeeperForensics,0,2.205371856689453e-06,0.57763671875
s_019220,tensor(0),DeeperForensics,0,2.086162567138672e-06,0.7744140625
s_019241,tensor(0),DeeperForensics,0,2.384185791015625e-06,0.5
s_019254,tensor(0),DeeperForensics,0,2.562999725341797e-06,0.439453125
s_019254,tensor(0),DeeperForensics,0,2.3245811462402344e-06,0.5205078125
s_019257,tensor(0),DeeperForensics,0,2.3245811462402344e-06,0.365234375
s_019265,tensor(0),DeeperForensics,0,2.4437904357910156e-06,0.412109375
s_019274,tensor(0),DeeperForensics,0,2.3245811462402344e-06,0.35986328125
s_019274,tensor(0),DeeperForensics,0,2.562999725341797e-06,0.40576171875
s_019274,tensor(0),DeeperForensics,0,2.6226043701171875e-06,0.1884765625
s_019274,tensor(0),DeeperForensics,0,2.6226043701171875e-06,0.5380859375
s_019274,tensor(0),DeeperForensics,0,2.6226043701171875e-06,0.15771484375
s_019274,tensor(0),DeeperForensics,0,2.5033950805664062e-06,0.1639404296875
s_019274,tensor(0),DeeperForensics,0,2.7418136596679688e-06,0.13037109375
s_019274,tensor(0),DeeperForensics,0,2.682209014892578e-06,0.1285400390625
s_019274,tensor(0),DeeperForensics,0,2.562999725341797e-06,0.2000732421875
s_019274,tensor(0),DeeperForensics,0,2.562999725341797e-06,0.578125
s_019274,tensor(0),DeeperForensics,0,2.562999725341797e-06,0.6533203125
s_019274,tensor(0),DeeperForensics,0,2.6226043701171875e-06,0.1707763671875
s_019274,tensor(0),DeeperForensics,0,2.682209014892578e-06,0.1253662109375
s_019274,tensor(0),DeeperForensics,0,2.6226043701171875e-06,0.298583984375
s_019274,tensor(0),DeeperForensics,0,2.4437904357910156e-06,0.52294921875
s_019274,tensor(0),DeeperForensics,0,2.6226043701171875e-06,0.444091796875
s_019274,tensor(0),DeeperForensics,0,2.562999725341797e-06,0.450927734375
s_019274,tensor(0),DeeperForensics,0,2.4437904357910156e-06,0.2021484375
s_019274,tensor(0),DeeperForensics,0,2.5033950805664062e-06,0.5107421875
s_019274,tensor(0),DeeperForensics,0,2.6226043701171875e-06,0.2210693359375
s_019274,tensor(0),DeeperForensics,0,2.7418136596679688e-06,0.380615234375
s_019274,tensor(0),DeeperForensics,0,2.7418136596679688e-06,0.2213134765625
s_026409,tensor(0),DeeperForensics,0,2.6226043701171875e-06,0.256103515625
s_026409,tensor(0),DeeperForensics,0,2.5033950805664062e-06,0.27392578125
s_026409,tensor(0),DeeperForensics,0,2.6226043701171875e-06,0.452392578125
s_026409,tensor(0),DeeperForensics,0,2.5033950805664062e-06,0.448974609375
s_026409,tensor(0),DeeperForensics,0,2.384185791015625e-06,0.52734375
s_026409,tensor(0),DeeperForensics,0,2.4437904357910156e-06,0.326171875
s_026409,tensor(0),DeeperForensics,0,2.5033950805664062e-06,0.2012939453125
s_026409,tensor(0),DeeperForensics,0,2.6226043701171875e-06,0.2861328125
s_026409,tensor(0),DeeperForensics,0,2.5033950805664062e-06,0.327392578125
s_026409,tensor(0),DeeperForensics,0,2.5033950805664062e-06,0.343017578125
s_026409,tensor(0),DeeperForensics,0,2.5033950805664062e-06,0.366455078125
s_026409,tensor(0),DeeperForensics,0,2.6226043701171875e-06,0.2587890625
s_026409,tensor(0),DeeperForensics,0,2.5033950805664062e-06,0.27392578125
s_026409,tensor(0),DeeperForensics,0,2.5033950805664062e-06,0.220458984375
s_026409,tensor(0),DeeperForensics,0,2.562999725341797e-06,0.2095947265625
s_026409,tensor(0),DeeperForensics,0,2.562999725341797e-06,0.329345703125
s_026409,tensor(0),DeeperForensics,0,2.562999725341797e-06,0.3115234375
s_026409,tensor(0),DeeperForensics,0,2.562999725341797e-06,0.1689453125
s_026409,tensor(0),DeeperForensics,0,2.7418136596679688e-06,0.1851806640625
s_026409,tensor(0),DeeperForensics,0,2.562999725341797e-06,0.249755859375
s_026409,tensor(0),DeeperForensics,0,2.4437904357910156e-06,0.1767578125
s_026409,tensor(0),DeeperForensics,0,2.562999725341797e-06,0.28271484375
s_026409,tensor(0),DeeperForensics,0,2.4437904357910156e-06,0.31689453125
s_026409,tensor(0),DeeperForensics,0,2.562999725341797e-06,0.2451171875
s_026409,tensor(0),DeeperForensics,0,2.6226043701171875e-06,0.2239990234375
s_026409,tensor(0),DeeperForensics,0,2.5033950805664062e-06,0.1748046875
s_026409,tensor(0),DeeperForensics,0,2.4437904357910156e-06,0.275390625
s_026409,tensor(0),DeeperForensics,0,2.6226043701171875e-06,0.259765625
s_026409,tensor(0),DeeperForensics,0,2.6226043701171875e-06,0.311279296875
s_026409,tensor(0),DeeperForensics,0,2.562999725341797e-06,0.3232421875
s_026409,tensor(0),DeeperForensics,0,2.562999725341797e-06,0.1998291015625
s_026409,tensor(0),DeeperForensics,0,2.562999725341797e-06,0.1783447265625
s_026409,tensor(0),DeeperForensics,0,2.6226043701171875e-06,0.2259521484375
s_026409,tensor(0),DeeperForensics,0,2.6226043701171875e-06,0.1395263671875
s_026409,tensor(0),DeeperForensics,0,2.5033950805664062e-06,0.144287109375
s_026409,tensor(0),DeeperForensics,0,2.562999725341797e-06,0.1790771484375
s_026409,tensor(0),DeeperForensics,0,2.682209014892578e-06,0.14990234375
s_026409,tensor(0),DeeperForensics,0,2.6226043701171875e-06,0.1259765625
s_026409,tensor(0),DeeperForensics,0,2.562999725341797e-06,0.12322998046875
s_026409,tensor(0),DeeperForensics,0,2.5033950805664062e-06,0.2122802734375
s_026409,tensor(0),DeeperForensics,0,2.562999725341797e-06,0.2130126953125
s_026409,tensor(0),DeeperForensics,0,2.5033950805664062e-06,0.09124755859375
s_026422,tensor(0),DeeperForensics,0,2.3245811462402344e-06,0.587890625
s_026422,tensor(0),DeeperForensics,0,2.5033950805664062e-06,0.58056640625
s_026427,tensor(0),DeeperForensics,0,2.6226043701171875e-06,0.41845703125
s_026427,tensor(0),DeeperForensics,0,2.682209014892578e-06,0.3564453125
s_026435,tensor(0),DeeperForensics,0,2.2649765014648438e-06,0.376708984375
s_026435,tensor(0),DeeperForensics,0,2.384185791015625e-06,0.455078125
s_026439,tensor(0),DeeperForensics,0,2.384185791015625e-06,0.67724609375
s_026454,tensor(0),DeeperForensics,0,2.4437904357910156e-06,0.432373046875
s_026454,tensor(0),DeeperForensics,0,2.6226043701171875e-06,0.501953125
s_026464,tensor(0),DeeperForensics,0,2.4437904357910156e-06,0.63916015625
s_026464,tensor(0),DeeperForensics,0,2.5033950805664062e-06,0.775390625
s_026472,tensor(0),DeeperForensics,0,2.9206275939941406e-06,0.04345703125
s_026475,tensor(0),DeeperForensics,0,2.562999725341797e-06,0.1605224609375
s_026475,tensor(0),DeeperForensics,0,2.6226043701171875e-06,0.1781005859375
s_026479,tensor(0),DeeperForensics,0,2.682209014892578e-06,0.072265625
s_026479,tensor(0),DeeperForensics,0,2.7418136596679688e-06,0.0548095703125
s_026482,tensor(0),DeeperForensics,0,2.6226043701171875e-06,0.09967041015625
s_026482,tensor(0),DeeperForensics,0,2.682209014892578e-06,0.10760498046875
s_026496,tensor(0),DeeperForensics,0,2.562999725341797e-06,0.291748046875
s_026496,tensor(0),DeeperForensics,0,2.6226043701171875e-06,0.2384033203125
s_026504,tensor(0),DeeperForensics,0,2.5033950805664062e-06,0.324462890625
s_026504,tensor(0),DeeperForensics,0,2.6226043701171875e-06,0.319580078125
s_071096,tensor(0),HiDF,1,1.0,0.99560546875
s_071100,tensor(0),HiDF,1,1.0,0.98779296875
s_071117,tensor(0),HiDF,1,1.0,0.998046875
s_071126,tensor(0),HiDF,1,1.0,0.9794921875
s_071137,tensor(0),HiDF,1,1.0,0.9912109375
s_071145,tensor(0),HiDF,1,1.0,0.99609375
s_071146,tensor(0),HiDF,1,1.0,0.98583984375
s_071148,tensor(0),HiDF,1,1.0,0.99755859375
s_071150,tensor(0),HiDF,1,1.0,0.9990234375
s_071152,tensor(0),HiDF,1,1.0,0.900390625
s_071169,tensor(0),HiDF,1,1.0,0.93408203125
s_071192,tensor(0),HiDF,1,1.0,0.80029296875
s_071200,tensor(0),HiDF,1,1.0,0.99169921875
s_071216,tensor(0),HiDF,1,1.0,0.9765625
s_071226,tensor(0),HiDF,1,1.0,0.89990234375
s_071233,tensor(0),HiDF,1,1.0,0.998046875
s_071251,tensor(0),HiDF,1,1.0,0.990234375
s_071266,tensor(0),HiDF,1,1.0,0.9677734375
s_071269,tensor(0),HiDF,1,1.0,0.99853515625
s_071295,tensor(0),HiDF,1,1.0,0.98291015625
s_071315,tensor(0),HiDF,1,1.0,0.990234375
s_071330,tensor(0),HiDF,1,1.0,0.9248046875
s_071384,tensor(0),HiDF,1,0.99560546875,0.98046875
s_071390,tensor(0),HiDF,1,1.0,0.9921875
s_071393,tensor(0),HiDF,1,1.0,0.99853515625
s_071396,tensor(0),HiDF,1,1.0,0.93310546875
s_071402,tensor(0),HiDF,1,1.0,0.85498046875
s_071406,tensor(0),HiDF,1,1.0,0.99853515625
s_071425,tensor(0),HiDF,1,1.0,0.9833984375
s_071431,tensor(0),HiDF,1,1.0,0.9775390625
s_071445,tensor(0),HiDF,1,1.0,0.9853515625
s_071464,tensor(0),HiDF,1,1.0,0.99169921875
s_071473,tensor(0),HiDF,1,1.0,0.9931640625
s_071504,tensor(0),HiDF,1,1.0,0.9853515625
s_071509,tensor(0),HiDF,1,1.0,0.99853515625
s_071524,tensor(0),HiDF,1,1.0,0.99658203125
s_071525,tensor(0),HiDF,1,1.0,0.99560546875
s_071531,tensor(0),HiDF,1,1.0,0.978515625
s_071536,tensor(0),HiDF,1,1.0,0.99267578125
s_071540,tensor(0),HiDF,1,1.0,0.99853515625
s_071541,tensor(0),HiDF,1,1.0,0.99169921875
s_071561,tensor(0),HiDF,1,1.0,0.99755859375
s_071563,tensor(0),HiDF,1,1.0,0.998046875
s_071569,tensor(0),HiDF,1,1.0,0.9970703125
s_071574,tensor(0),HiDF,1,1.0,0.99853515625
s_071575,tensor(0),HiDF,1,1.0,0.9921875
s_071584,tensor(0),HiDF,1,2.9325485229492188e-05,0.9970703125
s_071595,tensor(0),HiDF,1,1.0,0.99169921875
s_071605,tensor(0),HiDF,1,1.0,0.99853515625
s_071611,tensor(0),HiDF,1,1.0,0.99755859375
s_071631,tensor(0),HiDF,1,1.0,0.96142578125
s_071638,tensor(0),HiDF,1,1.0,0.9921875
s_071662,tensor(0),HiDF,1,1.0,0.9951171875
s_071667,tensor(0),HiDF,1,1.0,0.99267578125
s_071671,tensor(0),HiDF,1,1.0,0.986328125
s_071696,tensor(0),HiDF,1,1.0,0.984375
s_071699,tensor(0),HiDF,1,1.0,0.99755859375
s_071709,tensor(0),HiDF,1,1.0,0.99658203125
s_071730,tensor(0),HiDF,1,1.0,0.99609375
s_071738,tensor(0),HiDF,1,1.0,0.9892578125
s_071743,tensor(0),HiDF,1,1.0,0.9921875
s_071762,tensor(0),HiDF,1,1.0,0.99560546875
s_071808,tensor(0),HiDF,1,1.0,0.9697265625
s_071815,tensor(0),HiDF,1,1.0,0.99169921875
s_008313,tensor(0),DeeperForensics,1,1.0,0.998046875
s_008313,tensor(0),DeeperForensics,1,1.0,0.998046875
s_008313,tensor(0),DeeperForensics,1,1.0,0.99609375
s_008313,tensor(0),DeeperForensics,1,1.0,0.99658203125
s_008313,tensor(0),DeeperForensics,1,1.0,0.99755859375
s_008313,tensor(0),DeeperForensics,1,1.0,0.99609375
s_008338,tensor(0),DeeperForensics,1,1.0,0.99658203125
s_008338,tensor(0),DeeperForensics,1,1.0,0.99853515625
s_008338,tensor(0),DeeperForensics,1,1.0,0.998046875
s_008338,tensor(0),DeeperForensics,1,1.0,0.99609375
s_008338,tensor(0),DeeperForensics,1,1.0,0.99755859375
s_008338,tensor(0),DeeperForensics,1,1.0,0.998046875
s_008426,tensor(0),DeeperForensics,1,1.0,0.9970703125
s_008426,tensor(0),DeeperForensics,1,1.0,0.998046875
s_008426,tensor(0),DeeperForensics,1,1.0,0.9970703125
s_008426,tensor(0),DeeperForensics,1,1.0,0.99755859375
s_008426,tensor(0),DeeperForensics,1,1.0,0.9970703125
s_008426,tensor(0),DeeperForensics,1,1.0,0.99560546875
s_008477,tensor(0),DeeperForensics,1,1.0,0.982421875
s_008477,tensor(0),DeeperForensics,1,1.0,0.978515625
s_008477,tensor(0),DeeperForensics,1,1.0,0.9794921875
s_008477,tensor(0),DeeperForensics,1,1.0,0.9794921875
s_008477,tensor(0),DeeperForensics,1,1.0,0.9853515625
s_008477,tensor(0),DeeperForensics,1,1.0,0.9833984375
s_008477,tensor(0),DeeperForensics,1,1.0,0.986328125
s_008502,tensor(0),DeeperForensics,1,1.0,0.994140625
s_008502,tensor(0),DeeperForensics,1,1.0,0.99267578125
s_008502,tensor(0),DeeperForensics,1,1.0,0.99462890625
s_008502,tensor(9),DeeperForensics,1,1.0,0.371826171875
s_008531,tensor(0),DeeperForensics,1,1.0,0.99658203125
s_008531,tensor(0),DeeperForensics,1,1.0,0.99365234375
s_008531,tensor(0),DeeperForensics,1,1.0,0.99609375
s_008541,tensor(0),DeeperForensics,1,1.0,0.9697265625
s_008541,tensor(0),DeeperForensics,1,1.0,0.96630859375
s_008541,tensor(0),DeeperForensics,1,1.0,0.97265625
s_008541,tensor(0),DeeperForensics,1,1.0,0.97314453125
s_008541,tensor(0),DeeperForensics,1,1.0,0.96484375
s_008572,tensor(0),DeeperForensics,1,1.0,0.990234375
s_008572,tensor(0),DeeperForensics,1,1.0,0.99267578125
s_008572,tensor(0),DeeperForensics,1,1.0,0.990234375
s_008572,tensor(0),DeeperForensics,1,1.0,0.99267578125
s_008572,tensor(0),DeeperForensics,1,1.0,0.9931640625
s_008572,tensor(0),DeeperForensics,1,1.0,0.994140625
s_008572,tensor(0),DeeperForensics,1,1.0,0.99169921875
s_008620,tensor(0),DeeperForensics,1,1.0,0.99951171875
s_008620,tensor(0),DeeperForensics,1,1.0,0.99951171875
s_008620,tensor(0),DeeperForensics,1,1.0,0.99951171875
s_008620,tensor(0),DeeperForensics,1,1.0,0.99951171875
s_008620,tensor(0),DeeperForensics,1,1.0,0.99951171875
s_008620,tensor(0),DeeperForensics,1,1.0,0.99951171875
s_008620,tensor(0),DeeperForensics,1,1.0,1.0
s_008624,tensor(0),DeeperForensics,1,1.0,0.99853515625
s_008624,tensor(0),DeeperForensics,1,1.0,0.99853515625
s_008624,tensor(0),DeeperForensics,1,1.0,0.9990234375
s_008624,tensor(0),DeeperForensics,1,1.0,0.99853515625
s_008624,tensor(0),DeeperForensics,1,1.0,0.99853515625
s_008624,tensor(0),DeeperForensics,1,1.0,0.99853515625
s_008624,tensor(0),DeeperForensics,1,1.0,0.9990234375
s_008642,tensor(0),DeeperForensics,1,1.0,0.9970703125
s_008642,tensor(0),DeeperForensics,1,1.0,0.998046875
s_008642,tensor(0),DeeperForensics,1,1.0,0.998046875
s_008642,tensor(0),DeeperForensics,1,1.0,0.998046875
s_008642,tensor(0),DeeperForensics,1,1.0,0.99755859375
s_008642,tensor(0),DeeperForensics,1,1.0,0.994140625
s_019274,tensor(0),DeeperForensics,0,2.4437904357910156e-06,0.1634521484375
s_019274,tensor(0),DeeperForensics,0,2.562999725341797e-06,0.71044921875
s_019274,tensor(0),DeeperForensics,0,2.6226043701171875e-06,0.1336669921875
s_019274,tensor(0),DeeperForensics,0,2.5033950805664062e-06,0.25341796875
s_019274,tensor(0),DeeperForensics,0,2.6226043701171875e-06,0.70751953125
s_019274,tensor(0),DeeperForensics,0,2.682209014892578e-06,0.1878662109375
s_019274,tensor(0),DeeperForensics,0,2.682209014892578e-06,0.1796875
s_019274,tensor(0),DeeperForensics,0,2.562999725341797e-06,0.480224609375
s_019274,tensor(0),DeeperForensics,0,2.682209014892578e-06,0.252685546875
s_019274,tensor(0),DeeperForensics,0,2.8014183044433594e-06,0.2252197265625
s_019274,tensor(0),DeeperForensics,0,2.562999725341797e-06,0.478271484375
s_019274,tensor(0),DeeperForensics,0,2.562999725341797e-06,0.313232421875
s_019274,tensor(0),DeeperForensics,0,2.562999725341797e-06,0.476318359375
s_019274,tensor(0),DeeperForensics,0,2.4437904357910156e-06,0.2005615234375
s_019274,tensor(0),DeeperForensics,0,2.4437904357910156e-06,0.401123046875
s_019274,tensor(0),DeeperForensics,0,2.3245811462402344e-06,0.505859375
s_019274,tensor(0),DeeperForensics,0,2.7418136596679688e-06,0.1697998046875
s_019274,tensor(0),DeeperForensics,0,2.562999725341797e-06,0.58349609375
s_019274,tensor(0),DeeperForensics,0,2.562999725341797e-06,0.15087890625
s_019274,tensor(0),DeeperForensics,0,2.6226043701171875e-06,0.465087890625
s_019274,tensor(0),DeeperForensics,0,2.5033950805664062e-06,0.196044921875
s_019274,tensor(0),DeeperForensics,0,2.562999725341797e-06,0.50439453125
s_019274,tensor(0),DeeperForensics,0,2.682209014892578e-06,0.1563720703125
s_019274,tensor(0),DeeperForensics,0,2.5033950805664062e-06,0.406982421875
s_019274,tensor(0),DeeperForensics,0,2.4437904357910156e-06,0.1949462890625
s_019274,tensor(0),DeeperForensics,0,2.5033950805664062e-06,0.5986328125
s_019274,tensor(0),DeeperForensics,0,2.562999725341797e-06,0.1175537109375
s_019274,tensor(0),DeeperForensics,0,2.562999725341797e-06,0.173828125
s_019274,tensor(0),DeeperForensics,0,2.7418136596679688e-06,0.278076171875
s_019274,tensor(0),DeeperForensics,0,2.7418136596679688e-06,0.471923828125
s_019274,tensor(0),DeeperForensics,0,2.7418136596679688e-06,0.1470947265625
s_019274,tensor(0),DeeperForensics,0,2.562999725341797e-06,0.57421875
s_019274,tensor(0),DeeperForensics,0,2.86102294921875e-06,0.315673828125
s_019274,tensor(0),DeeperForensics,0,2.5033950805664062e-06,0.36376953125
s_019274,tensor(0),DeeperForensics,0,2.562999725341797e-06,0.59814453125
s_019274,tensor(0),DeeperForensics,0,2.6226043701171875e-06,0.2822265625
s_019274,tensor(0),DeeperForensics,0,2.6226043701171875e-06,0.416015625
s_019274,tensor(0),DeeperForensics,0,2.562999725341797e-06,0.492919921875
s_019274,tensor(0),DeeperForensics,0,2.562999725341797e-06,0.2252197265625
s_019274,tensor(0),DeeperForensics,0,2.562999725341797e-06,0.443115234375
s_019274,tensor(0),DeeperForensics,0,2.562999725341797e-06,0.302490234375
s_019274,tensor(0),DeeperForensics,0,2.4437904357910156e-06,0.41064453125
s_019274,tensor(0),DeeperForensics,0,2.562999725341797e-06,0.3525390625
s_019274,tensor(0),DeeperForensics,0,2.7418136596679688e-06,0.1563720703125
s_019274,tensor(0),DeeperForensics,0,2.7418136596679688e-06,0.62841796875
s_019274,tensor(0),DeeperForensics,0,2.5033950805664062e-06,0.190673828125
s_019274,tensor(0),DeeperForensics,0,2.6226043701171875e-06,0.60205078125
s_019274,tensor(0),DeeperForensics,0,2.682209014892578e-06,0.1485595703125
s_019274,tensor(0),DeeperForensics,0,2.6226043701171875e-06,0.12841796875
s_019281,tensor(0),DeeperForensics,0,2.8014183044433594e-06,0.497802734375
s_019313,tensor(0),DeeperForensics,0,2.5033950805664062e-06,0.56982421875
s_019320,tensor(0),DeeperForensics,0,2.6226043701171875e-06,0.494384765625
s_019330,tensor(0),DeeperForensics,0,2.562999725341797e-06,0.359130859375
s_019335,tensor(0),DeeperForensics,0,2.8014183044433594e-06,0.26025390625
s_019362,tensor(0),DeeperForensics,0,2.562999725341797e-06,0.576171875
s_019381,tensor(0),DeeperForensics,0,2.6226043701171875e-06,0.2384033203125
s_019381,tensor(0),DeeperForensics,0,2.682209014892578e-06,0.1207275390625
s_019416,tensor(0),DeeperForensics,0,2.9206275939941406e-06,0.1593017578125
s_019429,tensor(0),DeeperForensics,0,2.384185791015625e-06,0.2054443359375
s_019454,tensor(0),DeeperForensics,0,2.2649765014648438e-06,0.36474609375
s_019456,tensor(0),DeeperForensics,0,2.6226043701171875e-06,0.2117919921875
s_019461,tensor(0),DeeperForensics,0,2.3245811462402344e-06,0.31689453125
s_019465,tensor(0),DeeperForensics,0,2.7418136596679688e-06,0.1326904296875
s_019483,tensor(0),DeeperForensics,0,2.2649765014648438e-06,0.277099609375
s_026506,tensor(0),DeeperForensics,0,2.6226043701171875e-06,0.2294921875
s_026506,tensor(0),DeeperForensics,0,2.6226043701171875e-06,0.2509765625
s_026520,tensor(0),DeeperForensics,0,2.562999725341797e-06,0.36669921875
s_026520,tensor(0),DeeperForensics,0,2.562999725341797e-06,0.26611328125
s_026526,tensor(0),DeeperForensics,0,2.5033950805664062e-06,0.07171630859375
s_026526,tensor(0),DeeperForensics,0,2.4437904357910156e-06,0.07904052734375
s_026528,tensor(0),DeeperForensics,0,2.682209014892578e-06,0.073974609375
s_026528,tensor(0),DeeperForensics,0,2.682209014892578e-06,0.09136962890625
s_026535,tensor(0),DeeperForensics,0,2.562999725341797e-06,0.06683349609375
s_026535,tensor(0),DeeperForensics,0,2.682209014892578e-06,0.063232421875
s_026541,tensor(0),DeeperForensics,0,2.562999725341797e-06,0.1593017578125
s_026541,tensor(0),DeeperForensics,0,2.562999725341797e-06,0.1134033203125
s_026544,tensor(0),DeeperForensics,0,2.5033950805664062e-06,0.1915283203125
s_026544,tensor(0),DeeperForensics,0,2.682209014892578e-06,0.116943359375
s_026547,tensor(0),DeeperForensics,0,2.562999725341797e-06,0.13720703125
s_026547,tensor(0),DeeperForensics,0,2.562999725341797e-06,0.07611083984375
s_026607,tensor(0),DeeperForensics,0,2.5033950805664062e-06,0.3291015625
s_026608,tensor(0),DeeperForensics,0,2.682209014892578e-06,0.2286376953125
s_026614,tensor(0),DeeperForensics,0,2.5033950805664062e-06,0.2783203125
s_026614,tensor(0),DeeperForensics,0,2.6226043701171875e-06,0.283447265625
s_026615,tensor(0),DeeperForensics,0,2.5033950805664062e-06,0.2122802734375
s_026615,tensor(0),DeeperForensics,0,2.562999725341797e-06,0.2220458984375
s_026632,tensor(0),DeeperForensics,0,2.5033950805664062e-06,0.4951171875
s_026632,tensor(0),DeeperForensics,0,2.562999725341797e-06,0.51025390625
s_026636,tensor(0),DeeperForensics,0,3.5762786865234375e-06,0.69873046875
s_026636,tensor(0),DeeperForensics,0,3.159046173095703e-06,0.4990234375
s_026643,tensor(0),DeeperForensics,0,2.682209014892578e-06,0.38330078125
s_026643,tensor(0),DeeperForensics,0,2.6226043701171875e-06,0.3115234375
s_026647,tensor(0),DeeperForensics,0,2.6226043701171875e-06,0.136962890625
s_026647,tensor(0),DeeperForensics,0,2.682209014892578e-06,0.11297607421875
s_026650,tensor(0),DeeperForensics,0,3.039836883544922e-06,0.55126953125
s_026650,tensor(0),DeeperForensics,0,3.0994415283203125e-06,0.376708984375
s_026680,tensor(0),DeeperForensics,0,2.2649765014648438e-06,0.1209716796875
s_026680,tensor(0),DeeperForensics,0,2.3245811462402344e-06,0.126953125
s_026689,tensor(0),DeeperForensics,0,2.6226043701171875e-06,0.380615234375
s_026689,tensor(0),DeeperForensics,0,2.6226043701171875e-06,0.368896484375
s_026695,tensor(0),DeeperForensics,0,2.384185791015625e-06,0.24072265625
s_026695,tensor(0),DeeperForensics,0,2.4437904357910156e-06,0.30078125
s_026696,tensor(0),DeeperForensics,0,2.7418136596679688e-06,0.07489013671875
s_026696,tensor(0),DeeperForensics,0,2.6226043701171875e-06,0.0953369140625
s_026705,tensor(0),DeeperForensics,0,2.6226043701171875e-06,0.1796875
s_026705,tensor(0),DeeperForensics,0,2.6226043701171875e-06,0.1270751953125
s_026728,tensor(0),DeeperForensics,0,2.4437904357910156e-06,0.51171875
s_026747,tensor(0),DeeperForensics,0,2.562999725341797e-06,0.3037109375
s_026747,tensor(0),DeeperForensics,0,2.6226043701171875e-06,0.254150390625
s_026758,tensor(0),DeeperForensics,0,2.3245811462402344e-06,0.42919921875
s_026758,tensor(0),DeeperForensics,0,2.4437904357910156e-06,0.4345703125
s_026766,tensor(0),DeeperForensics,0,2.8014183044433594e-06,0.06683349609375
s_026766,tensor(0),DeeperForensics,0,2.8014183044433594e-06,0.054595947265625
s_026769,tensor(0),DeeperForensics,0,2.86102294921875e-06,0.71630859375
s_026769,tensor(0),DeeperForensics,0,2.86102294921875e-06,0.6923828125
s_026772,tensor(0),DeeperForensics,0,2.3245811462402344e-06,0.25439453125
s_026772,tensor(0),DeeperForensics,0,2.3245811462402344e-06,0.309814453125
s_026778,tensor(0),DeeperForensics,0,2.2649765014648438e-06,0.273681640625
s_026780,tensor(0),DeeperForensics,0,2.6226043701171875e-06,0.140869140625
s_026784,tensor(0),DeeperForensics,0,2.5033950805664062e-06,0.5595703125
s_026784,tensor(0),DeeperForensics,0,2.5033950805664062e-06,0.56640625
s_026804,tensor(0),DeeperForensics,0,2.384185791015625e-06,0.3359375
s_026804,tensor(0),DeeperForensics,0,2.562999725341797e-06,0.386474609375
s_026811,tensor(0),DeeperForensics,0,2.384185791015625e-06,0.5
s_026811,tensor(0),DeeperForensics,0,2.5033950805664062e-06,0.5546875
s_026815,tensor(0),DeeperForensics,0,2.562999725341797e-06,0.254638671875
s_026815,tensor(0),DeeperForensics,0,2.562999725341797e-06,0.266357421875
s_026817,tensor(0),DeeperForensics,0,2.5033950805664062e-06,0.2098388671875
s_071820,tensor(0),HiDF,1,1.0,0.99658203125
s_071829,tensor(0),HiDF,1,1.0,0.98681640625
s_071863,tensor(0),HiDF,1,1.0,0.998046875
s_071875,tensor(0),HiDF,1,1.0,0.9951171875
s_071880,tensor(0),HiDF,1,1.0,0.9794921875
s_071907,tensor(0),HiDF,1,1.0,0.99609375
s_071911,tensor(0),HiDF,1,1.0,0.99169921875
s_071917,tensor(0),HiDF,1,1.0,0.96728515625
s_071928,tensor(0),HiDF,1,1.0,0.98388671875
s_071931,tensor(0),HiDF,1,1.0,0.9677734375
s_071935,tensor(0),HiDF,1,1.0,0.99755859375
s_071944,tensor(0),HiDF,1,1.0,0.99755859375
s_071956,tensor(0),HiDF,1,1.0,0.994140625
s_071960,tensor(0),HiDF,1,1.0,0.99169921875
s_072002,tensor(0),HiDF,1,1.0,0.9970703125
s_072037,tensor(0),HiDF,1,1.0,0.9990234375
s_072048,tensor(0),HiDF,1,1.0,0.95751953125
s_072072,tensor(0),HiDF,1,1.0,0.9912109375
s_072103,tensor(0),HiDF,1,1.0,0.9228515625
s_072109,tensor(0),HiDF,1,1.0,0.98974609375
s_072121,tensor(0),HiDF,1,1.0,0.97021484375
s_072143,tensor(0),HiDF,1,1.0,0.998046875
s_072150,tensor(0),HiDF,1,1.0,0.99365234375
s_072158,tensor(0),HiDF,1,1.0,0.9951171875
s_072163,tensor(0),HiDF,1,1.0,0.9970703125
s_072164,tensor(0),HiDF,1,1.0,0.99365234375
s_072185,tensor(0),HiDF,1,1.0,0.9951171875
s_072212,tensor(0),HiDF,1,1.0,0.9794921875
s_072234,tensor(0),HiDF,1,1.0,0.9765625
s_072245,tensor(0),HiDF,1,1.0,0.99755859375
s_072266,tensor(0),HiDF,1,1.0,0.99072265625
s_072271,tensor(0),HiDF,1,1.0,0.9970703125
s_072275,tensor(0),HiDF,1,1.0,0.94970703125
s_072299,tensor(0),HiDF,1,1.0,0.99267578125
s_072309,tensor(0),HiDF,1,1.0,0.99560546875
s_072329,tensor(0),HiDF,1,1.0,0.9912109375
s_072346,tensor(0),HiDF,1,1.0,0.998046875
s_072368,tensor(0),HiDF,1,1.0,0.98046875
s_072370,tensor(0),HiDF,1,1.0,0.99755859375
s_072395,tensor(0),HiDF,1,1.0,0.98828125
s_072411,tensor(0),HiDF,1,1.0,0.986328125
s_072413,tensor(0),HiDF,1,1.0,0.98291015625
s_072420,tensor(0),HiDF,1,1.0,0.99853515625
s_072424,tensor(0),HiDF,1,1.0,0.86083984375
s_072428,tensor(0),HiDF,1,1.0,0.83154296875
s_072432,tensor(0),HiDF,1,1.0,0.994140625
s_072434,tensor(0),HiDF,1,1.0,0.9931640625
s_072446,tensor(0),HiDF,1,1.0,0.85693359375
s_072453,tensor(0),HiDF,1,1.0,0.99462890625
s_072458,tensor(0),HiDF,1,1.0,0.99169921875
s_072473,tensor(0),HiDF,1,1.0,0.9892578125
s_072487,tensor(0),HiDF,1,1.0,0.99365234375
s_072506,tensor(0),HiDF,1,1.0,0.9970703125
s_072509,tensor(0),HiDF,1,1.0,0.99853515625
s_072512,tensor(0),HiDF,1,1.0,0.998046875
s_072513,tensor(0),HiDF,1,1.0,0.99755859375
s_072519,tensor(0),HiDF,1,1.0,0.982421875
s_072529,tensor(0),HiDF,1,1.0,0.9990234375
s_072544,tensor(0),HiDF,1,1.0,0.98876953125
s_072550,tensor(0),HiDF,1,1.0,0.97265625
s_072553,tensor(0),HiDF,1,1.0,0.98193359375
s_072564,tensor(0),HiDF,1,1.0,0.986328125
s_072600,tensor(0),HiDF,1,1.0,0.888671875
s_072610,tensor(0),HiDF,1,1.0,0.9775390625
s_008649,tensor(0),DeeperForensics,1,1.0,0.99609375
s_008649,tensor(0),DeeperForensics,1,1.0,0.99609375
s_008697,tensor(0),DeeperForensics,1,1.0,0.98681640625
s_008697,tensor(0),DeeperForensics,1,1.0,0.97509765625
s_008697,tensor(0),DeeperForensics,1,1.0,0.98779296875
s_008697,tensor(0),DeeperForensics,1,1.0,0.9892578125
s_008697,tensor(0),DeeperForensics,1,1.0,0.990234375
s_008718,tensor(0),DeeperForensics,1,1.0,0.982421875
s_008718,tensor(0),DeeperForensics,1,1.0,0.99169921875
s_008718,tensor(0),DeeperForensics,1,1.0,0.9853515625
s_008741,tensor(0),DeeperForensics,1,1.0,0.9921875
s_008741,tensor(1),DeeperForensics,1,1.0,0.98974609375
s_008741,tensor(2),DeeperForensics,1,1.0,0.99169921875
s_008741,tensor(3),DeeperForensics,1,1.0,0.97900390625
s_008741,tensor(0),DeeperForensics,1,1.0,0.9931640625
s_008741,tensor(1),DeeperForensics,1,1.0,0.9951171875
s_008741,tensor(2),DeeperForensics,1,1.0,0.99365234375
s_008741,tensor(3),DeeperForensics,1,1.0,0.96923828125
s_008742,tensor(3),DeeperForensics,1,1.0,0.87109375
s_008742,tensor(3),DeeperForensics,1,1.0,0.6962890625
s_008755,tensor(0),DeeperForensics,1,1.0,0.99853515625
s_008755,tensor(0),DeeperForensics,1,1.0,0.9990234375
s_008755,tensor(0),DeeperForensics,1,1.0,0.9990234375
s_008791,tensor(0),DeeperForensics,1,1.0,0.99853515625
s_008791,tensor(0),DeeperForensics,1,1.0,0.99853515625
s_008791,tensor(0),DeeperForensics,1,1.0,0.9990234375
s_008791,tensor(0),DeeperForensics,1,1.0,0.99853515625
s_008791,tensor(0),DeeperForensics,1,1.0,0.9990234375
s_008791,tensor(0),DeeperForensics,1,1.0,0.9990234375
s_008791,tensor(0),DeeperForensics,1,1.0,0.99853515625
s_008806,tensor(0),DeeperForensics,1,1.0,0.99755859375
s_008839,tensor(0),DeeperForensics,1,1.0,0.99951171875
s_008839,tensor(0),DeeperForensics,1,1.0,0.99951171875
s_008839,tensor(0),DeeperForensics,1,1.0,0.99951171875
s_008839,tensor(0),DeeperForensics,1,1.0,1.0
s_008839,tensor(0),DeeperForensics,1,1.0,1.0
s_008844,tensor(2),DeeperForensics,1,1.0,0.9912109375
s_008844,tensor(2),DeeperForensics,1,1.0,0.9853515625
s_008844,tensor(2),DeeperForensics,1,1.0,0.9931640625
s_008853,tensor(0),DeeperForensics,1,1.0,0.92431640625
s_008853,tensor(0),DeeperForensics,1,1.0,0.9501953125
s_008853,tensor(0),DeeperForensics,1,1.0,0.95068359375
s_008861,tensor(0),DeeperForensics,1,1.0,0.9990234375
s_008861,tensor(0),DeeperForensics,1,1.0,0.99951171875
s_008861,tensor(0),DeeperForensics,1,1.0,0.99951171875
s_008861,tensor(0),DeeperForensics,1,1.0,0.99951171875
s_008862,tensor(0),DeeperForensics,1,1.0,0.99462890625
s_008862,tensor(0),DeeperForensics,1,1.0,0.99560546875
s_008862,tensor(0),DeeperForensics,1,1.0,0.9970703125
s_008870,tensor(0),DeeperForensics,1,1.0,0.998046875
s_008870,tensor(0),DeeperForensics,1,1.0,0.9970703125
s_008870,tensor(0),DeeperForensics,1,1.0,0.998046875
s_008870,tensor(0),DeeperForensics,1,1.0,0.998046875
s_008870,tensor(0),DeeperForensics,1,1.0,0.99755859375
s_008873,tensor(0),DeeperForensics,1,1.0,0.98046875
s_008873,tensor(0),DeeperForensics,1,1.0,0.97607421875
s_008873,tensor(0),DeeperForensics,1,1.0,0.96240234375
s_008873,tensor(0),DeeperForensics,1,1.0,0.98046875
s_008873,tensor(0),DeeperForensics,1,1.0,0.9794921875
s_008873,tensor(0),DeeperForensics,1,1.0,0.97216796875
s_008875,tensor(0),DeeperForensics,1,1.0,0.998046875
s_008875,tensor(0),DeeperForensics,1,1.0,0.998046875
s_008875,tensor(0),DeeperForensics,1,1.0,0.99853515625
s_008876,tensor(0),DeeperForensics,1,1.0,0.99365234375
s_019483,tensor(0),DeeperForensics,0,2.3245811462402344e-06,0.318603515625
s_019497,tensor(0),DeeperForensics,0,2.5033950805664062e-06,0.283447265625
s_019505,tensor(0),DeeperForensics,0,2.562999725341797e-06,0.17529296875
s_019509,tensor(0),DeeperForensics,0,2.6226043701171875e-06,0.487548828125
s_019517,tensor(0),DeeperForensics,0,2.7418136596679688e-06,0.300537109375
s_019517,tensor(0),DeeperForensics,0,2.562999725341797e-06,0.495849609375
s_019518,tensor(0),DeeperForensics,0,2.4437904357910156e-06,0.389404296875
s_019518,tensor(0),DeeperForensics,0,2.562999725341797e-06,0.433837890625
s_019520,tensor(0),DeeperForensics,0,2.562999725341797e-06,0.382568359375
s_019520,tensor(0),DeeperForensics,0,2.682209014892578e-06,0.391357421875
s_019532,tensor(0),DeeperForensics,0,2.6226043701171875e-06,0.40625
s_019533,tensor(0),DeeperForensics,0,2.562999725341797e-06,0.132568359375
s_019540,tensor(0),DeeperForensics,0,2.4437904357910156e-06,0.1343994140625
s_019540,tensor(0),DeeperForensics,0,2.562999725341797e-06,0.1383056640625
s_019544,tensor(0),DeeperForensics,0,2.562999725341797e-06,0.37060546875
s_019546,tensor(0),DeeperForensics,0,2.4437904357910156e-06,0.4560546875
s_019556,tensor(0),DeeperForensics,0,2.682209014892578e-06,0.2454833984375
s_019572,tensor(0),DeeperForensics,0,2.4437904357910156e-06,0.1534423828125
s_019572,tensor(0),DeeperForensics,0,2.6226043701171875e-06,0.168701171875
s_019602,tensor(0),DeeperForensics,0,2.5033950805664062e-06,0.266357421875
s_019602,tensor(0),DeeperForensics,0,2.4437904357910156e-06,0.3310546875
s_019609,tensor(0),DeeperForensics,0,2.4437904357910156e-06,0.472900390625
s_019616,tensor(0),DeeperForensics,0,2.7418136596679688e-06,0.2919921875
s_019616,tensor(0),DeeperForensics,0,2.682209014892578e-06,0.343017578125
s_019637,tensor(0),DeeperForensics,0,2.562999725341797e-06,0.391845703125
s_019647,tensor(0),DeeperForensics,0,2.9206275939941406e-06,0.080078125
s_019659,tensor(0),DeeperForensics,0,2.562999725341797e-06,0.2467041015625
s_019659,tensor(0),DeeperForensics,0,2.6226043701171875e-06,0.1640625
s_019661,tensor(0),DeeperForensics,0,2.8014183044433594e-06,0.091064453125
s_019661,tensor(0),DeeperForensics,0,2.8014183044433594e-06,0.08251953125
s_019662,tensor(0),DeeperForensics,0,2.6226043701171875e-06,0.60595703125
s_019663,tensor(0),DeeperForensics,0,2.5033950805664062e-06,0.3896484375
s_019680,tensor(0),DeeperForensics,0,2.6226043701171875e-06,0.43115234375
s_019680,tensor(0),DeeperForensics,0,2.6226043701171875e-06,0.40869140625
s_019684,tensor(0),DeeperForensics,0,2.6226043701171875e-06,0.5107421875
s_019684,tensor(0),DeeperForensics,0,2.4437904357910156e-06,0.4970703125
s_019690,tensor(0),DeeperForensics,0,2.7418136596679688e-06,0.8486328125
s_019690,tensor(0),DeeperForensics,0,2.6226043701171875e-06,0.7568359375
s_019710,tensor(0),DeeperForensics,0,2.562999725341797e-06,0.50390625
s_019710,tensor(0),DeeperForensics,0,2.205371856689453e-06,0.5703125
s_019710,tensor(0),DeeperForensics,0,2.384185791015625e-06,0.50048828125
s_019717,tensor(0),DeeperForensics,0,2.6226043701171875e-06,0.386962890625
s_019717,tensor(0),DeeperForensics,0,2.682209014892578e-06,0.354736328125
s_019717,tensor(0),DeeperForensics,0,2.6226043701171875e-06,0.4638671875
s_019718,tensor(0),DeeperForensics,0,2.86102294921875e-06,0.7724609375
s_019718,tensor(0),DeeperForensics,0,2.6226043701171875e-06,0.7919921875
s_019718,tensor(0),DeeperForensics,0,2.6226043701171875e-06,0.82275390625
s_019724,tensor(0),DeeperForensics,0,2.86102294921875e-06,0.63623046875
s_019724,tensor(0),DeeperForensics,0,2.5033950805664062e-06,0.411865234375
s_019724,tensor(0),DeeperForensics,0,2.682209014892578e-06,0.349609375
s_019727,tensor(0),DeeperForensics,0,2.7418136596679688e-06,0.341552734375
s_019733,tensor(0),DeeperForensics,0,2.5033950805664062e-06,0.6484375
s_019733,tensor(0),DeeperForensics,0,2.384185791015625e-06,0.6044921875
s_019736,tensor(0),DeeperForensics,0,2.3245811462402344e-06,0.2027587890625
s_019736,tensor(0),DeeperForensics,0,2.4437904357910156e-06,0.206298828125
s_019754,tensor(0),DeeperForensics,0,2.562999725341797e-06,0.693359375
s_019762,tensor(0),DeeperForensics,0,2.2649765014648438e-06,0.1585693359375
s_019762,tensor(0),DeeperForensics,0,2.4437904357910156e-06,0.161865234375
s_019762,tensor(0),DeeperForensics,0,2.384185791015625e-06,0.1856689453125
s_019780,tensor(0),DeeperForensics,0,2.5033950805664062e-06,0.6533203125
s_019780,tensor(0),DeeperForensics,0,2.5033950805664062e-06,0.45458984375
s_019814,tensor(0),DeeperForensics,0,2.682209014892578e-06,0.457275390625
s_019814,tensor(0),DeeperForensics,0,2.6226043701171875e-06,0.46533203125
s_019840,tensor(0),DeeperForensics,0,2.7418136596679688e-06,0.8017578125
s_026817,tensor(0),DeeperForensics,0,2.562999725341797e-06,0.38720703125
s_026817,tensor(0),DeeperForensics,0,2.562999725341797e-06,0.316162109375
s_026831,tensor(0),DeeperForensics,0,2.4437904357910156e-06,0.5458984375
s_026831,tensor(0),DeeperForensics,0,2.4437904357910156e-06,0.52099609375
s_026838,tensor(0),DeeperForensics,0,2.4437904357910156e-06,0.4345703125
s_026838,tensor(0),DeeperForensics,0,2.562999725341797e-06,0.410400390625
s_026838,tensor(0),DeeperForensics,0,2.4437904357910156e-06,0.44287109375
s_026861,tensor(0),DeeperForensics,0,2.4437904357910156e-06,0.1259765625
s_026861,tensor(0),DeeperForensics,0,2.6226043701171875e-06,0.1279296875
s_026881,tensor(0),DeeperForensics,0,2.5033950805664062e-06,0.2294921875
s_026881,tensor(0),DeeperForensics,0,2.5033950805664062e-06,0.184814453125
s_026909,tensor(0),DeeperForensics,0,2.384185791015625e-06,0.40576171875
s_026909,tensor(0),DeeperForensics,0,2.384185791015625e-06,0.43017578125
s_026920,tensor(0),DeeperForensics,0,2.5033950805664062e-06,0.40771484375
s_026920,tensor(0),DeeperForensics,0,2.86102294921875e-06,0.31005859375
s_026920,tensor(0),DeeperForensics,0,2.6226043701171875e-06,0.22802734375
s_026920,tensor(0),DeeperForensics,0,2.9206275939941406e-06,0.7373046875
s_026920,tensor(0),DeeperForensics,0,2.86102294921875e-06,0.428466796875
s_026920,tensor(0),DeeperForensics,0,3.159046173095703e-06,0.62255859375
s_026920,tensor(0),DeeperForensics,0,2.86102294921875e-06,0.70849609375
s_026920,tensor(0),DeeperForensics,0,3.337860107421875e-06,0.75732421875
s_026920,tensor(0),DeeperForensics,0,3.039836883544922e-06,0.493896484375
s_026920,tensor(0),DeeperForensics,0,2.7418136596679688e-06,0.7431640625
s_026920,tensor(0),DeeperForensics,0,2.86102294921875e-06,0.796875
s_026920,tensor(0),DeeperForensics,0,2.682209014892578e-06,0.467041015625
s_026920,tensor(0),DeeperForensics,0,2.9206275939941406e-06,0.29248046875
s_026920,tensor(0),DeeperForensics,0,2.7418136596679688e-06,0.2802734375
s_026920,tensor(0),DeeperForensics,0,2.9206275939941406e-06,0.471923828125
s_026920,tensor(0),DeeperForensics,0,2.4437904357910156e-06,0.52001953125
s_026920,tensor(0),DeeperForensics,0,2.8014183044433594e-06,0.75439453125
s_026920,tensor(0),DeeperForensics,0,2.7418136596679688e-06,0.5419921875
s_026920,tensor(0),DeeperForensics,0,2.384185791015625e-06,0.446533203125
s_026920,tensor(0),DeeperForensics,0,2.86102294921875e-06,0.2568359375
s_026920,tensor(0),DeeperForensics,0,2.682209014892578e-06,0.1844482421875
s_026920,tensor(0),DeeperForensics,0,2.8014183044433594e-06,0.5146484375
s_026920,tensor(0),DeeperForensics,0,2.7418136596679688e-06,0.2469482421875
s_026920,tensor(0),DeeperForensics,0,2.682209014892578e-06,0.28466796875
s_026920,tensor(0),DeeperForensics,0,2.7418136596679688e-06,0.447509765625
s_026920,tensor(0),DeeperForensics,0,2.4437904357910156e-06,0.61474609375
s_026920,tensor(0),DeeperForensics,0,2.9206275939941406e-06,0.279296875
s_026920,tensor(0),DeeperForensics,0,2.7418136596679688e-06,0.346435546875
s_026920,tensor(0),DeeperForensics,0,2.6226043701171875e-06,0.388427734375
s_026920,tensor(0),DeeperForensics,0,2.9206275939941406e-06,0.295166015625
s_026920,tensor(0),DeeperForensics,0,2.8014183044433594e-06,0.322998046875
s_026920,tensor(0),DeeperForensics,0,2.8014183044433594e-06,0.1982421875
s_026920,tensor(0),DeeperForensics,0,2.7418136596679688e-06,0.317626953125
s_026920,tensor(0),DeeperForensics,0,2.86102294921875e-06,0.380859375
s_026920,tensor(0),DeeperForensics,0,2.682209014892578e-06,0.252685546875
s_026920,tensor(0),DeeperForensics,0,2.562999725341797e-06,0.5283203125
s_026920,tensor(0),DeeperForensics,0,2.6226043701171875e-06,0.27099609375
s_026920,tensor(0),DeeperForensics,0,2.6226043701171875e-06,0.2073974609375
s_026920,tensor(0),DeeperForensics,0,2.6226043701171875e-06,0.295654296875
s_026920,tensor(0),DeeperForensics,0,2.9206275939941406e-06,0.1790771484375
s_026920,tensor(0),DeeperForensics,0,2.682209014892578e-06,0.47216796875
s_026920,tensor(0),DeeperForensics,0,2.5033950805664062e-06,0.301025390625
s_026920,tensor(0),DeeperForensics,0,2.4437904357910156e-06,0.14599609375
s_026920,tensor(0),DeeperForensics,0,2.4437904357910156e-06,0.673828125
s_026920,tensor(0),DeeperForensics,0,2.7418136596679688e-06,0.1396484375
s_026920,tensor(0),DeeperForensics,0,2.86102294921875e-06,0.5234375
s_026920,tensor(0),DeeperForensics,0,2.86102294921875e-06,0.525390625
s_026920,tensor(0),DeeperForensics,0,2.9206275939941406e-06,0.1820068359375
s_026920,tensor(0),DeeperForensics,0,2.5033950805664062e-06,0.5263671875
s_026920,tensor(0),DeeperForensics,0,2.9206275939941406e-06,0.37646484375
s_026920,tensor(0),DeeperForensics,0,2.86102294921875e-06,0.1251220703125
s_072629,tensor(0),HiDF,1,1.0,0.99560546875
s_072638,tensor(0),HiDF,1,1.0,0.865234375
s_072648,tensor(0),HiDF,1,1.0,0.990234375
s_072650,tensor(0),HiDF,1,1.0,0.99755859375
s_072651,tensor(0),HiDF,1,1.0,0.99169921875
s_072653,tensor(0),HiDF,1,1.0,0.9970703125
s_072654,tensor(0),HiDF,1,0.005161285400390625,0.292724609375
s_072668,tensor(0),HiDF,1,1.0,0.99560546875
s_072685,tensor(0),HiDF,1,1.0,0.99609375
s_072720,tensor(0),HiDF,1,1.0,0.97998046875
s_072728,tensor(0),HiDF,1,1.0,0.9951171875
s_072733,tensor(0),HiDF,1,1.0,0.998046875
s_072735,tensor(0),HiDF,1,1.0,0.9990234375
s_072746,tensor(0),HiDF,1,1.0,0.9951171875
s_072767,tensor(0),HiDF,1,1.0,0.9658203125
s_072771,tensor(0),HiDF,1,1.0,0.9970703125
s_072790,tensor(0),HiDF,1,1.0,0.8994140625
s_072791,tensor(0),HiDF,1,1.0,0.9375
s_072794,tensor(0),HiDF,1,1.0,0.9931640625
s_072801,tensor(0),HiDF,1,1.0,0.95068359375
s_072814,tensor(0),HiDF,1,1.0,0.99169921875
s_072821,tensor(0),HiDF,1,1.0,0.97314453125
s_072824,tensor(0),HiDF,1,1.0,0.99169921875
s_072834,tensor(0),HiDF,1,1.0,0.8779296875
s_072839,tensor(0),HiDF,1,1.0,0.9912109375
s_072848,tensor(0),HiDF,1,1.0,0.9833984375
s_072880,tensor(0),HiDF,1,1.0,0.986328125
s_072882,tensor(0),HiDF,1,1.0,0.87939453125
s_072923,tensor(0),HiDF,1,1.0,0.9814453125
s_072925,tensor(0),HiDF,1,1.0,0.98095703125
s_072954,tensor(0),HiDF,1,1.0,0.9833984375
s_072962,tensor(0),HiDF,1,1.0,0.99462890625
s_072973,tensor(0),HiDF,1,1.0,0.99951171875
s_072975,tensor(0),HiDF,1,1.0,0.93896484375
s_073007,tensor(0),HiDF,1,1.0,0.98974609375
s_073032,tensor(0),HiDF,1,1.0,0.9970703125
s_073039,tensor(0),HiDF,1,1.0,0.98828125
s_073060,tensor(0),HiDF,1,1.0,0.9970703125
s_073092,tensor(0),HiDF,1,1.0,0.990234375
s_073101,tensor(0),HiDF,1,1.0,0.98291015625
s_073128,tensor(0),HiDF,1,1.0,0.98095703125
s_073134,tensor(0),HiDF,1,1.0,0.994140625
s_073161,tensor(0),HiDF,1,1.0,0.60693359375
s_073164,tensor(0),HiDF,1,1.0,0.99560546875
s_073173,tensor(0),HiDF,1,1.0,0.9716796875
s_073185,tensor(0),HiDF,1,1.0,0.98681640625
s_073187,tensor(0),HiDF,1,1.0,0.99853515625
s_073191,tensor(0),HiDF,1,1.0,0.97705078125
s_073193,tensor(0),HiDF,1,1.0,0.98828125
s_073218,tensor(0),HiDF,1,1.0,0.97900390625
s_073245,tensor(0),HiDF,1,1.0,0.9755859375
s_073252,tensor(0),HiDF,1,1.0,0.99755859375
s_073257,tensor(0),HiDF,1,1.0,0.99755859375
s_073267,tensor(0),HiDF,1,1.0,0.93798828125
s_073280,tensor(0),HiDF,1,1.0,0.9755859375
s_073294,tensor(0),HiDF,1,1.0,0.98486328125
s_073303,tensor(0),HiDF,1,1.0,0.99951171875
s_073329,tensor(0),HiDF,1,1.0,0.99755859375
s_073339,tensor(0),HiDF,1,1.0,0.99755859375
s_073361,tensor(0),HiDF,1,1.0,0.99658203125
s_073371,tensor(0),HiDF,1,1.0,0.9130859375
s_073375,tensor(0),HiDF,1,1.0,0.98681640625
s_073381,tensor(0),HiDF,1,1.0,0.99169921875
s_073384,tensor(0),HiDF,1,1.0,0.99658203125
s_008876,tensor(0),DeeperForensics,1,1.0,0.99658203125
s_008876,tensor(0),DeeperForensics,1,1.0,0.99609375
s_008876,tensor(0),DeeperForensics,1,1.0,0.9970703125
s_008877,tensor(0),DeeperForensics,1,1.0,0.99755859375
s_008887,tensor(0),DeeperForensics,1,1.0,0.97021484375
s_008887,tensor(0),DeeperForensics,1,1.0,0.9658203125
s_008887,tensor(0),DeeperForensics,1,1.0,0.9716796875
s_008887,tensor(0),DeeperForensics,1,1.0,0.96826171875
s_008887,tensor(0),DeeperForensics,1,1.0,0.9736328125
s_008887,tensor(1),DeeperForensics,1,1.0,0.9755859375
s_008887,tensor(0),DeeperForensics,1,1.0,0.9765625
s_008887,tensor(6),DeeperForensics,1,1.0,0.9130859375
s_008887,tensor(0),DeeperForensics,1,1.0,0.96630859375
s_008891,tensor(0),DeeperForensics,1,1.0,0.99365234375
s_008891,tensor(0),DeeperForensics,1,1.0,0.99560546875
s_008891,tensor(0),DeeperForensics,1,1.0,0.99658203125
s_008891,tensor(0),DeeperForensics,1,1.0,0.99560546875
s_008892,tensor(0),DeeperForensics,1,1.0,0.99853515625
s_008892,tensor(0),DeeperForensics,1,1.0,0.99853515625
s_008892,tensor(0),DeeperForensics,1,1.0,0.9990234375
s_008892,tensor(0),DeeperForensics,1,1.0,0.99853515625
s_008892,tensor(0),DeeperForensics,1,1.0,0.99853515625
s_008892,tensor(0),DeeperForensics,1,1.0,0.99853515625
s_008938,tensor(0),DeeperForensics,1,1.0,1.0
s_008938,tensor(0),DeeperForensics,1,1.0,1.0
s_008938,tensor(0),DeeperForensics,1,1.0,1.0
s_008952,tensor(0),DeeperForensics,1,1.0,0.99658203125
s_008952,tensor(0),DeeperForensics,1,1.0,0.9970703125
s_008952,tensor(0),DeeperForensics,1,1.0,0.99609375
s_008977,tensor(0),DeeperForensics,1,1.0,0.98974609375
s_008984,tensor(0),DeeperForensics,1,1.0,0.966796875
s_008984,tensor(0),DeeperForensics,1,1.0,0.9814453125
s_008984,tensor(0),DeeperForensics,1,1.0,0.97509765625
s_008984,tensor(0),DeeperForensics,1,1.0,0.98193359375
s_008988,tensor(0),DeeperForensics,1,1.0,0.99365234375
s_008988,tensor(0),DeeperForensics,1,1.0,0.99462890625
s_008988,tensor(0),DeeperForensics,1,1.0,0.994140625
s_009041,tensor(0),DeeperForensics,1,1.0,0.9814453125
s_009041,tensor(0),DeeperForensics,1,1.0,0.97265625
s_009041,tensor(0),DeeperForensics,1,1.0,0.9775390625
s_009042,tensor(0),DeeperForensics,1,1.0,0.994140625
s_009042,tensor(0),DeeperForensics,1,1.0,0.99365234375
s_009042,tensor(0),DeeperForensics,1,1.0,0.9951171875
s_009045,tensor(0),DeeperForensics,1,1.0,0.921875
s_009045,tensor(0),DeeperForensics,1,1.0,0.9833984375
s_009045,tensor(0),DeeperForensics,1,1.0,0.978515625
s_009045,tensor(0),DeeperForensics,1,1.0,0.98876953125
s_009045,tensor(0),DeeperForensics,1,1.0,0.990234375
s_009114,tensor(0),DeeperForensics,1,1.0,0.99365234375
s_009114,tensor(0),DeeperForensics,1,1.0,0.99169921875
s_009114,tensor(0),DeeperForensics,1,1.0,0.994140625
s_009114,tensor(0),DeeperForensics,1,1.0,0.9921875
s_009114,tensor(0),DeeperForensics,1,1.0,0.9921875
s_009114,tensor(0),DeeperForensics,1,1.0,0.98876953125
s_009141,tensor(0),DeeperForensics,1,1.0,0.99951171875
s_009141,tensor(0),DeeperForensics,1,1.0,0.9990234375
s_009141,tensor(0),DeeperForensics,1,1.0,0.99951171875
s_009141,tensor(0),DeeperForensics,1,1.0,0.9990234375
s_009141,tensor(0),DeeperForensics,1,1.0,0.9990234375
s_009141,tensor(0),DeeperForensics,1,1.0,0.99951171875
s_009141,tensor(0),DeeperForensics,1,1.0,0.99951171875
s_009145,tensor(0),DeeperForensics,1,1.0,1.0
s_009145,tensor(0),DeeperForensics,1,1.0,1.0
s_009145,tensor(0),DeeperForensics,1,1.0,1.0
s_019840,tensor(0),DeeperForensics,0,2.86102294921875e-06,0.6884765625
s_019844,tensor(0),DeeperForensics,0,3.039836883544922e-06,0.64990234375
s_019855,tensor(0),DeeperForensics,0,2.6226043701171875e-06,0.08270263671875
s_019855,tensor(0),DeeperForensics,0,2.86102294921875e-06,0.06817626953125
s_019855,tensor(0),DeeperForensics,0,2.9206275939941406e-06,0.047698974609375
s_019858,tensor(0),DeeperForensics,0,2.9802322387695312e-06,0.537109375
s_019858,tensor(0),DeeperForensics,0,2.9206275939941406e-06,0.6015625
s_019882,tensor(0),DeeperForensics,0,2.4437904357910156e-06,0.157958984375
s_019882,tensor(0),DeeperForensics,0,2.5033950805664062e-06,0.2349853515625
s_019882,tensor(0),DeeperForensics,0,2.6226043701171875e-06,0.2445068359375
s_019882,tensor(0),DeeperForensics,0,2.6226043701171875e-06,0.2337646484375
s_019890,tensor(0),DeeperForensics,0,2.86102294921875e-06,0.2318115234375
s_019890,tensor(0),DeeperForensics,0,3.159046173095703e-06,0.18603515625
s_019906,tensor(0),DeeperForensics,0,3.159046173095703e-06,0.12103271484375
s_019906,tensor(0),DeeperForensics,0,2.86102294921875e-06,0.0753173828125
s_019913,tensor(0),DeeperForensics,0,3.159046173095703e-06,0.05023193359375
s_019913,tensor(0),DeeperForensics,0,3.2782554626464844e-06,0.0982666015625
s_019915,tensor(0),DeeperForensics,0,2.9802322387695312e-06,0.2322998046875
s_019915,tensor(0),DeeperForensics,0,3.039836883544922e-06,0.1593017578125
s_019915,tensor(0),DeeperForensics,0,2.8014183044433594e-06,0.228271484375
s_019936,tensor(0),DeeperForensics,0,2.562999725341797e-06,0.298828125
s_019936,tensor(0),DeeperForensics,0,2.7418136596679688e-06,0.5185546875
s_019955,tensor(0),DeeperForensics,0,2.9206275939941406e-06,0.37109375
s_019955,tensor(0),DeeperForensics,0,2.86102294921875e-06,0.38427734375
s_019965,tensor(0),DeeperForensics,0,2.7418136596679688e-06,0.326904296875
s_019965,tensor(0),DeeperForensics,0,2.8014183044433594e-06,0.276123046875
s_019976,tensor(0),DeeperForensics,0,2.8014183044433594e-06,0.06842041015625
s_019976,tensor(0),DeeperForensics,0,2.86102294921875e-06,0.06304931640625
s_019983,tensor(0),DeeperForensics,0,2.7418136596679688e-06,0.12066650390625
s_019983,tensor(0),DeeperForensics,0,2.6226043701171875e-06,0.10614013671875
s_019987,tensor(0),DeeperForensics,0,2.6226043701171875e-06,0.21142578125
s_019987,tensor(0),DeeperForensics,0,2.682209014892578e-06,0.1922607421875
s_019992,tensor(0),DeeperForensics,0,2.562999725341797e-06,0.2269287109375
s_019992,tensor(0),DeeperForensics,0,2.7418136596679688e-06,0.1900634765625
s_019992,tensor(0),DeeperForensics,0,2.562999725341797e-06,0.22802734375
s_019995,tensor(0),DeeperForensics,0,2.562999725341797e-06,0.1885986328125
s_019995,tensor(0),DeeperForensics,0,2.562999725341797e-06,0.144775390625
s_019995,tensor(0),DeeperForensics,0,2.384185791015625e-06,0.1630859375
s_020000,tensor(0),DeeperForensics,0,2.7418136596679688e-06,0.167724609375
s_020000,tensor(0),DeeperForensics,0,2.9206275939941406e-06,0.1942138671875
s_020002,tensor(0),DeeperForensics,0,2.8014183044433594e-06,0.11376953125
s_020002,tensor(0),DeeperForensics,0,3.5762786865234375e-06,0.1640625
s_020003,tensor(0),DeeperForensics,0,2.9206275939941406e-06,0.1900634765625
s_020003,tensor(0),DeeperForensics,0,3.0994415283203125e-06,0.2413330078125
s_020009,tensor(0),DeeperForensics,0,2.86102294921875e-06,0.2322998046875
s_020009,tensor(0),DeeperForensics,0,3.2186508178710938e-06,0.126953125
s_020010,tensor(0),DeeperForensics,0,3.039836883544922e-06,0.4794921875
s_020010,tensor(0),DeeperForensics,0,3.159046173095703e-06,0.403564453125
s_020021,tensor(0),DeeperForensics,0,3.2186508178710938e-06,0.189208984375
s_020021,tensor(0),DeeperForensics,0,3.159046173095703e-06,0.372802734375
s_020021,tensor(0),DeeperForensics,0,2.9206275939941406e-06,0.205322265625
s_020029,tensor(0),DeeperForensics,0,3.2186508178710938e-06,0.4384765625
s_020029,tensor(0),DeeperForensics,0,3.159046173095703e-06,0.55126953125
s_020029,tensor(0),DeeperForensics,0,3.039836883544922e-06,0.2724609375
s_020035,tensor(0),DeeperForensics,0,3.516674041748047e-06,0.403076171875
s_020035,tensor(0),DeeperForensics,0,3.2782554626464844e-06,0.481201171875
s_020037,tensor(0),DeeperForensics,0,2.6226043701171875e-06,0.10821533203125
s_020037,tensor(0),DeeperForensics,0,2.6226043701171875e-06,0.1181640625
s_020038,tensor(0),DeeperForensics,0,2.86102294921875e-06,0.26171875
s_020038,tensor(0),DeeperForensics,0,2.86102294921875e-06,0.299560546875
s_020064,tensor(0),DeeperForensics,0,3.159046173095703e-06,0.58251953125
s_020064,tensor(0),DeeperForensics,0,3.2782554626464844e-06,0.60791015625
s_020086,tensor(0),DeeperForensics,0,2.562999725341797e-06,0.1104736328125
s_020086,tensor(0),DeeperForensics,0,2.7418136596679688e-06,0.0987548828125
s_026920,tensor(0),DeeperForensics,0,2.6226043701171875e-06,0.27490234375
s_026920,tensor(0),DeeperForensics,0,2.7418136596679688e-06,0.1917724609375
s_026920,tensor(0),DeeperForensics,0,2.9206275939941406e-06,0.1868896484375
s_026920,tensor(0),DeeperForensics,0,2.562999725341797e-06,0.55517578125
s_026920,tensor(0),DeeperForensics,0,2.7418136596679688e-06,0.271240234375
s_026920,tensor(0),DeeperForensics,0,2.86102294921875e-06,0.43408203125
s_026920,tensor(0),DeeperForensics,0,3.0994415283203125e-06,0.295654296875
s_026920,tensor(0),DeeperForensics,0,2.6226043701171875e-06,0.5498046875
s_026920,tensor(0),DeeperForensics,0,2.8014183044433594e-06,0.5947265625
s_026920,tensor(0),DeeperForensics,0,2.8014183044433594e-06,0.2685546875
s_026920,tensor(0),DeeperForensics,0,2.86102294921875e-06,0.34521484375
s_026920,tensor(0),DeeperForensics,0,3.0994415283203125e-06,0.324462890625
s_026920,tensor(0),DeeperForensics,0,2.9802322387695312e-06,0.2313232421875
s_026920,tensor(0),DeeperForensics,0,2.8014183044433594e-06,0.18701171875
s_026944,tensor(0),DeeperForensics,0,2.384185791015625e-06,0.74462890625
s_026944,tensor(0),DeeperForensics,0,2.562999725341797e-06,0.7783203125
s_026947,tensor(0),DeeperForensics,0,2.384185791015625e-06,0.6083984375
s_026947,tensor(0),DeeperForensics,0,2.5033950805664062e-06,0.701171875
s_026948,tensor(0),DeeperForensics,0,2.384185791015625e-06,0.60107421875
s_026948,tensor(0),DeeperForensics,0,2.562999725341797e-06,0.623046875
s_026950,tensor(0),DeeperForensics,0,2.3245811462402344e-06,0.45849609375
s_026955,tensor(0),DeeperForensics,0,2.562999725341797e-06,0.51904296875
s_026958,tensor(0),DeeperForensics,0,2.5033950805664062e-06,0.5908203125
s_026958,tensor(0),DeeperForensics,0,2.5033950805664062e-06,0.57373046875
s_026965,tensor(0),DeeperForensics,0,2.562999725341797e-06,0.81884765625
s_026968,tensor(0),DeeperForensics,0,2.6226043701171875e-06,0.7880859375
s_026983,tensor(0),DeeperForensics,0,2.682209014892578e-06,0.161376953125
s_026987,tensor(0),DeeperForensics,0,2.682209014892578e-06,0.63720703125
s_026993,tensor(0),DeeperForensics,0,2.7418136596679688e-06,0.7373046875
s_026997,tensor(0),DeeperForensics,0,2.7418136596679688e-06,0.203125
s_027020,tensor(0),DeeperForensics,0,2.5033950805664062e-06,0.6142578125
s_027022,tensor(0),DeeperForensics,0,2.6226043701171875e-06,0.74755859375
s_027025,tensor(0),DeeperForensics,0,2.682209014892578e-06,0.316162109375
s_027027,tensor(0),DeeperForensics,0,2.8014183044433594e-06,0.6162109375
s_027031,tensor(0),DeeperForensics,0,3.039836883544922e-06,0.76171875
s_027049,tensor(0),DeeperForensics,0,2.6226043701171875e-06,0.6376953125
s_027049,tensor(0),DeeperForensics,0,2.6226043701171875e-06,0.65673828125
s_027062,tensor(0),DeeperForensics,0,2.4437904357910156e-06,0.388671875
s_027067,tensor(0),DeeperForensics,0,2.5033950805664062e-06,0.5341796875
s_027078,tensor(0),DeeperForensics,0,2.6226043701171875e-06,0.490234375
s_027078,tensor(0),DeeperForensics,0,2.7418136596679688e-06,0.46826171875
s_027097,tensor(0),DeeperForensics,0,2.682209014892578e-06,0.3349609375
s_027097,tensor(0),DeeperForensics,0,2.86102294921875e-06,0.310791015625
s_027116,tensor(0),DeeperForensics,0,2.4437904357910156e-06,0.732421875
s_027116,tensor(0),DeeperForensics,0,2.562999725341797e-06,0.68603515625
s_027132,tensor(0),DeeperForensics,0,2.384185791015625e-06,0.425537109375
s_027132,tensor(0),DeeperForensics,0,2.4437904357910156e-06,0.49169921875
s_027146,tensor(0),DeeperForensics,0,2.8014183044433594e-06,0.6474609375
s_027146,tensor(0),DeeperForensics,0,2.7418136596679688e-06,0.716796875
s_027155,tensor(0),DeeperForensics,0,2.9802322387695312e-06,0.65087890625
s_027155,tensor(0),DeeperForensics,0,2.7418136596679688e-06,0.7255859375
s_027157,tensor(0),DeeperForensics,0,2.86102294921875e-06,0.5615234375
s_027157,tensor(0),DeeperForensics,0,2.7418136596679688e-06,0.5234375
s_027190,tensor(0),DeeperForensics,0,2.7418136596679688e-06,0.625
s_027191,tensor(0),DeeperForensics,0,2.5033950805664062e-06,0.092041015625
s_027239,tensor(0),DeeperForensics,0,2.562999725341797e-06,0.462890625
s_027239,tensor(0),DeeperForensics,0,2.5033950805664062e-06,0.51220703125
s_027241,tensor(0),DeeperForensics,0,2.4437904357910156e-06,0.370361328125
s_027241,tensor(0),DeeperForensics,0,2.682209014892578e-06,0.42138671875
s_027251,tensor(0),DeeperForensics,0,2.5033950805664062e-06,0.533203125
s_027273,tensor(0),DeeperForensics,0,3.159046173095703e-06,0.595703125
s_027273,tensor(0),DeeperForensics,0,3.2186508178710938e-06,0.64794921875
s_027279,tensor(0),DeeperForensics,0,2.6226043701171875e-06,0.57958984375
s_027279,tensor(0),DeeperForensics,0,2.682209014892578e-06,0.50537109375
s_073390,tensor(0),HiDF,1,1.0,0.998046875
s_073431,tensor(0),HiDF,1,1.0,0.9345703125
s_073442,tensor(0),HiDF,1,1.0,0.8955078125
s_073454,tensor(0),HiDF,1,1.0,0.9970703125
s_073508,tensor(0),HiDF,1,1.0,0.943359375
s_073514,tensor(0),HiDF,1,1.0,0.99072265625
s_073522,tensor(0),HiDF,1,1.0,0.9951171875
s_073523,tensor(0),HiDF,1,1.0,0.998046875
s_073538,tensor(0),HiDF,1,1.0,0.9970703125
s_073546,tensor(0),HiDF,1,1.0,0.99755859375
s_073547,tensor(0),HiDF,1,1.0,0.94580078125
s_073567,tensor(0),HiDF,1,1.0,0.98583984375
s_073584,tensor(0),HiDF,1,1.0,0.998046875
s_073640,tensor(0),HiDF,1,1.0,0.728515625
s_073664,tensor(0),HiDF,1,1.0,0.98974609375
s_073676,tensor(0),HiDF,1,1.0,0.9736328125
s_073693,tensor(0),HiDF,1,1.0,0.998046875
s_073700,tensor(0),HiDF,1,1.0,0.98193359375
s_073701,tensor(0),HiDF,1,1.0,0.80712890625
s_073730,tensor(0),HiDF,1,1.0,0.95751953125
s_073742,tensor(0),HiDF,1,1.0,0.83154296875
s_073746,tensor(0),HiDF,1,1.0,0.97998046875
s_073760,tensor(0),HiDF,1,1.0,0.939453125
s_073777,tensor(0),HiDF,1,1.0,0.98876953125
s_073798,tensor(0),HiDF,1,1.0,0.92626953125
s_073810,tensor(0),HiDF,1,1.0,0.96923828125
s_073816,tensor(0),HiDF,1,1.0,0.986328125
s_073822,tensor(0),HiDF,1,1.0,0.8603515625
s_073824,tensor(0),HiDF,1,1.0,0.99853515625
s_073829,tensor(0),HiDF,1,1.0,0.97705078125
s_073847,tensor(0),HiDF,1,1.0,0.83544921875
s_073866,tensor(0),HiDF,1,1.0,0.998046875
s_073888,tensor(0),HiDF,1,1.0,0.99560546875
s_073889,tensor(0),HiDF,1,1.0,0.99609375
s_073901,tensor(0),HiDF,1,1.0,0.99267578125
s_073902,tensor(0),HiDF,1,1.0,0.9873046875
s_073915,tensor(0),HiDF,1,1.0,0.97802734375
s_073925,tensor(0),HiDF,1,1.0,0.98974609375
s_073938,tensor(0),HiDF,1,1.0,0.9814453125
s_073949,tensor(0),HiDF,1,1.0,0.9765625
s_073955,tensor(0),HiDF,1,1.0,0.998046875
s_074010,tensor(0),HiDF,1,1.0,0.99853515625
s_074012,tensor(0),HiDF,1,1.0,0.9990234375
s_074021,tensor(0),HiDF,1,1.0,0.99658203125
s_074022,tensor(0),HiDF,1,1.0,0.98876953125
s_074057,tensor(0),HiDF,1,1.0,0.9140625
s_074058,tensor(0),HiDF,1,1.0,0.98291015625
s_074066,tensor(0),HiDF,1,1.0,0.99169921875
s_074067,tensor(0),HiDF,1,1.0,0.99072265625
s_074075,tensor(0),HiDF,1,1.0,0.98681640625
s_074077,tensor(0),HiDF,1,1.0,0.97314453125
s_074102,tensor(0),HiDF,1,1.0,0.9892578125
s_074111,tensor(0),HiDF,1,1.0,0.99755859375
s_074123,tensor(0),HiDF,1,1.0,0.998046875
s_074135,tensor(0),HiDF,1,1.0,0.99853515625
s_074141,tensor(0),HiDF,1,1.0,0.998046875
s_074142,tensor(0),HiDF,1,1.0,0.98876953125
s_074144,tensor(0),HiDF,1,1.0,0.88232421875
s_074165,tensor(0),HiDF,1,1.0,0.99462890625
s_074172,tensor(0),HiDF,1,1.0,0.99755859375
s_074187,tensor(0),HiDF,1,1.0,0.9921875
s_074206,tensor(0),HiDF,1,1.0,0.9921875
s_074225,tensor(0),HiDF,1,1.0,0.98486328125
s_074244,tensor(0),HiDF,1,1.0,0.96240234375
s_009145,tensor(0),DeeperForensics,1,1.0,1.0
s_009145,tensor(0),DeeperForensics,1,1.0,1.0
s_009145,tensor(0),DeeperForensics,1,1.0,1.0
s_009172,tensor(0),DeeperForensics,1,1.0,0.99267578125
s_009172,tensor(0),DeeperForensics,1,1.0,0.99267578125
s_009216,tensor(0),DeeperForensics,1,1.0,0.24365234375
s_009216,tensor(1),DeeperForensics,1,1.0,0.99365234375
s_009216,tensor(0),DeeperForensics,1,1.0,0.461181640625
s_009216,tensor(1),DeeperForensics,1,1.0,0.990234375
s_009216,tensor(0),DeeperForensics,1,1.0,0.09503173828125
s_009216,tensor(1),DeeperForensics,1,1.0,0.99169921875
s_009216,tensor(0),DeeperForensics,1,1.0,0.292236328125
s_009216,tensor(1),DeeperForensics,1,1.0,0.9951171875
s_009216,tensor(0),DeeperForensics,1,0.99951171875,0.2349853515625
s_009216,tensor(1),DeeperForensics,1,1.0,0.9951171875
s_009216,tensor(0),DeeperForensics,1,0.99951171875,0.07330322265625
s_009216,tensor(1),DeeperForensics,1,1.0,0.9931640625
s_009216,tensor(0),DeeperForensics,1,1.0,0.10894775390625
s_009216,tensor(1),DeeperForensics,1,1.0,0.98583984375
s_009216,tensor(1),DeeperForensics,1,1.0,0.994140625
s_009216,tensor(0),DeeperForensics,1,1.0,0.62353515625
s_009219,tensor(0),DeeperForensics,1,1.0,0.218017578125
s_009219,tensor(1),DeeperForensics,1,1.0,0.98876953125
s_009219,tensor(0),DeeperForensics,1,1.0,0.138671875
s_009219,tensor(1),DeeperForensics,1,1.0,0.9853515625
s_009219,tensor(0),DeeperForensics,1,1.0,0.1572265625
s_009219,tensor(1),DeeperForensics,1,1.0,0.9931640625
s_009219,tensor(0),DeeperForensics,1,1.0,0.0582275390625
s_009219,tensor(1),DeeperForensics,1,1.0,0.9892578125
s_009219,tensor(0),DeeperForensics,1,0.99951171875,0.03228759765625
s_009219,tensor(1),DeeperForensics,1,1.0,0.990234375
s_009219,tensor(0),DeeperForensics,1,0.99951171875,0.059967041015625
s_009219,tensor(1),DeeperForensics,1,1.0,0.9892578125
s_009219,tensor(0),DeeperForensics,1,0.9990234375,0.053009033203125
s_009219,tensor(1),DeeperForensics,1,1.0,0.98828125
s_009219,tensor(0),DeeperForensics,1,1.0,0.105224609375
s_009219,tensor(1),DeeperForensics,1,1.0,0.984375
s_009255,tensor(0),DeeperForensics,1,1.0,0.99853515625
s_009255,tensor(0),DeeperForensics,1,1.0,0.9990234375
s_009255,tensor(0),DeeperForensics,1,1.0,0.9990234375
s_009257,tensor(0),DeeperForensics,1,1.0,0.99462890625
s_009257,tensor(0),DeeperForensics,1,1.0,0.99658203125
s_009257,tensor(0),DeeperForensics,1,1.0,0.9951171875
s_009275,tensor(0),DeeperForensics,1,1.0,0.998046875
s_009275,tensor(0),DeeperForensics,1,1.0,0.99853515625
s_009275,tensor(0),DeeperForensics,1,1.0,0.99853515625
s_009275,tensor(0),DeeperForensics,1,1.0,0.998046875
s_009278,tensor(0),DeeperForensics,1,1.0,0.9970703125
s_009278,tensor(0),DeeperForensics,1,1.0,0.9970703125
s_009278,tensor(0),DeeperForensics,1,1.0,0.99560546875
s_009278,tensor(0),DeeperForensics,1,1.0,0.99560546875
s_009333,tensor(0),DeeperForensics,1,1.0,0.99560546875
s_009333,tensor(0),DeeperForensics,1,1.0,0.99658203125
s_009333,tensor(0),DeeperForensics,1,1.0,0.998046875
s_009333,tensor(0),DeeperForensics,1,1.0,0.9990234375
s_009339,tensor(0),DeeperForensics,1,1.0,0.99462890625
s_009339,tensor(0),DeeperForensics,1,1.0,0.99560546875
s_009339,tensor(0),DeeperForensics,1,1.0,0.99658203125
s_009339,tensor(0),DeeperForensics,1,1.0,0.998046875
s_009339,tensor(0),DeeperForensics,1,1.0,0.99658203125
s_009339,tensor(0),DeeperForensics,1,1.0,0.99658203125
s_009339,tensor(0),DeeperForensics,1,1.0,0.99658203125
s_009360,tensor(0),DeeperForensics,1,1.0,0.994140625
s_009360,tensor(0),DeeperForensics,1,1.0,0.9931640625
s_020086,tensor(0),DeeperForensics,0,2.682209014892578e-06,0.11181640625
s_020102,tensor(0),DeeperForensics,0,2.9206275939941406e-06,0.2110595703125
s_020102,tensor(0),DeeperForensics,0,2.86102294921875e-06,0.2313232421875
s_020102,tensor(0),DeeperForensics,0,2.86102294921875e-06,0.16162109375
s_020120,tensor(0),DeeperForensics,0,2.682209014892578e-06,0.71484375
s_020120,tensor(0),DeeperForensics,0,2.7418136596679688e-06,0.70556640625
s_020135,tensor(0),DeeperForensics,0,2.682209014892578e-06,0.106689453125
s_020135,tensor(0),DeeperForensics,0,2.5033950805664062e-06,0.1077880859375
s_020143,tensor(0),DeeperForensics,0,2.562999725341797e-06,0.235107421875
s_020143,tensor(0),DeeperForensics,0,2.562999725341797e-06,0.4287109375
s_020160,tensor(0),DeeperForensics,0,2.682209014892578e-06,0.198486328125
s_020160,tensor(0),DeeperForensics,0,2.5033950805664062e-06,0.4375
s_020161,tensor(0),DeeperForensics,0,2.86102294921875e-06,0.28955078125
s_020161,tensor(0),DeeperForensics,0,2.8014183044433594e-06,0.393798828125
s_020169,tensor(0),DeeperForensics,0,3.337860107421875e-06,0.227783203125
s_020169,tensor(0),DeeperForensics,0,2.9802322387695312e-06,0.1951904296875
s_020205,tensor(0),DeeperForensics,0,2.5033950805664062e-06,0.495361328125
s_020205,tensor(0),DeeperForensics,0,2.86102294921875e-06,0.47607421875
s_020205,tensor(0),DeeperForensics,0,2.9802322387695312e-06,0.59765625
s_020206,tensor(0),DeeperForensics,0,2.562999725341797e-06,0.56298828125
s_020206,tensor(0),DeeperForensics,0,2.6226043701171875e-06,0.6318359375
s_020206,tensor(0),DeeperForensics,0,2.682209014892578e-06,0.57177734375
s_020210,tensor(0),DeeperForensics,0,2.7418136596679688e-06,0.455322265625
s_020210,tensor(0),DeeperForensics,0,2.8014183044433594e-06,0.57421875
s_020213,tensor(0),DeeperForensics,0,3.0994415283203125e-06,0.80810546875
s_020213,tensor(0),DeeperForensics,0,3.039836883544922e-06,0.818359375
s_020224,tensor(0),DeeperForensics,0,2.6226043701171875e-06,0.1629638671875
s_020224,tensor(0),DeeperForensics,0,2.9206275939941406e-06,0.1566162109375
s_020239,tensor(0),DeeperForensics,0,2.384185791015625e-06,0.306640625
s_020239,tensor(0),DeeperForensics,0,2.384185791015625e-06,0.33447265625
s_020247,tensor(0),DeeperForensics,0,2.3245811462402344e-06,0.272216796875
s_020247,tensor(0),DeeperForensics,0,2.384185791015625e-06,0.27587890625
s_020247,tensor(0),DeeperForensics,0,2.4437904357910156e-06,0.26318359375
s_020258,tensor(0),DeeperForensics,0,2.384185791015625e-06,0.437255859375
s_020258,tensor(0),DeeperForensics,0,2.384185791015625e-06,0.26806640625
s_020258,tensor(0),DeeperForensics,0,2.5033950805664062e-06,0.2440185546875
s_020280,tensor(0),DeeperForensics,0,2.5033950805664062e-06,0.17529296875
s_020280,tensor(0),DeeperForensics,0,2.6226043701171875e-06,0.252197265625
s_020289,tensor(0),DeeperForensics,0,2.384185791015625e-06,0.44580078125
s_020289,tensor(0),DeeperForensics,0,2.5033950805664062e-06,0.435302734375
s_020353,tensor(0),DeeperForensics,0,2.3245811462402344e-06,0.267333984375
s_020353,tensor(0),DeeperForensics,0,2.384185791015625e-06,0.28955078125
s_020361,tensor(0),DeeperForensics,0,2.3245811462402344e-06,0.36181640625
s_020361,tensor(0),DeeperForensics,0,2.384185791015625e-06,0.33837890625
s_020364,tensor(0),DeeperForensics,0,2.2649765014648438e-06,0.464599609375
s_020364,tensor(0),DeeperForensics,0,2.205371856689453e-06,0.5478515625
s_020365,tensor(0),DeeperForensics,0,2.086162567138672e-06,0.6328125
s_020387,tensor(0),DeeperForensics,0,2.8014183044433594e-06,0.1253662109375
s_020387,tensor(0),DeeperForensics,0,2.86102294921875e-06,0.116943359375
s_020389,tensor(0),DeeperForensics,0,2.3245811462402344e-06,0.412353515625
s_020389,tensor(0),DeeperForensics,0,2.384185791015625e-06,0.287109375
s_020414,tensor(0),DeeperForensics,0,2.086162567138672e-06,0.437744140625
s_020414,tensor(0),DeeperForensics,0,2.086162567138672e-06,0.33740234375
s_020422,tensor(0),DeeperForensics,0,2.562999725341797e-06,0.051177978515625
s_020422,tensor(0),DeeperForensics,0,2.7418136596679688e-06,0.08343505859375
s_020427,tensor(0),DeeperForensics,0,2.3245811462402344e-06,0.4345703125
s_020427,tensor(0),DeeperForensics,0,2.205371856689453e-06,0.334228515625
s_020440,tensor(0),DeeperForensics,0,2.3245811462402344e-06,0.3515625
s_020440,tensor(0),DeeperForensics,0,2.3245811462402344e-06,0.483154296875
s_020462,tensor(0),DeeperForensics,0,2.2649765014648438e-06,0.434326171875
s_020462,tensor(0),DeeperForensics,0,2.2649765014648438e-06,0.411376953125
s_020470,tensor(0),DeeperForensics,0,2.205371856689453e-06,0.6435546875
s_020471,tensor(0),DeeperForensics,0,2.8014183044433594e-06,0.42333984375
s_020480,tensor(0),DeeperForensics,0,2.384185791015625e-06,0.322265625
s_027296,tensor(0),DeeperForensics,0,2.5033950805664062e-06,0.25244140625
s_027296,tensor(0),DeeperForensics,0,2.4437904357910156e-06,0.263427734375
s_027321,tensor(0),DeeperForensics,0,2.682209014892578e-06,0.5771484375
s_027321,tensor(0),DeeperForensics,0,2.682209014892578e-06,0.31005859375
s_027321,tensor(0),DeeperForensics,0,2.562999725341797e-06,0.21484375
s_027322,tensor(0),DeeperForensics,0,2.86102294921875e-06,0.513671875
s_027322,tensor(0),DeeperForensics,0,2.8014183044433594e-06,0.229736328125
s_027326,tensor(0),DeeperForensics,0,2.8014183044433594e-06,0.33349609375
s_027326,tensor(0),DeeperForensics,0,2.8014183044433594e-06,0.2113037109375
s_027337,tensor(0),DeeperForensics,0,2.562999725341797e-06,0.76171875
s_027337,tensor(0),DeeperForensics,0,2.562999725341797e-06,0.75537109375
s_027338,tensor(0),DeeperForensics,0,2.5033950805664062e-06,0.34228515625
s_027338,tensor(0),DeeperForensics,0,2.562999725341797e-06,0.607421875
s_027340,tensor(0),DeeperForensics,0,2.5033950805664062e-06,0.65087890625
s_027340,tensor(0),DeeperForensics,0,2.562999725341797e-06,0.66748046875
s_027344,tensor(0),DeeperForensics,0,2.6226043701171875e-06,0.58447265625
s_027385,tensor(0),DeeperForensics,0,3.159046173095703e-06,0.33349609375
s_027405,tensor(0),DeeperForensics,0,2.562999725341797e-06,0.30078125
s_027405,tensor(0),DeeperForensics,0,2.5033950805664062e-06,0.30322265625
s_027407,tensor(0),DeeperForensics,0,2.562999725341797e-06,0.396728515625
s_027407,tensor(0),DeeperForensics,0,2.5033950805664062e-06,0.275390625
s_027422,tensor(0),DeeperForensics,0,2.384185791015625e-06,0.2425537109375
s_027428,tensor(0),DeeperForensics,0,2.5033950805664062e-06,0.6484375
s_027428,tensor(0),DeeperForensics,0,2.4437904357910156e-06,0.60546875
s_027429,tensor(0),DeeperForensics,0,2.4437904357910156e-06,0.66650390625
s_027429,tensor(0),DeeperForensics,0,2.4437904357910156e-06,0.6318359375
s_027431,tensor(0),DeeperForensics,0,2.4437904357910156e-06,0.64697265625
s_027431,tensor(0),DeeperForensics,0,2.682209014892578e-06,0.517578125
s_027448,tensor(0),DeeperForensics,0,2.384185791015625e-06,0.75146484375
s_027448,tensor(0),DeeperForensics,0,2.384185791015625e-06,0.818359375
s_027460,tensor(0),DeeperForensics,0,2.4437904357910156e-06,0.701171875
s_027461,tensor(0),DeeperForensics,0,2.4437904357910156e-06,0.77783203125
s_027475,tensor(0),DeeperForensics,0,2.682209014892578e-06,0.443603515625
s_027489,tensor(0),DeeperForensics,0,2.682209014892578e-06,0.47509765625
s_027489,tensor(0),DeeperForensics,0,2.562999725341797e-06,0.5078125
s_027489,tensor(0),DeeperForensics,0,2.384185791015625e-06,0.49853515625
s_027489,tensor(0),DeeperForensics,0,2.5033950805664062e-06,0.460205078125
s_027505,tensor(0),DeeperForensics,0,2.562999725341797e-06,0.56494140625
s_027505,tensor(0),DeeperForensics,0,2.86102294921875e-06,0.57421875
s_027506,tensor(0),DeeperForensics,0,2.562999725341797e-06,0.337890625
s_027506,tensor(0),DeeperForensics,0,2.5033950805664062e-06,0.26806640625
s_027511,tensor(0),DeeperForensics,0,2.86102294921875e-06,0.454833984375
s_027511,tensor(0),DeeperForensics,0,2.9802322387695312e-06,0.4150390625
s_027516,tensor(0),DeeperForensics,0,2.3245811462402344e-06,0.3154296875
s_027528,tensor(0),DeeperForensics,0,2.3245811462402344e-06,0.62841796875
s_027528,tensor(0),DeeperForensics,0,2.384185791015625e-06,0.54150390625
s_027539,tensor(0),DeeperForensics,0,2.5033950805664062e-06,0.244140625
s_027539,tensor(0),DeeperForensics,0,2.562999725341797e-06,0.262451171875
s_027539,tensor(0),DeeperForensics,0,2.384185791015625e-06,0.28857421875
s_027551,tensor(0),DeeperForensics,0,2.6226043701171875e-06,0.467041015625
s_027560,tensor(0),DeeperForensics,0,2.2649765014648438e-06,0.3388671875
s_027560,tensor(0),DeeperForensics,0,2.3245811462402344e-06,0.33203125
s_027561,tensor(0),DeeperForensics,0,2.3245811462402344e-06,0.375
s_027561,tensor(0),DeeperForensics,0,2.2649765014648438e-06,0.470947265625
s_027567,tensor(0),DeeperForensics,0,2.384185791015625e-06,0.2462158203125
s_027567,tensor(0),DeeperForensics,0,2.4437904357910156e-06,0.307373046875
s_027569,tensor(0),DeeperForensics,0,2.562999725341797e-06,0.278564453125
s_027569,tensor(0),DeeperForensics,0,2.562999725341797e-06,0.240478515625
s_027571,tensor(0),DeeperForensics,0,2.3245811462402344e-06,0.55517578125
s_027596,tensor(0),DeeperForensics,0,2.682209014892578e-06,0.395751953125
s_027596,tensor(0),DeeperForensics,0,2.6226043701171875e-06,0.439453125
s_027600,tensor(0),DeeperForensics,0,2.562999725341797e-06,0.45751953125
s_027603,tensor(0),DeeperForensics,0,2.562999725341797e-06,0.4287109375
s_027609,tensor(0),DeeperForensics,0,2.4437904357910156e-06,0.229248046875
s_074245,tensor(0),HiDF,1,1.0,0.994140625
s_074257,tensor(0),HiDF,1,1.0,0.9580078125
s_074261,tensor(0),HiDF,1,1.0,0.9921875
s_074264,tensor(0),HiDF,1,1.0,0.94384765625
s_074275,tensor(0),HiDF,1,1.0,0.9970703125
s_074276,tensor(0),HiDF,1,1.0,0.994140625
s_074283,tensor(0),HiDF,1,1.0,0.99560546875
s_074293,tensor(0),HiDF,1,1.0,0.99609375
s_074353,tensor(0),HiDF,1,1.0,0.9951171875
s_074429,tensor(0),HiDF,1,1.0,0.994140625
s_074429,tensor(0),HiDF,1,1.0,0.99658203125
s_074434,tensor(0),HiDF,1,1.0,0.92041015625
s_074456,tensor(0),HiDF,1,1.0,0.98974609375
s_074484,tensor(0),HiDF,1,1.0,0.93896484375
s_074487,tensor(0),HiDF,1,1.0,0.99609375
s_074487,tensor(0),HiDF,1,1.0,0.99267578125
s_074487,tensor(0),HiDF,1,1.0,0.99462890625
s_074508,tensor(0),HiDF,1,1.0,0.95556640625
s_074508,tensor(0),HiDF,1,1.0,0.97802734375
s_074511,tensor(0),HiDF,1,1.0,0.998046875
s_074511,tensor(0),HiDF,1,1.0,0.99755859375
s_074548,tensor(0),HiDF,1,1.0,0.82666015625
s_074568,tensor(0),HiDF,1,1.0,0.9599609375
s_074568,tensor(0),HiDF,1,1.0,0.9921875
s_074577,tensor(0),HiDF,1,1.0,0.984375
s_074577,tensor(0),HiDF,1,1.0,0.95263671875
s_074615,tensor(0),HiDF,1,1.0,0.99169921875
s_074663,tensor(0),HiDF,1,1.0,0.9921875
s_074663,tensor(0),HiDF,1,1.0,0.98681640625
s_074663,tensor(0),HiDF,1,1.0,0.99267578125
s_074714,tensor(0),HiDF,0,1.1861324310302734e-05,0.499267578125
s_074723,tensor(0),HiDF,0,3.534555435180664e-05,0.99267578125
s_074728,tensor(0),HiDF,0,3.975629806518555e-05,0.99267578125
s_074749,tensor(0),HiDF,0,7.545948028564453e-05,0.99365234375
s_074752,tensor(0),HiDF,0,0.00012052059173583984,0.9970703125
s_074758,tensor(0),HiDF,0,0.9990234375,0.98388671875
s_074759,tensor(0),HiDF,0,0.0008425712585449219,0.9658203125
s_074769,tensor(0),HiDF,0,2.586841583251953e-05,0.998046875
s_074779,tensor(0),HiDF,0,2.5093555450439453e-05,0.9912109375
s_074794,tensor(0),HiDF,0,1.239776611328125e-05,0.99609375
s_074804,tensor(0),HiDF,0,2.5451183319091797e-05,0.92333984375
s_074810,tensor(0),HiDF,0,2.6464462280273438e-05,0.93603515625
s_074829,tensor(0),HiDF,0,7.724761962890625e-05,0.99755859375
s_074836,tensor(0),HiDF,0,0.00022339820861816406,0.78369140625
s_074838,tensor(0),HiDF,0,0.001094818115234375,0.95849609375
s_074849,tensor(0),HiDF,0,1.2993812561035156e-05,0.97509765625
s_074872,tensor(0),HiDF,0,2.390146255493164e-05,0.94482421875
s_074875,tensor(0),HiDF,0,7.253885269165039e-05,0.75244140625
s_074882,tensor(0),HiDF,0,1.3709068298339844e-05,0.998046875
s_074894,tensor(0),HiDF,0,0.0050201416015625,0.99267578125
s_074909,tensor(0),HiDF,0,1.0371208190917969e-05,0.99951171875
s_074912,tensor(0),HiDF,0,5.519390106201172e-05,0.95361328125
s_074959,tensor(0),HiDF,0,4.100799560546875e-05,0.98681640625
s_074970,tensor(0),HiDF,0,0.0003514289855957031,0.955078125
s_074979,tensor(0),HiDF,0,1.3709068298339844e-05,0.9990234375
s_075003,tensor(0),HiDF,0,0.0003514289855957031,0.97998046875
s_075015,tensor(0),HiDF,0,5.8770179748535156e-05,0.98779296875
s_075022,tensor(0),HiDF,0,6.759166717529297e-05,0.98779296875
s_075026,tensor(0),HiDF,0,2.2649765014648438e-05,0.96923828125
s_075050,tensor(0),HiDF,0,0.998046875,0.99853515625
s_075057,tensor(0),HiDF,0,0.00031757354736328125,0.99072265625
s_075064,tensor(0),HiDF,0,2.8848648071289062e-05,0.98876953125
s_075078,tensor(0),HiDF,0,1.1920928955078125e-05,0.994140625
s_075080,tensor(0),HiDF,0,3.11732292175293e-05,0.96875
s_009360,tensor(0),DeeperForensics,1,1.0,0.99462890625
s_009360,tensor(0),DeeperForensics,1,1.0,0.9951171875
s_009360,tensor(0),DeeperForensics,1,1.0,0.99365234375
s_009360,tensor(0),DeeperForensics,1,1.0,0.9951171875
s_009360,tensor(0),DeeperForensics,1,1.0,0.99462890625
s_009360,tensor(0),DeeperForensics,1,1.0,0.9951171875
s_009360,tensor(0),DeeperForensics,1,1.0,0.9951171875
s_009373,tensor(0),DeeperForensics,1,1.0,0.98681640625
s_009373,tensor(0),DeeperForensics,1,1.0,0.9892578125
s_009373,tensor(0),DeeperForensics,1,1.0,0.9853515625
s_009382,tensor(0),DeeperForensics,1,1.0,0.9609375
s_009382,tensor(0),DeeperForensics,1,1.0,0.9716796875
s_009382,tensor(0),DeeperForensics,1,1.0,0.9736328125
s_009382,tensor(0),DeeperForensics,1,1.0,0.99072265625
s_009382,tensor(0),DeeperForensics,1,1.0,0.9853515625
s_009382,tensor(0),DeeperForensics,1,1.0,0.89697265625
s_009384,tensor(0),DeeperForensics,1,1.0,0.9970703125
s_009384,tensor(0),DeeperForensics,1,1.0,0.99658203125
s_009384,tensor(0),DeeperForensics,1,1.0,0.99560546875
s_009384,tensor(0),DeeperForensics,1,1.0,0.998046875
s_009384,tensor(0),DeeperForensics,1,1.0,0.9970703125
s_009384,tensor(0),DeeperForensics,1,1.0,0.99755859375
s_009404,tensor(0),DeeperForensics,1,1.0,0.7958984375
s_009404,tensor(0),DeeperForensics,1,1.0,0.79931640625
s_009404,tensor(0),DeeperForensics,1,1.0,0.80810546875
s_009409,tensor(0),DeeperForensics,1,1.0,0.99169921875
s_009409,tensor(0),DeeperForensics,1,1.0,0.98193359375
s_009419,tensor(0),DeeperForensics,1,1.0,0.99755859375
s_009419,tensor(0),DeeperForensics,1,1.0,0.9990234375
s_009419,tensor(0),DeeperForensics,1,1.0,0.9990234375
s_009420,tensor(0),DeeperForensics,1,1.0,0.9990234375
s_009470,tensor(0),DeeperForensics,1,1.0,0.998046875
s_009470,tensor(0),DeeperForensics,1,1.0,0.99658203125
s_009470,tensor(0),DeeperForensics,1,1.0,0.99658203125
s_009470,tensor(0),DeeperForensics,1,1.0,0.99609375
s_009470,tensor(0),DeeperForensics,1,1.0,0.99560546875
s_009470,tensor(0),DeeperForensics,1,1.0,0.99658203125
s_009538,tensor(0),DeeperForensics,1,1.0,0.98388671875
s_009538,tensor(0),DeeperForensics,1,1.0,0.97802734375
s_009567,tensor(0),DeeperForensics,1,1.0,0.98828125
s_009567,tensor(0),DeeperForensics,1,1.0,0.9853515625
s_009568,tensor(0),DeeperForensics,1,1.0,0.98876953125
s_009568,tensor(0),DeeperForensics,1,1.0,0.9892578125
s_009568,tensor(0),DeeperForensics,1,1.0,0.98388671875
s_009595,tensor(0),DeeperForensics,1,1.0,0.97998046875
s_009595,tensor(0),DeeperForensics,1,1.0,0.9755859375
s_009595,tensor(0),DeeperForensics,1,1.0,0.94189453125
s_009595,tensor(0),DeeperForensics,1,1.0,0.9501953125
s_009595,tensor(0),DeeperForensics,1,1.0,0.9873046875
s_009595,tensor(0),DeeperForensics,1,1.0,0.94970703125
s_009595,tensor(0),DeeperForensics,1,1.0,0.97216796875
s_009595,tensor(0),DeeperForensics,1,1.0,0.962890625
s_009615,tensor(0),DeeperForensics,1,1.0,0.9970703125
s_009615,tensor(0),DeeperForensics,1,1.0,0.9990234375
s_009615,tensor(0),DeeperForensics,1,1.0,0.9990234375
s_009615,tensor(0),DeeperForensics,1,1.0,0.99853515625
s_009615,tensor(0),DeeperForensics,1,1.0,0.9990234375
s_009615,tensor(0),DeeperForensics,1,1.0,0.9990234375
s_009615,tensor(0),DeeperForensics,1,1.0,0.99853515625
s_009622,tensor(0),DeeperForensics,1,1.0,0.99853515625
s_009622,tensor(0),DeeperForensics,1,1.0,0.99853515625
s_009622,tensor(0),DeeperForensics,1,1.0,0.998046875
s_009624,tensor(0),DeeperForensics,1,1.0,0.9990234375
s_009624,tensor(0),DeeperForensics,1,1.0,0.9990234375
s_020480,tensor(0),DeeperForensics,0,2.4437904357910156e-06,0.337890625
s_020489,tensor(0),DeeperForensics,0,2.384185791015625e-06,0.5634765625
s_020489,tensor(0),DeeperForensics,0,2.2649765014648438e-06,0.464599609375
s_020491,tensor(0),DeeperForensics,0,2.3245811462402344e-06,0.513671875
s_020491,tensor(0),DeeperForensics,0,2.1457672119140625e-06,0.603515625
s_020501,tensor(0),DeeperForensics,0,2.562999725341797e-06,0.2470703125
s_020501,tensor(0),DeeperForensics,0,2.5033950805664062e-06,0.25146484375
s_020522,tensor(0),DeeperForensics,0,2.384185791015625e-06,0.486328125
s_020522,tensor(0),DeeperForensics,0,2.384185791015625e-06,0.390625
s_020528,tensor(0),DeeperForensics,0,2.4437904357910156e-06,0.5751953125
s_020556,tensor(0),DeeperForensics,0,2.4437904357910156e-06,0.80078125
s_020556,tensor(0),DeeperForensics,0,2.4437904357910156e-06,0.81689453125
s_020566,tensor(0),DeeperForensics,0,2.205371856689453e-06,0.54052734375
s_020566,tensor(0),DeeperForensics,0,2.2649765014648438e-06,0.409912109375
s_020567,tensor(0),DeeperForensics,0,2.6226043701171875e-06,0.323486328125
s_020567,tensor(0),DeeperForensics,0,2.9206275939941406e-06,0.36865234375
s_020582,tensor(0),DeeperForensics,0,2.5033950805664062e-06,0.78466796875
s_020585,tensor(0),DeeperForensics,0,2.1457672119140625e-06,0.431640625
s_020603,tensor(0),DeeperForensics,0,2.6226043701171875e-06,0.671875
s_020622,tensor(0),DeeperForensics,0,2.086162567138672e-06,0.650390625
s_020622,tensor(0),DeeperForensics,0,2.1457672119140625e-06,0.484619140625
s_020622,tensor(0),DeeperForensics,0,2.1457672119140625e-06,0.491455078125
s_020644,tensor(0),DeeperForensics,0,4.649162292480469e-06,0.54052734375
s_020644,tensor(0),DeeperForensics,0,3.993511199951172e-06,0.88037109375
s_020653,tensor(0),DeeperForensics,0,2.086162567138672e-06,0.364501953125
s_020653,tensor(0),DeeperForensics,0,2.2649765014648438e-06,0.346435546875
s_020658,tensor(0),DeeperForensics,0,2.6226043701171875e-06,0.75048828125
s_020668,tensor(0),DeeperForensics,0,2.384185791015625e-06,0.72607421875
s_020668,tensor(0),DeeperForensics,0,2.5033950805664062e-06,0.74853515625
s_020671,tensor(0),DeeperForensics,0,2.205371856689453e-06,0.7255859375
s_020671,tensor(0),DeeperForensics,0,2.1457672119140625e-06,0.7412109375
s_020671,tensor(0),DeeperForensics,0,2.2649765014648438e-06,0.6630859375
s_020675,tensor(0),DeeperForensics,0,2.1457672119140625e-06,0.42578125
s_020675,tensor(0),DeeperForensics,0,2.1457672119140625e-06,0.517578125
s_020675,tensor(0),DeeperForensics,0,2.205371856689453e-06,0.52783203125
s_020676,tensor(0),DeeperForensics,0,2.1457672119140625e-06,0.5341796875
s_020676,tensor(0),DeeperForensics,0,2.1457672119140625e-06,0.52490234375
s_020676,tensor(0),DeeperForensics,0,2.1457672119140625e-06,0.467041015625
s_020678,tensor(0),DeeperForensics,0,2.1457672119140625e-06,0.399169921875
s_020678,tensor(0),DeeperForensics,0,2.205371856689453e-06,0.5380859375
s_020683,tensor(0),DeeperForensics,0,2.3245811462402344e-06,0.4267578125
s_020683,tensor(0),DeeperForensics,0,2.3245811462402344e-06,0.432373046875
s_020687,tensor(0),DeeperForensics,0,2.7418136596679688e-06,0.62255859375
s_020717,tensor(0),DeeperForensics,0,2.2649765014648438e-06,0.5390625
s_020717,tensor(0),DeeperForensics,0,2.384185791015625e-06,0.270263671875
s_020717,tensor(0),DeeperForensics,0,2.3245811462402344e-06,0.345947265625
s_020737,tensor(0),DeeperForensics,0,2.205371856689453e-06,0.37158203125
s_020737,tensor(0),DeeperForensics,0,2.205371856689453e-06,0.465576171875
s_020737,tensor(0),DeeperForensics,0,2.205371856689453e-06,0.259521484375
s_020744,tensor(0),DeeperForensics,0,2.205371856689453e-06,0.54736328125
s_020746,tensor(0),DeeperForensics,0,2.3245811462402344e-06,0.421875
s_020752,tensor(0),DeeperForensics,0,2.384185791015625e-06,0.34326171875
s_020752,tensor(0),DeeperForensics,0,2.3245811462402344e-06,0.297119140625
s_020772,tensor(0),DeeperForensics,0,2.205371856689453e-06,0.09466552734375
s_020772,tensor(0),DeeperForensics,0,2.2649765014648438e-06,0.089599609375
s_020778,tensor(0),DeeperForensics,0,2.562999725341797e-06,0.54248046875
s_020779,tensor(0),DeeperForensics,0,2.2649765014648438e-06,0.160888671875
s_020779,tensor(0),DeeperForensics,0,2.6226043701171875e-06,0.1756591796875
s_020784,tensor(0),DeeperForensics,0,2.1457672119140625e-06,0.31982421875
s_020784,tensor(0),DeeperForensics,0,2.2649765014648438e-06,0.348876953125
s_020798,tensor(0),DeeperForensics,0,2.2649765014648438e-06,0.369873046875
s_020798,tensor(0),DeeperForensics,0,2.5033950805664062e-06,0.291015625
s_020800,tensor(0),DeeperForensics,0,2.3245811462402344e-06,0.092529296875
s_020800,tensor(0),DeeperForensics,0,2.3245811462402344e-06,0.1175537109375
s_027609,tensor(0),DeeperForensics,0,2.384185791015625e-06,0.219970703125
s_043201,tensor(0),DFD,0,1.0,0.98291015625
s_043201,tensor(0),DFD,0,1.0,0.95947265625
s_043201,tensor(0),DFD,0,1.0,0.9658203125
s_043201,tensor(0),DFD,0,1.0,0.97216796875
s_043201,tensor(0),DFD,0,1.0,0.92822265625
s_043201,tensor(0),DFD,0,1.0,0.95361328125
s_043201,tensor(0),DFD,0,1.0,0.9677734375
s_043201,tensor(0),DFD,0,1.0,0.97607421875
s_043201,tensor(0),DFD,0,1.0,0.94970703125
s_043307,tensor(2),DFD,0,0.99951171875,0.017303466796875
s_043307,tensor(2),DFD,0,1.0,0.03448486328125
s_043307,tensor(2),DFD,0,1.0,0.99658203125
s_043307,tensor(2),DFD,0,1.0,0.99462890625
s_043307,tensor(2),DFD,0,1.0,0.99609375
s_043307,tensor(2),DFD,0,1.0,0.99658203125
s_043307,tensor(2),DFD,0,1.0,0.9951171875
s_043535,tensor(0),DFDC,1,1.0,0.99658203125
s_043535,tensor(0),DFDC,1,1.0,0.99853515625
s_043535,tensor(0),DFDC,1,1.0,0.99853515625
s_043631,tensor(1),DFDC,1,1.0,0.1363525390625
s_043631,tensor(1),DFDC,1,1.0,0.05633544921875
s_043631,tensor(1),DFDC,1,0.99951171875,0.03314208984375
s_043751,tensor(1),DFDC,1,1.0,0.11419677734375
s_043751,tensor(1),DFDC,1,1.0,0.06610107421875
s_043818,tensor(0),DFDC,1,1.0,0.9130859375
s_043818,tensor(0),DFDC,1,1.0,0.9970703125
s_043818,tensor(0),DFDC,1,1.0,0.9140625
s_043977,tensor(0),DFDC,1,1.0,0.99169921875
s_043977,tensor(0),DFDC,1,1.0,0.9951171875
s_043977,tensor(0),DFDC,1,1.0,0.96484375
s_044025,tensor(0),DFDC,1,1.0,0.9951171875
s_044025,tensor(0),DFDC,1,1.0,0.9970703125
s_044025,tensor(0),DFDC,1,1.0,0.98193359375
s_044046,tensor(2),DFDC,1,1.0,0.99755859375
s_044046,tensor(2),DFDC,1,1.0,0.9970703125
s_044399,tensor(1),DFDC,1,1.0,0.1531982421875
s_044399,tensor(1),DFDC,1,1.0,0.132568359375
s_044399,tensor(1),DFDC,1,1.0,0.04595947265625
s_044514,tensor(0),DFDC,1,1.0,0.99658203125
s_044514,tensor(0),DFDC,1,1.0,0.99560546875
s_044514,tensor(0),DFDC,1,1.0,0.9921875
s_044515,tensor(0),DFDC,1,1.0,0.97509765625
s_044515,tensor(0),DFDC,1,1.0,0.95751953125
s_044539,tensor(0),DFDC,1,1.0,0.97216796875
s_044539,tensor(0),DFDC,1,1.0,0.9912109375
s_044539,tensor(0),DFDC,1,1.0,0.99462890625
s_044811,tensor(1),DFDC,1,1.0,0.1044921875
s_044811,tensor(1),DFDC,1,1.0,0.0966796875
s_044811,tensor(1),DFDC,1,1.0,0.11083984375
s_044997,tensor(0),DFDC,1,1.0,0.9873046875
s_044997,tensor(0),DFDC,1,1.0,0.978515625
s_044997,tensor(0),DFDC,1,1.0,0.96142578125
s_045220,tensor(0),DFDC,1,1.0,0.9853515625
s_045220,tensor(0),DFDC,1,1.0,0.986328125
s_045723,tensor(0),DFDC,1,1.0,0.99853515625
s_045723,tensor(0),DFDC,1,1.0,0.99951171875
s_046021,tensor(0),DFDC,1,1.0,0.99072265625
s_046021,tensor(0),DFDC,1,1.0,0.986328125
s_046021,tensor(0),DFDC,1,1.0,0.99365234375
s_046219,tensor(0),DFDC,1,1.0,0.96337890625
s_046219,tensor(0),DFDC,1,1.0,0.98828125
s_046219,tensor(0),DFDC,1,1.0,0.98681640625
s_046291,tensor(0),DFDC,1,1.0,0.99658203125
s_075089,tensor(0),HiDF,0,0.0001080632209777832,0.98876953125
s_075128,tensor(0),HiDF,0,1.621246337890625e-05,0.9990234375
s_075150,tensor(0),HiDF,0,0.0004992485046386719,0.96240234375
s_075161,tensor(0),HiDF,0,0.0006213188171386719,0.5048828125
s_075164,tensor(0),HiDF,0,6.35385513305664e-05,0.79638671875
s_075165,tensor(0),HiDF,0,0.00023055076599121094,0.7373046875
s_075167,tensor(0),HiDF,0,5.829334259033203e-05,0.99169921875
s_075175,tensor(0),HiDF,0,6.455183029174805e-05,0.99853515625
s_075187,tensor(0),HiDF,0,6.866455078125e-05,0.9990234375
s_075194,tensor(0),HiDF,0,0.001918792724609375,0.94384765625
s_075204,tensor(0),HiDF,0,4.684925079345703e-05,0.99755859375
s_075215,tensor(0),HiDF,0,4.363059997558594e-05,0.974609375
s_075217,tensor(0),HiDF,0,0.0005793571472167969,0.9921875
s_075231,tensor(0),HiDF,0,0.00021660327911376953,0.9853515625
s_075236,tensor(0),HiDF,0,0.00014650821685791016,0.99365234375
s_075241,tensor(0),HiDF,0,1.138448715209961e-05,0.99365234375
s_075245,tensor(0),HiDF,0,1.4066696166992188e-05,0.99658203125
s_075253,tensor(0),HiDF,0,0.00012731552124023438,0.9970703125
s_075259,tensor(0),HiDF,0,1.0,0.9853515625
s_075260,tensor(0),HiDF,0,0.00011771917343139648,0.99072265625
s_075284,tensor(0),HiDF,0,4.035234451293945e-05,0.99755859375
s_075302,tensor(0),HiDF,0,3.427267074584961e-05,0.953125
s_075307,tensor(0),HiDF,0,6.157159805297852e-05,0.9462890625
s_075331,tensor(0),HiDF,0,1.7523765563964844e-05,0.99658203125
s_075336,tensor(0),HiDF,0,0.00012433528900146484,0.95361328125
s_075353,tensor(0),HiDF,0,0.00012731552124023438,0.99853515625
s_075404,tensor(0),HiDF,0,1.531839370727539e-05,0.9443359375
s_075409,tensor(0),HiDF,0,2.2649765014648438e-05,0.97314453125
s_075431,tensor(0),HiDF,0,1.6808509826660156e-05,0.9951171875
s_075455,tensor(0),HiDF,0,1.0788440704345703e-05,0.99755859375
s_075471,tensor(0),HiDF,0,1.7940998077392578e-05,0.95947265625
s_075475,tensor(0),HiDF,0,1.0,0.94482421875
s_075476,tensor(0),HiDF,0,1.0,0.85107421875
s_075484,tensor(0),HiDF,0,6.157159805297852e-05,0.8115234375
s_075513,tensor(0),HiDF,0,1.1563301086425781e-05,0.99072265625
s_075558,tensor(0),HiDF,0,1.2636184692382812e-05,0.9990234375
s_075566,tensor(0),HiDF,0,0.9951171875,0.99755859375
s_075570,tensor(0),HiDF,0,0.0011835098266601562,0.8251953125
s_075594,tensor(0),HiDF,0,3.790855407714844e-05,0.99853515625
s_075611,tensor(0),HiDF,0,9.03010368347168e-05,0.98974609375
s_075625,tensor(0),HiDF,0,2.3543834686279297e-05,0.99560546875
s_075626,tensor(0),HiDF,0,1.0,0.98486328125
s_075636,tensor(0),HiDF,0,2.300739288330078e-05,0.9853515625
s_075658,tensor(0),HiDF,0,0.0011739730834960938,0.98388671875
s_075661,tensor(0),HiDF,0,1.430511474609375e-05,0.9375
s_075663,tensor(0),HiDF,0,8.481740951538086e-05,0.99072265625
s_075668,tensor(0),HiDF,0,0.0032100677490234375,0.98095703125
s_075672,tensor(0),HiDF,0,0.9990234375,0.9169921875
s_075695,tensor(0),HiDF,0,4.756450653076172e-05,0.99267578125
s_075707,tensor(0),HiDF,0,0.0002491474151611328,0.978515625
s_075725,tensor(0),HiDF,0,9.417533874511719e-06,0.81689453125
s_075734,tensor(0),HiDF,0,8.481740951538086e-05,0.9794921875
s_075742,tensor(0),HiDF,0,2.5451183319091797e-05,0.94775390625
s_075744,tensor(0),HiDF,0,0.0005440711975097656,1.0
s_075745,tensor(0),HiDF,0,1.996755599975586e-05,0.9951171875
s_075807,tensor(0),HiDF,0,5.3882598876953125e-05,0.998046875
s_075843,tensor(0),HiDF,0,3.5643577575683594e-05,0.9951171875
s_075850,tensor(0),HiDF,0,0.00014770030975341797,0.9990234375
s_075853,tensor(0),HiDF,0,1.430511474609375e-05,0.9892578125
s_075858,tensor(0),HiDF,0,1.9669532775878906e-05,0.98095703125
s_075859,tensor(0),HiDF,0,1.5437602996826172e-05,0.98876953125
s_075860,tensor(0),HiDF,0,1.4841556549072266e-05,0.9931640625
s_075868,tensor(0),HiDF,0,1.1324882507324219e-05,0.9931640625
s_075894,tensor(0),HiDF,0,1.6570091247558594e-05,0.9755859375
s_009624,tensor(0),DeeperForensics,1,1.0,0.9990234375
s_009632,tensor(0),DeeperForensics,1,1.0,0.9912109375
s_009632,tensor(0),DeeperForensics,1,1.0,0.98974609375
s_009632,tensor(0),DeeperForensics,1,1.0,0.9892578125
s_009632,tensor(0),DeeperForensics,1,1.0,0.984375
s_009632,tensor(0),DeeperForensics,1,1.0,0.9892578125
s_009632,tensor(0),DeeperForensics,1,1.0,0.98828125
s_009632,tensor(0),DeeperForensics,1,1.0,0.98828125
s_009632,tensor(0),DeeperForensics,1,1.0,0.98681640625
s_009635,tensor(0),DeeperForensics,1,1.0,0.99609375
s_009635,tensor(0),DeeperForensics,1,1.0,0.99755859375
s_009635,tensor(0),DeeperForensics,1,1.0,0.9970703125
s_009635,tensor(0),DeeperForensics,1,1.0,0.9970703125
s_009706,tensor(0),DeeperForensics,1,1.0,0.9990234375
s_009706,tensor(0),DeeperForensics,1,1.0,0.99853515625
s_009706,tensor(0),DeeperForensics,1,1.0,0.998046875
s_009706,tensor(0),DeeperForensics,1,1.0,0.99853515625
s_009706,tensor(0),DeeperForensics,1,1.0,0.99853515625
s_009706,tensor(0),DeeperForensics,1,1.0,0.99853515625
s_009706,tensor(0),DeeperForensics,1,1.0,0.998046875
s_009721,tensor(0),DeeperForensics,1,1.0,0.99169921875
s_009721,tensor(0),DeeperForensics,1,1.0,0.994140625
s_009721,tensor(0),DeeperForensics,1,1.0,0.994140625
s_009726,tensor(0),DeeperForensics,1,1.0,0.994140625
s_009726,tensor(0),DeeperForensics,1,1.0,0.99462890625
s_009726,tensor(0),DeeperForensics,1,1.0,0.9931640625
s_009726,tensor(0),DeeperForensics,1,1.0,0.994140625
s_009740,tensor(0),DeeperForensics,1,1.0,0.998046875
s_009740,tensor(0),DeeperForensics,1,1.0,0.99853515625
s_009740,tensor(0),DeeperForensics,1,1.0,0.998046875
s_009740,tensor(0),DeeperForensics,1,1.0,0.99755859375
s_009748,tensor(0),DeeperForensics,1,1.0,0.94189453125
s_009748,tensor(0),DeeperForensics,1,1.0,0.951171875
s_009748,tensor(0),DeeperForensics,1,1.0,0.94873046875
s_009748,tensor(0),DeeperForensics,1,1.0,0.95556640625
s_009748,tensor(0),DeeperForensics,1,1.0,0.94677734375
s_009748,tensor(0),DeeperForensics,1,1.0,0.939453125
s_009748,tensor(0),DeeperForensics,1,1.0,0.943359375
s_009748,tensor(0),DeeperForensics,1,1.0,0.9443359375
s_009748,tensor(0),DeeperForensics,1,1.0,0.955078125
s_009748,tensor(0),DeeperForensics,1,1.0,0.9482421875
s_009748,tensor(0),DeeperForensics,1,1.0,0.9521484375
s_009771,tensor(0),DeeperForensics,1,1.0,0.99951171875
s_009771,tensor(0),DeeperForensics,1,1.0,1.0
s_009771,tensor(0),DeeperForensics,1,1.0,1.0
s_009771,tensor(0),DeeperForensics,1,1.0,0.99951171875
s_009780,tensor(0),DeeperForensics,1,1.0,0.9931640625
s_009780,tensor(0),DeeperForensics,1,1.0,0.99462890625
s_009780,tensor(0),DeeperForensics,1,1.0,0.99365234375
s_009780,tensor(0),DeeperForensics,1,1.0,0.99267578125
s_009780,tensor(0),DeeperForensics,1,1.0,0.9921875
s_009780,tensor(0),DeeperForensics,1,1.0,0.99365234375
s_009780,tensor(0),DeeperForensics,1,1.0,0.994140625
s_009780,tensor(0),DeeperForensics,1,1.0,0.99267578125
s_009780,tensor(0),DeeperForensics,1,1.0,0.99072265625
s_009814,tensor(0),DeeperForensics,1,1.0,0.99072265625
s_009814,tensor(0),DeeperForensics,1,1.0,0.990234375
s_009816,tensor(0),DeeperForensics,1,1.0,0.99267578125
s_009816,tensor(0),DeeperForensics,1,1.0,0.9951171875
s_009839,tensor(0),DeeperForensics,1,1.0,0.9970703125
s_009839,tensor(0),DeeperForensics,1,1.0,0.998046875
s_009839,tensor(0),DeeperForensics,1,1.0,0.99609375
s_009839,tensor(0),DeeperForensics,1,1.0,0.9970703125
s_009901,tensor(0),DeeperForensics,1,1.0,0.99853515625
s_020811,tensor(0),DeeperForensics,0,2.562999725341797e-06,0.634765625
s_020811,tensor(0),DeeperForensics,0,2.562999725341797e-06,0.78955078125
s_020812,tensor(0),DeeperForensics,0,2.7418136596679688e-06,0.771484375
s_020812,tensor(0),DeeperForensics,0,2.682209014892578e-06,0.82421875
s_020832,tensor(0),DeeperForensics,0,2.384185791015625e-06,0.681640625
s_020832,tensor(0),DeeperForensics,0,2.5033950805664062e-06,0.591796875
s_020836,tensor(0),DeeperForensics,0,2.4437904357910156e-06,0.826171875
s_020836,tensor(0),DeeperForensics,0,2.5033950805664062e-06,0.765625
s_020842,tensor(0),DeeperForensics,0,2.6226043701171875e-06,0.80712890625
s_020842,tensor(0),DeeperForensics,0,2.7418136596679688e-06,0.48828125
s_020847,tensor(0),DeeperForensics,0,2.3245811462402344e-06,0.630859375
s_020847,tensor(0),DeeperForensics,0,2.4437904357910156e-06,0.61572265625
s_020847,tensor(0),DeeperForensics,0,2.6226043701171875e-06,0.6484375
s_020868,tensor(0),DeeperForensics,0,3.6954879760742188e-06,0.2802734375
s_020873,tensor(0),DeeperForensics,0,3.516674041748047e-06,0.6337890625
s_020876,tensor(0),DeeperForensics,0,2.86102294921875e-06,0.62890625
s_020881,tensor(0),DeeperForensics,0,2.6226043701171875e-06,0.336669921875
s_020902,tensor(0),DeeperForensics,0,2.7418136596679688e-06,0.1900634765625
s_020902,tensor(0),DeeperForensics,0,2.682209014892578e-06,0.324951171875
s_020902,tensor(0),DeeperForensics,0,3.039836883544922e-06,0.509765625
s_020908,tensor(0),DeeperForensics,0,3.5762786865234375e-06,0.370849609375
s_020908,tensor(0),DeeperForensics,0,3.7550926208496094e-06,0.494140625
s_020913,tensor(0),DeeperForensics,0,3.3974647521972656e-06,0.4912109375
s_020913,tensor(0),DeeperForensics,0,3.814697265625e-06,0.72412109375
s_020921,tensor(0),DeeperForensics,0,2.4437904357910156e-06,0.515625
s_020927,tensor(0),DeeperForensics,0,2.8014183044433594e-06,0.3515625
s_020929,tensor(0),DeeperForensics,0,2.562999725341797e-06,0.7939453125
s_020929,tensor(0),DeeperForensics,0,2.682209014892578e-06,0.4365234375
s_020934,tensor(0),DeeperForensics,0,2.682209014892578e-06,0.63525390625
s_020934,tensor(0),DeeperForensics,0,2.4437904357910156e-06,0.66015625
s_020943,tensor(0),DeeperForensics,0,2.4437904357910156e-06,0.60302734375
s_020943,tensor(0),DeeperForensics,0,2.682209014892578e-06,0.60546875
s_020945,tensor(0),DeeperForensics,0,2.7418136596679688e-06,0.2646484375
s_020945,tensor(0),DeeperForensics,0,2.4437904357910156e-06,0.35986328125
s_020952,tensor(0),DeeperForensics,0,2.682209014892578e-06,0.431640625
s_020956,tensor(0),DeeperForensics,0,2.86102294921875e-06,0.360107421875
s_020957,tensor(0),DeeperForensics,0,2.5033950805664062e-06,0.7060546875
s_020957,tensor(0),DeeperForensics,0,2.562999725341797e-06,0.802734375
s_020968,tensor(0),DeeperForensics,0,2.6226043701171875e-06,0.05718994140625
s_020968,tensor(0),DeeperForensics,0,2.6226043701171875e-06,0.0374755859375
s_020974,tensor(0),DeeperForensics,0,2.5033950805664062e-06,0.6181640625
s_020977,tensor(0),DeeperForensics,0,2.8014183044433594e-06,0.7373046875
s_020982,tensor(0),DeeperForensics,0,2.86102294921875e-06,0.25048828125
s_020982,tensor(0),DeeperForensics,0,2.682209014892578e-06,0.1669921875
s_020988,tensor(0),DeeperForensics,0,2.4437904357910156e-06,0.59130859375
s_020988,tensor(0),DeeperForensics,0,2.4437904357910156e-06,0.59130859375
s_021035,tensor(0),DeeperForensics,0,3.337860107421875e-06,0.24365234375
s_021035,tensor(0),DeeperForensics,0,2.7418136596679688e-06,0.331787109375
s_021044,tensor(0),DeeperForensics,0,2.9206275939941406e-06,0.1651611328125
s_021044,tensor(0),DeeperForensics,0,2.682209014892578e-06,0.10357666015625
s_021053,tensor(0),DeeperForensics,0,3.337860107421875e-06,0.417724609375
s_021063,tensor(0),DeeperForensics,0,3.159046173095703e-06,0.60107421875
s_021070,tensor(0),DeeperForensics,0,2.4437904357910156e-06,0.182373046875
s_021070,tensor(0),DeeperForensics,0,2.562999725341797e-06,0.2325439453125
s_021084,tensor(0),DeeperForensics,0,2.9802322387695312e-06,0.5078125
s_021089,tensor(0),DeeperForensics,0,2.3245811462402344e-06,0.36474609375
s_021097,tensor(0),DeeperForensics,0,3.2186508178710938e-06,0.73095703125
s_021114,tensor(0),DeeperForensics,0,2.682209014892578e-06,0.77099609375
s_021135,tensor(0),DeeperForensics,0,2.7418136596679688e-06,0.41259765625
s_021162,tensor(0),DeeperForensics,0,3.3974647521972656e-06,0.60693359375
s_021178,tensor(0),DeeperForensics,0,2.562999725341797e-06,0.2022705078125
s_021181,tensor(0),DeeperForensics,0,3.4570693969726562e-06,0.439453125
s_021182,tensor(0),DeeperForensics,0,2.384185791015625e-06,0.34130859375
s_021182,tensor(0),DeeperForensics,0,2.5033950805664062e-06,0.4384765625
s_046291,tensor(0),DFDC,1,1.0,0.99658203125
s_046531,tensor(0),DFDC,1,1.0,0.97705078125
s_046758,tensor(0),DFDC,1,1.0,0.9970703125
s_046899,tensor(1),DFDC,1,1.0,0.99755859375
s_046899,tensor(1),DFDC,1,1.0,0.99755859375
s_046899,tensor(1),DFDC,1,1.0,0.99560546875
s_047182,tensor(0),DFDC,1,1.0,0.99267578125
s_047458,tensor(0),DFDC,1,1.0,0.908203125
s_047458,tensor(0),DFDC,1,1.0,0.935546875
s_047458,tensor(0),DFDC,1,1.0,0.9326171875
s_047560,tensor(0),DFDC,1,1.0,0.99365234375
s_047560,tensor(0),DFDC,1,1.0,0.98828125
s_047560,tensor(0),DFDC,1,1.0,0.9794921875
s_047656,tensor(0),DFDC,1,1.0,0.99951171875
s_047714,tensor(0),DFDC,1,1.0,0.9951171875
s_047865,tensor(0),DFDC,1,1.0,0.98486328125
s_047865,tensor(0),DFDC,1,1.0,0.8466796875
s_047865,tensor(0),DFDC,1,1.0,0.71533203125
s_048002,tensor(0),DFDC,1,1.0,0.99951171875
s_048547,tensor(0),DFDC,1,1.0,0.9951171875
s_048547,tensor(0),DFDC,1,1.0,0.9970703125
s_048547,tensor(0),DFDC,1,1.0,0.99609375
s_048577,tensor(0),DFDC,1,1.0,0.9833984375
s_048588,tensor(0),DFDC,1,1.0,0.97119140625
s_048588,tensor(0),DFDC,1,1.0,0.97216796875
s_048588,tensor(0),DFDC,1,1.0,0.9521484375
s_048605,tensor(0),DFDC,1,1.0,0.99072265625
s_048605,tensor(0),DFDC,1,1.0,0.9931640625
s_048662,tensor(0),DFDC,1,1.0,0.98974609375
s_049471,tensor(0),DFDC,1,1.0,0.95068359375
s_049471,tensor(0),DFDC,1,1.0,0.97216796875
s_049471,tensor(0),DFDC,1,1.0,0.978515625
s_049480,tensor(0),DFDC,1,1.0,0.9599609375
s_049480,tensor(0),DFDC,1,1.0,0.9482421875
s_049480,tensor(0),DFDC,1,1.0,0.96044921875
s_049577,tensor(0),DFDC,1,1.0,0.9755859375
s_049727,tensor(0),DFDC,1,1.0,0.95751953125
s_049727,tensor(0),DFDC,1,1.0,0.97314453125
s_049727,tensor(0),DFDC,1,1.0,0.97998046875
s_049917,tensor(0),DFDC,1,1.0,0.98681640625
s_049917,tensor(0),DFDC,1,1.0,0.99609375
s_049917,tensor(0),DFDC,1,1.0,0.9326171875
s_049942,tensor(0),DFDC,1,1.0,0.93310546875
s_049942,tensor(0),DFDC,1,1.0,0.99462890625
s_049942,tensor(0),DFDC,1,1.0,0.87255859375
s_050145,tensor(2),DFDC,1,1.0,0.998046875
s_050168,tensor(2),DFDC,1,1.0,0.99609375
s_050455,tensor(0),DFDC,1,1.0,0.9501953125
s_050455,tensor(0),DFDC,1,1.0,0.935546875
s_050455,tensor(0),DFDC,1,1.0,0.953125
s_050625,tensor(0),DFDC,1,1.0,0.97265625
s_050625,tensor(0),DFDC,1,1.0,0.8798828125
s_050966,tensor(0),DFDC,1,1.0,0.98828125
s_050966,tensor(0),DFDC,1,1.0,0.9814453125
s_051097,tensor(0),DFDC,1,1.0,0.99853515625
s_051097,tensor(0),DFDC,1,1.0,0.99560546875
s_051097,tensor(0),DFDC,1,1.0,0.99658203125
s_051884,tensor(0),DFDC,1,1.0,0.88623046875
s_051884,tensor(0),DFDC,1,1.0,0.9560546875
s_051884,tensor(0),DFDC,1,1.0,0.9306640625
s_051893,tensor(0),DFDC,1,1.0,0.99267578125
s_051893,tensor(0),DFDC,1,1.0,0.99365234375
s_051893,tensor(0),DFDC,1,1.0,0.96875
s_052129,tensor(0),DFDC,1,1.0,0.9833984375
s_075897,tensor(0),HiDF,0,2.5093555450439453e-05,0.98828125
s_075906,tensor(0),HiDF,0,1.5437602996826172e-05,0.9931640625
s_075930,tensor(0),HiDF,0,0.0015249252319335938,0.99365234375
s_075958,tensor(0),HiDF,0,2.7120113372802734e-05,0.99267578125
s_075961,tensor(0),HiDF,0,5.346536636352539e-05,0.99365234375
s_075978,tensor(0),HiDF,0,5.829334259033203e-05,0.990234375
s_076009,tensor(0),HiDF,0,1.430511474609375e-05,0.984375
s_076041,tensor(0),HiDF,0,4.9114227294921875e-05,0.71044921875
s_076047,tensor(0),HiDF,0,7.599592208862305e-05,0.9970703125
s_076088,tensor(0),HiDF,0,0.0004107952117919922,0.62890625
s_076104,tensor(0),HiDF,0,5.608797073364258e-05,0.98193359375
s_076109,tensor(0),HiDF,0,1.8477439880371094e-05,0.97705078125
s_076115,tensor(0),HiDF,0,2.485513687133789e-05,0.9677734375
s_076131,tensor(0),HiDF,0,9.316205978393555e-05,0.8564453125
s_076133,tensor(0),HiDF,0,2.014636993408203e-05,0.96533203125
s_076142,tensor(0),HiDF,0,2.7298927307128906e-05,0.99560546875
s_076150,tensor(0),HiDF,0,3.510713577270508e-05,0.99755859375
s_076153,tensor(0),HiDF,0,2.1278858184814453e-05,0.9970703125
s_076163,tensor(0),HiDF,0,6.401538848876953e-05,0.89794921875
s_076174,tensor(0),HiDF,0,0.0002148151397705078,0.798828125
s_076187,tensor(0),HiDF,0,6.252527236938477e-05,0.8525390625
s_076203,tensor(0),HiDF,0,2.6881694793701172e-05,0.99951171875
s_076215,tensor(0),HiDF,0,2.1636486053466797e-05,0.99609375
s_076245,tensor(0),HiDF,0,2.4318695068359375e-05,0.939453125
s_076279,tensor(0),HiDF,0,1.6450881958007812e-05,0.9453125
s_076290,tensor(0),HiDF,0,7.545948028564453e-05,0.77587890625
s_076292,tensor(0),HiDF,0,2.092123031616211e-05,0.95654296875
s_076307,tensor(0),HiDF,0,1.0,0.98583984375
s_076317,tensor(0),HiDF,0,5.8770179748535156e-05,0.96142578125
s_076339,tensor(0),HiDF,0,9.059906005859375e-06,0.95751953125
s_076340,tensor(0),HiDF,0,4.100799560546875e-05,0.98974609375
s_076353,tensor(0),HiDF,0,4.947185516357422e-05,0.99365234375
s_076354,tensor(0),HiDF,0,2.390146255493164e-05,0.99169921875
s_076357,tensor(0),HiDF,0,1.2993812561035156e-05,0.99169921875
s_076367,tensor(0),HiDF,0,2.6464462280273438e-05,0.9912109375
s_076371,tensor(0),HiDF,0,1.0,0.9775390625
s_076373,tensor(0),HiDF,0,0.00015592575073242188,0.98388671875
s_076381,tensor(0),HiDF,0,1.150369644165039e-05,0.99658203125
s_076394,tensor(0),HiDF,0,1.4841556549072266e-05,0.9111328125
s_076403,tensor(0),HiDF,0,0.00033545494079589844,0.380126953125
s_076407,tensor(0),HiDF,0,6.35385513305664e-05,0.9716796875
s_076426,tensor(0),HiDF,0,0.00026726722717285156,0.99365234375
s_076502,tensor(0),HiDF,0,2.4497509002685547e-05,0.9921875
s_076504,tensor(0),HiDF,0,1.9371509552001953e-05,0.99755859375
s_076512,tensor(0),HiDF,0,1.9073486328125e-05,0.9970703125
s_076513,tensor(0),HiDF,0,3.790855407714844e-05,0.99072265625
s_076585,tensor(0),HiDF,0,0.0002694129943847656,0.884765625
s_076595,tensor(0),HiDF,0,9.459257125854492e-05,0.96875
s_076600,tensor(0),HiDF,0,0.00015115737915039062,0.9921875
s_076616,tensor(0),HiDF,0,2.467632293701172e-05,0.9765625
s_076617,tensor(0),HiDF,0,0.00014197826385498047,0.9921875
s_076623,tensor(0),HiDF,0,2.9802322387695312e-05,0.98876953125
s_076641,tensor(0),HiDF,0,1.9550323486328125e-05,0.9912109375
s_076662,tensor(0),HiDF,0,2.9325485229492188e-05,0.95654296875
s_076692,tensor(0),HiDF,0,4.83393669128418e-05,0.99951171875
s_076697,tensor(0),HiDF,0,5.066394805908203e-05,0.9931640625
s_076723,tensor(0),HiDF,0,0.000263214111328125,0.81640625
s_076742,tensor(0),HiDF,0,3.916025161743164e-05,0.98779296875
s_076769,tensor(0),HiDF,0,0.97265625,0.990234375
s_076782,tensor(0),HiDF,0,4.4345855712890625e-05,0.97998046875
s_076791,tensor(0),HiDF,0,8.028745651245117e-05,0.87841796875
s_076808,tensor(0),HiDF,0,3.618001937866211e-05,1.0
s_076815,tensor(0),HiDF,0,5.3882598876953125e-05,0.99755859375
s_076830,tensor(0),HiDF,0,1.519918441772461e-05,0.9970703125
s_009901,tensor(0),DeeperForensics,1,1.0,0.99755859375
s_009901,tensor(0),DeeperForensics,1,1.0,0.99658203125
s_009901,tensor(0),DeeperForensics,1,1.0,0.99609375
s_009901,tensor(0),DeeperForensics,1,1.0,0.99853515625
s_009901,tensor(0),DeeperForensics,1,1.0,0.99462890625
s_009901,tensor(0),DeeperForensics,1,1.0,0.99755859375
s_009901,tensor(0),DeeperForensics,1,1.0,0.99365234375
s_009901,tensor(0),DeeperForensics,1,1.0,0.99853515625
s_009901,tensor(0),DeeperForensics,1,1.0,0.998046875
s_009955,tensor(0),DeeperForensics,1,1.0,0.99853515625
s_009955,tensor(0),DeeperForensics,1,1.0,0.99853515625
s_009955,tensor(0),DeeperForensics,1,1.0,0.998046875
s_009955,tensor(0),DeeperForensics,1,1.0,0.99853515625
s_009955,tensor(0),DeeperForensics,1,1.0,0.99853515625
s_009962,tensor(0),DeeperForensics,1,1.0,0.99951171875
s_009962,tensor(0),DeeperForensics,1,1.0,1.0
s_009962,tensor(0),DeeperForensics,1,1.0,1.0
s_009992,tensor(0),DeeperForensics,1,1.0,0.99853515625
s_009992,tensor(0),DeeperForensics,1,1.0,0.99951171875
s_009992,tensor(0),DeeperForensics,1,1.0,0.9990234375
s_010017,tensor(0),DeeperForensics,1,1.0,0.970703125
s_010017,tensor(0),DeeperForensics,1,1.0,0.97021484375
s_010017,tensor(0),DeeperForensics,1,1.0,0.96533203125
s_010017,tensor(0),DeeperForensics,1,1.0,0.96240234375
s_010017,tensor(0),DeeperForensics,1,1.0,0.96923828125
s_010017,tensor(0),DeeperForensics,1,1.0,0.96435546875
s_010017,tensor(0),DeeperForensics,1,1.0,0.96240234375
s_010017,tensor(0),DeeperForensics,1,1.0,0.9658203125
s_010017,tensor(0),DeeperForensics,1,1.0,0.9609375
s_010017,tensor(0),DeeperForensics,1,1.0,0.96337890625
s_010017,tensor(0),DeeperForensics,1,1.0,0.9609375
s_010017,tensor(0),DeeperForensics,1,1.0,0.96484375
s_010065,tensor(1),DeeperForensics,1,1.0,0.998046875
s_010065,tensor(1),DeeperForensics,1,1.0,0.998046875
s_010065,tensor(1),DeeperForensics,1,1.0,0.998046875
s_010065,tensor(1),DeeperForensics,1,1.0,0.998046875
s_010098,tensor(0),DeeperForensics,1,1.0,0.9990234375
s_010098,tensor(0),DeeperForensics,1,1.0,0.99951171875
s_010106,tensor(0),DeeperForensics,1,1.0,0.99951171875
s_010106,tensor(0),DeeperForensics,1,1.0,0.99951171875
s_010106,tensor(0),DeeperForensics,1,1.0,0.99951171875
s_010106,tensor(0),DeeperForensics,1,1.0,0.99951171875
s_010106,tensor(0),DeeperForensics,1,1.0,0.99951171875
s_010111,tensor(0),DeeperForensics,1,1.0,0.9677734375
s_010111,tensor(1),DeeperForensics,1,1.0,0.98388671875
s_010111,tensor(3),DeeperForensics,1,1.0,0.95263671875
s_010111,tensor(0),DeeperForensics,1,1.0,0.96826171875
s_010111,tensor(1),DeeperForensics,1,1.0,0.96044921875
s_010111,tensor(3),DeeperForensics,1,1.0,0.9716796875
s_010111,tensor(0),DeeperForensics,1,1.0,0.970703125
s_010111,tensor(1),DeeperForensics,1,1.0,0.97802734375
s_010111,tensor(3),DeeperForensics,1,1.0,0.98193359375
s_010111,tensor(0),DeeperForensics,1,1.0,0.94189453125
s_010111,tensor(1),DeeperForensics,1,1.0,0.974609375
s_010111,tensor(3),DeeperForensics,1,1.0,0.97802734375
s_010131,tensor(1),DeeperForensics,1,1.0,0.373046875
s_010131,tensor(1),DeeperForensics,1,1.0,0.3828125
s_010131,tensor(1),DeeperForensics,1,1.0,0.3935546875
s_010131,tensor(1),DeeperForensics,1,1.0,0.266357421875
s_010134,tensor(0),DeeperForensics,1,1.0,0.87890625
s_010134,tensor(0),DeeperForensics,1,1.0,0.8486328125
s_010139,tensor(0),DeeperForensics,1,1.0,0.99658203125
s_010139,tensor(0),DeeperForensics,1,1.0,0.99853515625
s_010139,tensor(0),DeeperForensics,1,1.0,0.99853515625
s_021187,tensor(0),DeeperForensics,0,2.4437904357910156e-06,0.3876953125
s_021187,tensor(0),DeeperForensics,0,2.5033950805664062e-06,0.47607421875
s_021193,tensor(0),DeeperForensics,0,2.6226043701171875e-06,0.278564453125
s_021193,tensor(0),DeeperForensics,0,2.562999725341797e-06,0.25341796875
s_021229,tensor(0),DeeperForensics,0,2.2649765014648438e-06,0.5693359375
s_021229,tensor(0),DeeperForensics,0,2.4437904357910156e-06,0.451171875
s_021229,tensor(0),DeeperForensics,0,2.384185791015625e-06,0.69970703125
s_021232,tensor(0),DeeperForensics,0,2.682209014892578e-06,0.45947265625
s_021232,tensor(0),DeeperForensics,0,2.6226043701171875e-06,0.65234375
s_021316,tensor(0),DeeperForensics,0,2.384185791015625e-06,0.18310546875
s_021316,tensor(0),DeeperForensics,0,2.682209014892578e-06,0.07684326171875
s_021316,tensor(0),DeeperForensics,0,2.682209014892578e-06,0.0728759765625
s_021316,tensor(0),DeeperForensics,0,2.8014183044433594e-06,0.10968017578125
s_021316,tensor(0),DeeperForensics,0,2.5033950805664062e-06,0.26220703125
s_021316,tensor(0),DeeperForensics,0,2.562999725341797e-06,0.1385498046875
s_021316,tensor(0),DeeperForensics,0,2.6226043701171875e-06,0.0867919921875
s_021316,tensor(0),DeeperForensics,0,2.5033950805664062e-06,0.1019287109375
s_021316,tensor(0),DeeperForensics,0,2.384185791015625e-06,0.07318115234375
s_021316,tensor(0),DeeperForensics,0,2.682209014892578e-06,0.16748046875
s_021316,tensor(0),DeeperForensics,0,2.562999725341797e-06,0.261962890625
s_021316,tensor(0),DeeperForensics,0,2.3245811462402344e-06,0.23388671875
s_021316,tensor(0),DeeperForensics,0,2.7418136596679688e-06,0.1719970703125
s_021316,tensor(0),DeeperForensics,0,2.3245811462402344e-06,0.228271484375
s_021316,tensor(0),DeeperForensics,0,2.6226043701171875e-06,0.301025390625
s_021316,tensor(0),DeeperForensics,0,2.4437904357910156e-06,0.18603515625
s_021316,tensor(0),DeeperForensics,0,2.7418136596679688e-06,0.215576171875
s_021316,tensor(0),DeeperForensics,0,2.384185791015625e-06,0.386962890625
s_021316,tensor(0),DeeperForensics,0,2.4437904357910156e-06,0.1251220703125
s_021316,tensor(0),DeeperForensics,0,2.384185791015625e-06,0.1998291015625
s_021316,tensor(0),DeeperForensics,0,2.6226043701171875e-06,0.17626953125
s_021316,tensor(0),DeeperForensics,0,2.3245811462402344e-06,0.373046875
s_021316,tensor(0),DeeperForensics,0,2.384185791015625e-06,0.11614990234375
s_021316,tensor(0),DeeperForensics,0,2.384185791015625e-06,0.40625
s_021316,tensor(0),DeeperForensics,0,2.4437904357910156e-06,0.31591796875
s_021316,tensor(0),DeeperForensics,0,2.562999725341797e-06,0.09588623046875
s_021316,tensor(0),DeeperForensics,0,2.682209014892578e-06,0.17822265625
s_021316,tensor(0),DeeperForensics,0,2.562999725341797e-06,0.202880859375
s_021316,tensor(0),DeeperForensics,0,2.4437904357910156e-06,0.2247314453125
s_021316,tensor(0),DeeperForensics,0,2.6226043701171875e-06,0.138916015625
s_021316,tensor(0),DeeperForensics,0,2.2649765014648438e-06,0.31640625
s_021316,tensor(0),DeeperForensics,0,2.682209014892578e-06,0.154296875
s_021316,tensor(0),DeeperForensics,0,2.5033950805664062e-06,0.1748046875
s_021316,tensor(0),DeeperForensics,0,2.2649765014648438e-06,0.31298828125
s_021316,tensor(0),DeeperForensics,0,2.3245811462402344e-06,0.38818359375
s_021316,tensor(0),DeeperForensics,0,2.4437904357910156e-06,0.224609375
s_021316,tensor(0),DeeperForensics,0,2.6226043701171875e-06,0.2841796875
s_021316,tensor(0),DeeperForensics,0,2.562999725341797e-06,0.2420654296875
s_021316,tensor(0),DeeperForensics,0,2.4437904357910156e-06,0.323486328125
s_021316,tensor(0),DeeperForensics,0,2.384185791015625e-06,0.1468505859375
s_021316,tensor(0),DeeperForensics,0,2.5033950805664062e-06,0.1610107421875
s_021316,tensor(0),DeeperForensics,0,2.8014183044433594e-06,0.361083984375
s_021316,tensor(0),DeeperForensics,0,2.384185791015625e-06,0.2059326171875
s_021316,tensor(0),DeeperForensics,0,2.5033950805664062e-06,0.171142578125
s_021316,tensor(0),DeeperForensics,0,2.4437904357910156e-06,0.1163330078125
s_021316,tensor(0),DeeperForensics,0,2.4437904357910156e-06,0.217529296875
s_021316,tensor(0),DeeperForensics,0,2.562999725341797e-06,0.2120361328125
s_021316,tensor(0),DeeperForensics,0,2.5033950805664062e-06,0.261474609375
s_021316,tensor(0),DeeperForensics,0,2.384185791015625e-06,0.20751953125
s_021316,tensor(0),DeeperForensics,0,2.5033950805664062e-06,0.13623046875
s_021316,tensor(0),DeeperForensics,0,2.8014183044433594e-06,0.282958984375
s_021316,tensor(0),DeeperForensics,0,2.3245811462402344e-06,0.375732421875
s_021316,tensor(0),DeeperForensics,0,2.384185791015625e-06,0.143798828125
s_021316,tensor(0),DeeperForensics,0,2.562999725341797e-06,0.09124755859375
s_021316,tensor(0),DeeperForensics,0,2.6226043701171875e-06,0.23974609375
s_052129,tensor(0),DFDC,1,1.0,0.9873046875
s_052129,tensor(0),DFDC,1,1.0,0.98388671875
s_052639,tensor(0),DFDC,1,1.0,0.92724609375
s_052639,tensor(0),DFDC,1,1.0,0.96435546875
s_052639,tensor(0),DFDC,1,1.0,0.97802734375
s_053129,tensor(0),DFDC,1,1.0,0.927734375
s_053129,tensor(0),DFDC,1,1.0,0.9423828125
s_053129,tensor(0),DFDC,1,1.0,0.93359375
s_053175,tensor(0),DFDC,1,1.0,0.99560546875
s_053175,tensor(0),DFDC,1,1.0,0.9912109375
s_053175,tensor(0),DFDC,1,1.0,0.99169921875
s_053420,tensor(0),DFDC,1,1.0,0.9951171875
s_053420,tensor(0),DFDC,1,1.0,0.97802734375
s_053534,tensor(1),DFDC,1,1.0,0.97509765625
s_053534,tensor(1),DFDC,1,1.0,0.7568359375
s_054030,tensor(0),DFDC,1,1.0,0.9931640625
s_054030,tensor(0),DFDC,1,1.0,0.97705078125
s_054030,tensor(0),DFDC,1,1.0,0.97998046875
s_054557,tensor(0),DFDC,1,1.0,0.99853515625
s_054557,tensor(0),DFDC,1,1.0,0.9970703125
s_054773,tensor(0),DFDC,1,1.0,0.9677734375
s_054773,tensor(0),DFDC,1,1.0,0.98193359375
s_054773,tensor(0),DFDC,1,1.0,0.9345703125
s_054996,tensor(0),DFDC,1,1.0,0.9892578125
s_054996,tensor(0),DFDC,1,1.0,0.93017578125
s_054996,tensor(0),DFDC,1,1.0,0.97119140625
s_055138,tensor(0),DFDC,1,1.0,0.9287109375
s_055506,tensor(0),DFDC,1,1.0,0.98681640625
s_055506,tensor(0),DFDC,1,1.0,0.98095703125
s_055506,tensor(0),DFDC,1,1.0,0.986328125
s_055532,tensor(0),DFDC,1,1.0,0.99853515625
s_055532,tensor(0),DFDC,1,1.0,0.99462890625
s_055532,tensor(0),DFDC,1,1.0,0.99755859375
s_055659,tensor(0),DFDC,1,1.0,0.97412109375
s_055659,tensor(0),DFDC,1,1.0,0.98828125
s_055659,tensor(0),DFDC,1,1.0,0.99267578125
s_055682,tensor(0),DFDC,1,1.0,0.9951171875
s_055682,tensor(0),DFDC,1,1.0,0.368896484375
s_055731,tensor(0),DFDC,1,1.0,0.99853515625
s_055731,tensor(0),DFDC,1,1.0,0.99755859375
s_055858,tensor(0),DFDC,1,1.0,0.98974609375
s_055858,tensor(0),DFDC,1,1.0,0.98291015625
s_055858,tensor(0),DFDC,1,1.0,0.99072265625
s_055891,tensor(0),DFDC,1,1.0,0.990234375
s_056151,tensor(0),DFDC,1,1.0,0.955078125
s_056176,tensor(0),DFDC,1,1.0,0.97705078125
s_056176,tensor(0),DFDC,1,1.0,0.9521484375
s_056306,tensor(0),DFDC,1,1.0,0.998046875
s_056306,tensor(0),DFDC,1,1.0,0.9951171875
s_056444,tensor(0),DFDC,1,1.0,0.984375
s_056728,tensor(0),DFDC,1,1.0,0.99658203125
s_056728,tensor(0),DFDC,1,1.0,0.99853515625
s_056728,tensor(0),DFDC,1,1.0,0.998046875
s_056843,tensor(2),DFDC,1,1.0,0.99169921875
s_057534,tensor(0),DFDC,1,1.0,0.98828125
s_057534,tensor(0),DFDC,1,1.0,0.98876953125
s_057534,tensor(0),DFDC,1,1.0,0.99365234375
s_057689,tensor(2),DFDC,1,1.0,0.99658203125
s_057836,tensor(0),DFDC,1,1.0,0.98291015625
s_057836,tensor(0),DFDC,1,1.0,0.84716796875
s_058053,tensor(0),DFDC,1,1.0,0.94677734375
s_058053,tensor(0),DFDC,1,1.0,0.97265625
s_058053,tensor(0),DFDC,1,1.0,0.96240234375
s_058128,tensor(0),DFDC,1,1.0,0.99609375
s_076833,tensor(0),HiDF,0,1.7523765563964844e-05,0.99169921875
s_076849,tensor(0),HiDF,0,8.749961853027344e-05,0.9970703125
s_076871,tensor(0),HiDF,0,0.00033664703369140625,0.947265625
s_076878,tensor(0),HiDF,0,2.372264862060547e-05,0.97802734375
s_076892,tensor(0),HiDF,0,1.9848346710205078e-05,0.97802734375
s_076935,tensor(0),HiDF,0,0.00014317035675048828,0.9873046875
s_076946,tensor(0),HiDF,0,0.00031495094299316406,0.8212890625
s_076965,tensor(0),HiDF,0,7.367134094238281e-05,0.970703125
s_077018,tensor(0),HiDF,0,2.9325485229492188e-05,0.9931640625
s_077036,tensor(0),HiDF,0,0.0002269744873046875,0.94091796875
s_077042,tensor(0),HiDF,0,2.86102294921875e-05,0.8603515625
s_077046,tensor(0),HiDF,0,0.0002613067626953125,0.51806640625
s_077059,tensor(0),HiDF,0,2.753734588623047e-05,0.99755859375
s_077101,tensor(0),HiDF,0,2.372264862060547e-05,0.99658203125
s_077111,tensor(0),HiDF,0,3.618001937866211e-05,0.9658203125
s_077131,tensor(0),HiDF,0,1.0,0.9208984375
s_077207,tensor(0),HiDF,0,0.0001302957534790039,0.943359375
s_077219,tensor(0),HiDF,0,8.094310760498047e-05,0.98193359375
s_077220,tensor(0),HiDF,0,3.9458274841308594e-05,0.9609375
s_077239,tensor(0),HiDF,0,2.3186206817626953e-05,0.99755859375
s_077251,tensor(0),HiDF,0,8.153915405273438e-05,0.99951171875
s_077254,tensor(0),HiDF,0,0.0005464553833007812,0.9130859375
s_077272,tensor(0),HiDF,0,3.707408905029297e-05,0.9970703125
s_077276,tensor(0),HiDF,0,1.2814998626708984e-05,0.9951171875
s_077282,tensor(0),HiDF,0,3.0219554901123047e-05,0.9990234375
s_077290,tensor(0),HiDF,0,8.219480514526367e-05,0.9921875
s_077301,tensor(0),HiDF,0,2.300739288330078e-05,0.923828125
s_077305,tensor(0),HiDF,0,0.99609375,0.9951171875
s_077306,tensor(0),HiDF,0,2.6464462280273438e-05,0.9912109375
s_077326,tensor(0),HiDF,0,7.486343383789062e-05,0.99072265625
s_077330,tensor(0),HiDF,0,2.4318695068359375e-05,0.9990234375
s_077337,tensor(0),HiDF,0,1.895427703857422e-05,0.9921875
s_077374,tensor(0),HiDF,0,9.387731552124023e-05,0.77734375
s_077379,tensor(0),HiDF,0,5.346536636352539e-05,0.97119140625
s_077405,tensor(0),HiDF,0,4.2319297790527344e-05,0.99267578125
s_077412,tensor(0),HiDF,0,1.519918441772461e-05,0.94384765625
s_077422,tensor(0),HiDF,0,0.5458984375,0.990234375
s_077461,tensor(0),HiDF,0,3.707408905029297e-05,0.9716796875
s_077463,tensor(0),HiDF,0,0.00011593103408813477,0.97998046875
s_077476,tensor(0),HiDF,0,3.594160079956055e-05,0.998046875
s_077481,tensor(0),HiDF,0,0.99951171875,0.99853515625
s_077483,tensor(0),HiDF,0,7.569789886474609e-06,0.99755859375
s_077495,tensor(0),HiDF,0,4.4345855712890625e-05,0.99169921875
s_077501,tensor(0),HiDF,0,4.00543212890625e-05,1.0
s_077532,tensor(0),HiDF,0,8.350610733032227e-05,0.982421875
s_077540,tensor(0),HiDF,0,0.00021660327911376953,1.0
s_077545,tensor(0),HiDF,0,2.7298927307128906e-05,0.87548828125
s_077546,tensor(0),HiDF,0,4.756450653076172e-05,0.7705078125
s_077553,tensor(0),HiDF,0,4.2319297790527344e-05,0.9921875
s_077571,tensor(0),HiDF,0,1.6689300537109375e-05,0.9921875
s_077623,tensor(0),HiDF,0,1.1205673217773438e-05,0.9912109375
s_077657,tensor(0),HiDF,0,1.6570091247558594e-05,0.95068359375
s_077659,tensor(0),HiDF,0,2.467632293701172e-05,0.9375
s_077684,tensor(0),HiDF,0,1.996755599975586e-05,0.984375
s_077687,tensor(0),HiDF,0,1.430511474609375e-05,0.900390625
s_077698,tensor(0),HiDF,0,3.820657730102539e-05,0.97705078125
s_077745,tensor(0),HiDF,0,1.1742115020751953e-05,1.0
s_077750,tensor(0),HiDF,0,2.753734588623047e-05,0.998046875
s_077751,tensor(0),HiDF,0,4.2319297790527344e-05,0.994140625
s_077753,tensor(0),HiDF,0,1.9371509552001953e-05,0.98779296875
s_077755,tensor(0),HiDF,0,1.7523765563964844e-05,0.95263671875
s_077771,tensor(0),HiDF,0,5.066394805908203e-05,0.986328125
s_077775,tensor(0),HiDF,0,4.166364669799805e-05,0.9775390625
s_077784,tensor(0),HiDF,0,2.0802021026611328e-05,0.98974609375
s_010174,tensor(0),DeeperForensics,1,1.0,0.9970703125
s_010174,tensor(0),DeeperForensics,1,1.0,0.9990234375
s_010174,tensor(0),DeeperForensics,1,1.0,0.99853515625
s_010174,tensor(0),DeeperForensics,1,1.0,0.99853515625
s_010174,tensor(0),DeeperForensics,1,1.0,0.99853515625
s_010200,tensor(0),DeeperForensics,1,1.0,0.96826171875
s_010200,tensor(0),DeeperForensics,1,1.0,0.97265625
s_010200,tensor(0),DeeperForensics,1,1.0,0.974609375
s_010200,tensor(0),DeeperForensics,1,1.0,0.8857421875
s_010200,tensor(0),DeeperForensics,1,1.0,0.95458984375
s_010209,tensor(0),DeeperForensics,1,1.0,0.994140625
s_010209,tensor(0),DeeperForensics,1,1.0,0.99853515625
s_010209,tensor(0),DeeperForensics,1,1.0,0.99853515625
s_010209,tensor(0),DeeperForensics,1,1.0,0.99755859375
s_010209,tensor(0),DeeperForensics,1,1.0,0.99755859375
s_010214,tensor(0),DeeperForensics,1,1.0,0.99658203125
s_010214,tensor(0),DeeperForensics,1,1.0,0.99267578125
s_010214,tensor(0),DeeperForensics,1,1.0,0.990234375
s_010214,tensor(0),DeeperForensics,1,1.0,0.994140625
s_010214,tensor(0),DeeperForensics,1,1.0,0.99755859375
s_010214,tensor(0),DeeperForensics,1,1.0,0.99560546875
s_010227,tensor(0),DeeperForensics,1,1.0,0.9970703125
s_010227,tensor(0),DeeperForensics,1,1.0,0.99560546875
s_010227,tensor(0),DeeperForensics,1,1.0,0.998046875
s_010227,tensor(0),DeeperForensics,1,1.0,0.998046875
s_010227,tensor(0),DeeperForensics,1,1.0,0.99755859375
s_010227,tensor(0),DeeperForensics,1,1.0,0.9970703125
s_010234,tensor(0),DeeperForensics,1,1.0,0.99560546875
s_010234,tensor(0),DeeperForensics,1,1.0,0.99560546875
s_010234,tensor(0),DeeperForensics,1,1.0,0.99658203125
s_010234,tensor(0),DeeperForensics,1,1.0,0.99609375
s_010234,tensor(0),DeeperForensics,1,1.0,0.99755859375
s_010234,tensor(0),DeeperForensics,1,1.0,0.99658203125
s_010234,tensor(0),DeeperForensics,1,1.0,0.9970703125
s_010235,tensor(0),DeeperForensics,1,1.0,0.99951171875
s_010235,tensor(0),DeeperForensics,1,1.0,0.99951171875
s_010235,tensor(0),DeeperForensics,1,1.0,0.99951171875
s_010235,tensor(0),DeeperForensics,1,1.0,0.99951171875
s_010257,tensor(0),DeeperForensics,1,1.0,0.9873046875
s_010257,tensor(0),DeeperForensics,1,1.0,0.98974609375
s_010257,tensor(0),DeeperForensics,1,1.0,0.99072265625
s_010257,tensor(0),DeeperForensics,1,1.0,0.98876953125
s_010257,tensor(0),DeeperForensics,1,1.0,0.98779296875
s_010257,tensor(0),DeeperForensics,1,1.0,0.990234375
s_010257,tensor(0),DeeperForensics,1,1.0,0.9873046875
s_010257,tensor(0),DeeperForensics,1,1.0,0.9912109375
s_010257,tensor(0),DeeperForensics,1,1.0,0.97900390625
s_010261,tensor(0),DeeperForensics,1,1.0,0.99755859375
s_010261,tensor(0),DeeperForensics,1,1.0,0.99853515625
s_010261,tensor(0),DeeperForensics,1,1.0,0.99560546875
s_010261,tensor(0),DeeperForensics,1,1.0,0.9970703125
s_010261,tensor(0),DeeperForensics,1,1.0,0.9658203125
s_010261,tensor(0),DeeperForensics,1,1.0,0.98828125
s_010261,tensor(0),DeeperForensics,1,1.0,0.98583984375
s_010261,tensor(0),DeeperForensics,1,1.0,0.94921875
s_010261,tensor(0),DeeperForensics,1,1.0,0.99755859375
s_010266,tensor(1),DeeperForensics,1,1.0,0.98828125
s_010266,tensor(1),DeeperForensics,1,1.0,0.98876953125
s_010266,tensor(1),DeeperForensics,1,1.0,0.9892578125
s_010266,tensor(1),DeeperForensics,1,1.0,0.95458984375
s_010266,tensor(1),DeeperForensics,1,1.0,0.9794921875
s_010272,tensor(0),DeeperForensics,1,1.0,0.99951171875
s_010272,tensor(0),DeeperForensics,1,1.0,0.99951171875
s_010272,tensor(0),DeeperForensics,1,1.0,0.99951171875
s_021316,tensor(0),DeeperForensics,0,2.384185791015625e-06,0.25146484375
s_021316,tensor(0),DeeperForensics,0,2.4437904357910156e-06,0.11578369140625
s_021316,tensor(0),DeeperForensics,0,2.5033950805664062e-06,0.1396484375
s_021316,tensor(0),DeeperForensics,0,2.5033950805664062e-06,0.148681640625
s_021316,tensor(0),DeeperForensics,0,2.5033950805664062e-06,0.296630859375
s_021316,tensor(0),DeeperForensics,0,2.6226043701171875e-06,0.09893798828125
s_021316,tensor(0),DeeperForensics,0,2.562999725341797e-06,0.091552734375
s_021316,tensor(0),DeeperForensics,0,2.5033950805664062e-06,0.14453125
s_021316,tensor(0),DeeperForensics,0,2.4437904357910156e-06,0.1988525390625
s_021316,tensor(0),DeeperForensics,0,2.6226043701171875e-06,0.08758544921875
s_021316,tensor(0),DeeperForensics,0,2.6226043701171875e-06,0.283203125
s_021316,tensor(0),DeeperForensics,0,2.384185791015625e-06,0.1796875
s_021316,tensor(0),DeeperForensics,0,2.384185791015625e-06,0.10894775390625
s_021316,tensor(0),DeeperForensics,0,2.9206275939941406e-06,0.1998291015625
s_021316,tensor(0),DeeperForensics,0,2.7418136596679688e-06,0.1990966796875
s_021317,tensor(0),DeeperForensics,0,2.3245811462402344e-06,0.224853515625
s_021317,tensor(0),DeeperForensics,0,2.5033950805664062e-06,0.12744140625
s_021317,tensor(0),DeeperForensics,0,2.4437904357910156e-06,0.240234375
s_021317,tensor(0),DeeperForensics,0,2.5033950805664062e-06,0.23583984375
s_021317,tensor(0),DeeperForensics,0,2.5033950805664062e-06,0.1551513671875
s_021317,tensor(0),DeeperForensics,0,2.5033950805664062e-06,0.1414794921875
s_021317,tensor(0),DeeperForensics,0,2.6226043701171875e-06,0.08831787109375
s_021317,tensor(0),DeeperForensics,0,2.682209014892578e-06,0.1121826171875
s_021317,tensor(0),DeeperForensics,0,2.562999725341797e-06,0.414306640625
s_021317,tensor(0),DeeperForensics,0,2.5033950805664062e-06,0.185546875
s_021317,tensor(0),DeeperForensics,0,2.5033950805664062e-06,0.279296875
s_021317,tensor(0),DeeperForensics,0,2.4437904357910156e-06,0.302490234375
s_021317,tensor(0),DeeperForensics,0,2.5033950805664062e-06,0.28125
s_021317,tensor(0),DeeperForensics,0,2.3245811462402344e-06,0.22802734375
s_021317,tensor(0),DeeperForensics,0,2.384185791015625e-06,0.286376953125
s_021317,tensor(0),DeeperForensics,0,2.562999725341797e-06,0.2086181640625
s_021317,tensor(0),DeeperForensics,0,2.5033950805664062e-06,0.1781005859375
s_021317,tensor(0),DeeperForensics,0,2.562999725341797e-06,0.312744140625
s_021317,tensor(0),DeeperForensics,0,2.3245811462402344e-06,0.1942138671875
s_021317,tensor(0),DeeperForensics,0,2.5033950805664062e-06,0.143798828125
s_021317,tensor(0),DeeperForensics,0,2.4437904357910156e-06,0.427734375
s_021317,tensor(0),DeeperForensics,0,2.3245811462402344e-06,0.284912109375
s_021317,tensor(0),DeeperForensics,0,2.682209014892578e-06,0.1917724609375
s_021317,tensor(0),DeeperForensics,0,2.4437904357910156e-06,0.1917724609375
s_021317,tensor(0),DeeperForensics,0,2.4437904357910156e-06,0.2427978515625
s_021317,tensor(0),DeeperForensics,0,2.3245811462402344e-06,0.1954345703125
s_021317,tensor(0),DeeperForensics,0,2.384185791015625e-06,0.21630859375
s_021317,tensor(0),DeeperForensics,0,2.682209014892578e-06,0.304931640625
s_021317,tensor(0),DeeperForensics,0,2.562999725341797e-06,0.10614013671875
s_021317,tensor(0),DeeperForensics,0,2.5033950805664062e-06,0.237060546875
s_021317,tensor(0),DeeperForensics,0,2.5033950805664062e-06,0.239501953125
s_021317,tensor(0),DeeperForensics,0,2.3245811462402344e-06,0.326416015625
s_021317,tensor(0),DeeperForensics,0,2.4437904357910156e-06,0.2073974609375
s_021317,tensor(0),DeeperForensics,0,2.4437904357910156e-06,0.267333984375
s_021317,tensor(0),DeeperForensics,0,2.5033950805664062e-06,0.2042236328125
s_021317,tensor(0),DeeperForensics,0,2.3245811462402344e-06,0.292236328125
s_021317,tensor(0),DeeperForensics,0,2.562999725341797e-06,0.140869140625
s_021317,tensor(0),DeeperForensics,0,2.682209014892578e-06,0.260498046875
s_021317,tensor(0),DeeperForensics,0,2.5033950805664062e-06,0.289794921875
s_021317,tensor(0),DeeperForensics,0,2.4437904357910156e-06,0.253173828125
s_021317,tensor(0),DeeperForensics,0,2.4437904357910156e-06,0.135009765625
s_021317,tensor(0),DeeperForensics,0,2.384185791015625e-06,0.11163330078125
s_021317,tensor(0),DeeperForensics,0,2.5033950805664062e-06,0.23876953125
s_021317,tensor(0),DeeperForensics,0,2.5033950805664062e-06,0.223388671875
s_021317,tensor(0),DeeperForensics,0,2.4437904357910156e-06,0.268310546875
s_021317,tensor(0),DeeperForensics,0,2.384185791015625e-06,0.2381591796875
s_021317,tensor(0),DeeperForensics,0,2.6226043701171875e-06,0.15966796875
s_021317,tensor(0),DeeperForensics,0,2.384185791015625e-06,0.293701171875
s_021317,tensor(0),DeeperForensics,0,2.562999725341797e-06,0.359375
s_058128,tensor(0),DFDC,1,1.0,0.9970703125
s_058128,tensor(0),DFDC,1,1.0,0.99658203125
s_058216,tensor(0),DFDC,1,1.0,0.99853515625
s_058216,tensor(0),DFDC,1,1.0,0.99853515625
s_058216,tensor(0),DFDC,1,1.0,0.9990234375
s_058261,tensor(0),DFDC,1,1.0,0.99365234375
s_058261,tensor(0),DFDC,1,1.0,0.99658203125
s_058261,tensor(0),DFDC,1,1.0,0.99560546875
s_058486,tensor(0),DFDC,1,1.0,0.99951171875
s_058486,tensor(0),DFDC,1,1.0,0.99951171875
s_058486,tensor(0),DFDC,1,1.0,0.99951171875
s_059028,tensor(0),DFDC,1,1.0,0.98681640625
s_059028,tensor(0),DFDC,1,1.0,0.9541015625
s_059028,tensor(0),DFDC,1,1.0,0.99072265625
s_059499,tensor(1),DFDC,1,1.0,0.1259765625
s_059499,tensor(1),DFDC,1,1.0,0.0855712890625
s_059499,tensor(1),DFDC,1,1.0,0.190673828125
s_059902,tensor(0),DFDC,1,1.0,0.99365234375
s_059902,tensor(0),DFDC,1,1.0,0.99658203125
s_059902,tensor(0),DFDC,1,1.0,0.99072265625
s_060469,tensor(0),DFDC,1,1.0,0.99853515625
s_061085,tensor(1),DFDC,0,1.0,0.99755859375
s_061085,tensor(1),DFDC,0,1.0,0.98974609375
s_061085,tensor(1),DFDC,0,1.0,0.98388671875
s_061133,tensor(0),DFDC,0,0.00428009033203125,0.8955078125
s_061744,tensor(0),DFDC,0,0.001934051513671875,0.90625
s_061744,tensor(0),DFDC,0,0.1258544921875,0.9189453125
s_061744,tensor(0),DFDC,0,0.0005526542663574219,0.6806640625
s_061785,tensor(0),DFDC,0,1.0,0.9970703125
s_061785,tensor(0),DFDC,0,5.4776668548583984e-05,0.98974609375
s_061785,tensor(0),DFDC,0,1.0,0.99853515625
s_062146,tensor(0),DFDC,0,0.07489013671875,0.9248046875
s_062146,tensor(0),DFDC,0,0.00937652587890625,0.93798828125
s_062150,tensor(0),DFDC,0,0.361328125,0.9609375
s_062150,tensor(0),DFDC,0,1.0,0.94580078125
s_062150,tensor(0),DFDC,0,1.0,0.90087890625
s_062224,tensor(0),DFDC,0,1.0,0.9873046875
s_062261,tensor(0),DFDC,0,1.0,0.76123046875
s_062503,tensor(0),DFDC,0,0.0009288787841796875,0.9716796875
s_062503,tensor(0),DFDC,0,0.003692626953125,0.82080078125
s_062503,tensor(0),DFDC,0,0.95166015625,0.84765625
s_062793,tensor(0),DFDC,0,1.0,0.99267578125
s_062793,tensor(0),DFDC,0,0.919921875,0.974609375
s_062793,tensor(0),DFDC,0,1.0,0.98046875
s_062796,tensor(0),DFDC,0,0.0005593299865722656,0.81787109375
s_062796,tensor(0),DFDC,0,0.0008459091186523438,0.8359375
s_062796,tensor(0),DFDC,0,0.0005316734313964844,0.76318359375
s_064034,tensor(1),FaceForensics++,1,0.99951171875,0.006412506103515625
s_064342,tensor(0),FaceForensics++,1,1.0,0.998046875
s_064342,tensor(0),FaceForensics++,1,1.0,0.99755859375
s_064342,tensor(0),FaceForensics++,1,1.0,0.9970703125
s_064342,tensor(0),FaceForensics++,1,1.0,0.99560546875
s_064342,tensor(0),FaceForensics++,1,1.0,0.99365234375
s_064342,tensor(0),FaceForensics++,1,1.0,0.9970703125
s_064364,tensor(0),FaceForensics++,1,1.0,0.99951171875
s_064378,tensor(0),FaceForensics++,1,1.0,1.0
s_064378,tensor(0),FaceForensics++,1,1.0,0.99951171875
s_064378,tensor(0),FaceForensics++,1,1.0,0.99951171875
s_064378,tensor(0),FaceForensics++,1,1.0,0.99951171875
s_064394,tensor(0),FaceForensics++,1,1.0,0.99853515625
s_064394,tensor(0),FaceForensics++,1,1.0,0.99853515625
s_064394,tensor(0),FaceForensics++,1,1.0,0.9990234375
s_064394,tensor(0),FaceForensics++,1,1.0,0.9990234375
s_064408,tensor(0),FaceForensics++,1,1.0,0.9990234375
s_077824,tensor(0),HiDF,0,0.00011867284774780273,0.98876953125
s_077843,tensor(0),HiDF,0,2.9087066650390625e-05,0.9677734375
s_077853,tensor(0),HiDF,0,1.996755599975586e-05,0.98681640625
s_077861,tensor(0),HiDF,0,5.3882598876953125e-05,0.9990234375
s_077877,tensor(0),HiDF,0,0.98876953125,0.92431640625
s_077894,tensor(0),HiDF,0,0.0007581710815429688,0.99462890625
s_077905,tensor(0),HiDF,0,0.00011235475540161133,0.9384765625
s_077910,tensor(0),HiDF,0,7.31348991394043e-05,0.77197265625
s_077931,tensor(0),HiDF,0,0.00029587745666503906,0.9814453125
s_077953,tensor(0),HiDF,0,2.956390380859375e-05,0.935546875
s_078015,tensor(0),HiDF,0,5.4776668548583984e-05,0.9931640625
s_078032,tensor(0),HiDF,0,6.759166717529297e-05,0.744140625
s_078070,tensor(0),HiDF,0,3.11732292175293e-05,0.98779296875
s_078084,tensor(0),HiDF,0,0.0002715587615966797,0.9873046875
s_078090,tensor(0),HiDF,0,0.0029582977294921875,0.8720703125
s_078116,tensor(0),HiDF,0,0.0001609325408935547,0.8251953125
s_078123,tensor(0),HiDF,0,9.03010368347168e-05,0.99951171875
s_078155,tensor(0),HiDF,0,5.227327346801758e-05,0.98828125
s_078182,tensor(0),HiDF,0,1.0,0.99853515625
s_078191,tensor(0),HiDF,0,0.00021314620971679688,0.9755859375
s_078202,tensor(0),HiDF,0,6.812810897827148e-05,0.9990234375
s_078221,tensor(0),HiDF,0,9.953975677490234e-06,0.9873046875
s_078276,tensor(0),HiDF,0,3.319978713989258e-05,0.984375
s_078288,tensor(0),HiDF,0,4.3332576751708984e-05,0.89697265625
s_078291,tensor(0),HiDF,0,1.4483928680419922e-05,0.99755859375
s_078306,tensor(0),HiDF,0,7.3909759521484375e-06,0.9091796875
s_078314,tensor(0),HiDF,0,5.7816505432128906e-05,0.99365234375
s_078323,tensor(0),HiDF,0,1.329183578491211e-05,0.9990234375
s_078329,tensor(0),HiDF,0,1.4483928680419922e-05,1.0
s_078331,tensor(0),HiDF,0,5.692243576049805e-05,0.998046875
s_078334,tensor(0),HiDF,0,6.252527236938477e-05,0.96728515625
s_078338,tensor(0),HiDF,0,0.0004673004150390625,0.966796875
s_078345,tensor(0),HiDF,0,2.6881694793701172e-05,0.982421875
s_078353,tensor(0),HiDF,0,3.349781036376953e-05,0.984375
s_078370,tensor(0),HiDF,0,4.297494888305664e-05,0.99609375
s_078398,tensor(0),HiDF,0,5.1856040954589844e-05,0.99658203125
s_078417,tensor(0),HiDF,0,0.0016679763793945312,0.92822265625
s_078423,tensor(0),HiDF,0,4.792213439941406e-05,0.9658203125
s_078424,tensor(0),HiDF,0,3.975629806518555e-05,0.9697265625
s_078429,tensor(0),HiDF,0,2.1755695343017578e-05,0.98583984375
s_078433,tensor(0),HiDF,0,0.765625,0.93994140625
s_078439,tensor(0),HiDF,0,7.033348083496094e-06,0.8681640625
s_078445,tensor(0),HiDF,0,2.753734588623047e-05,0.98828125
s_078460,tensor(0),HiDF,0,0.0002269744873046875,1.0
s_078465,tensor(0),HiDF,0,0.0002613067626953125,0.9912109375
s_078496,tensor(0),HiDF,0,0.9990234375,0.99560546875
s_078509,tensor(0),HiDF,0,1.2218952178955078e-05,0.994140625
s_078515,tensor(0),HiDF,0,2.2649765014648438e-05,0.9921875
s_078532,tensor(0),HiDF,0,0.0008897781372070312,0.98046875
s_078573,tensor(0),HiDF,0,4.035234451293945e-05,0.9287109375
s_078575,tensor(0),HiDF,0,1.6808509826660156e-05,0.974609375
s_078576,tensor(0),HiDF,0,1.6689300537109375e-05,0.99267578125
s_078581,tensor(0),HiDF,0,3.11732292175293e-05,0.9853515625
s_078587,tensor(0),HiDF,0,7.086992263793945e-05,0.96435546875
s_078588,tensor(0),HiDF,0,3.427267074584961e-05,0.98193359375
s_078597,tensor(0),HiDF,0,4.470348358154297e-05,0.9892578125
s_078612,tensor(0),HiDF,0,2.0444393157958984e-05,0.94140625
s_078637,tensor(0),HiDF,0,2.3186206817626953e-05,0.99169921875
s_078639,tensor(0),HiDF,0,2.956390380859375e-05,0.990234375
s_078640,tensor(0),HiDF,0,3.5643577575683594e-05,0.99609375
s_078649,tensor(0),HiDF,0,0.00011771917343139648,0.9970703125
s_078652,tensor(0),HiDF,0,3.427267074584961e-05,0.98583984375
s_078658,tensor(0),HiDF,0,3.349781036376953e-05,0.99365234375
s_078660,tensor(0),HiDF,0,2.0802021026611328e-05,0.98828125
s_010272,tensor(0),DeeperForensics,1,1.0,0.99951171875
s_010272,tensor(0),DeeperForensics,1,1.0,0.99951171875
s_010272,tensor(0),DeeperForensics,1,1.0,0.99951171875
s_010274,tensor(0),DeeperForensics,1,1.0,0.998046875
s_010274,tensor(0),DeeperForensics,1,1.0,0.99853515625
s_010274,tensor(0),DeeperForensics,1,1.0,0.998046875
s_010274,tensor(0),DeeperForensics,1,1.0,0.99853515625
s_010274,tensor(0),DeeperForensics,1,1.0,0.998046875
s_010274,tensor(0),DeeperForensics,1,1.0,0.99853515625
s_010320,tensor(0),DeeperForensics,1,1.0,0.9990234375
s_010320,tensor(0),DeeperForensics,1,1.0,0.99951171875
s_010320,tensor(0),DeeperForensics,1,1.0,0.99951171875
s_010322,tensor(0),DeeperForensics,1,1.0,0.9970703125
s_010322,tensor(0),DeeperForensics,1,1.0,0.998046875
s_010322,tensor(0),DeeperForensics,1,1.0,0.998046875
s_010325,tensor(0),DeeperForensics,1,1.0,0.98681640625
s_010325,tensor(0),DeeperForensics,1,1.0,0.9912109375
s_010325,tensor(0),DeeperForensics,1,1.0,0.9921875
s_010398,tensor(0),DeeperForensics,1,1.0,1.0
s_010398,tensor(0),DeeperForensics,1,1.0,1.0
s_010398,tensor(0),DeeperForensics,1,1.0,1.0
s_010398,tensor(0),DeeperForensics,1,1.0,1.0
s_010419,tensor(0),DeeperForensics,1,1.0,0.95947265625
s_010430,tensor(0),DeeperForensics,1,1.0,0.99658203125
s_010430,tensor(2),DeeperForensics,1,1.0,0.99609375
s_010430,tensor(1),DeeperForensics,1,1.0,0.99755859375
s_010430,tensor(0),DeeperForensics,1,1.0,0.998046875
s_010430,tensor(2),DeeperForensics,1,1.0,0.998046875
s_010430,tensor(1),DeeperForensics,1,1.0,0.98095703125
s_010430,tensor(0),DeeperForensics,1,1.0,0.99755859375
s_010430,tensor(2),DeeperForensics,1,1.0,0.99853515625
s_010430,tensor(1),DeeperForensics,1,1.0,0.9931640625
s_010430,tensor(0),DeeperForensics,1,1.0,0.99755859375
s_010431,tensor(0),DeeperForensics,1,1.0,0.99853515625
s_010431,tensor(2),DeeperForensics,1,1.0,0.9970703125
s_010431,tensor(1),DeeperForensics,1,1.0,0.99658203125
s_010431,tensor(0),DeeperForensics,1,1.0,0.99658203125
s_010431,tensor(2),DeeperForensics,1,1.0,0.99755859375
s_010431,tensor(1),DeeperForensics,1,1.0,0.9951171875
s_010431,tensor(0),DeeperForensics,1,1.0,0.99755859375
s_010431,tensor(2),DeeperForensics,1,1.0,0.9970703125
s_010431,tensor(1),DeeperForensics,1,1.0,0.994140625
s_010431,tensor(0),DeeperForensics,1,1.0,0.99560546875
s_010471,tensor(0),DeeperForensics,1,1.0,1.0
s_010471,tensor(0),DeeperForensics,1,1.0,1.0
s_010471,tensor(0),DeeperForensics,1,1.0,1.0
s_010471,tensor(0),DeeperForensics,1,1.0,1.0
s_010471,tensor(0),DeeperForensics,1,1.0,1.0
s_010471,tensor(0),DeeperForensics,1,1.0,1.0
s_010481,tensor(0),DeeperForensics,1,1.0,0.97802734375
s_010481,tensor(0),DeeperForensics,1,1.0,0.9755859375
s_010481,tensor(0),DeeperForensics,1,1.0,0.978515625
s_010481,tensor(0),DeeperForensics,1,1.0,0.97216796875
s_010481,tensor(0),DeeperForensics,1,1.0,0.98046875
s_010511,tensor(0),DeeperForensics,1,1.0,0.9951171875
s_010511,tensor(0),DeeperForensics,1,1.0,0.9970703125
s_010567,tensor(0),DeeperForensics,1,1.0,0.99267578125
s_010567,tensor(0),DeeperForensics,1,1.0,0.99755859375
s_010567,tensor(0),DeeperForensics,1,1.0,0.99609375
s_010567,tensor(0),DeeperForensics,1,1.0,0.99658203125
s_010619,tensor(0),DeeperForensics,1,1.0,0.9697265625
s_010619,tensor(0),DeeperForensics,1,1.0,0.984375
s_010633,tensor(0),DeeperForensics,1,1.0,0.9755859375
s_010633,tensor(0),DeeperForensics,1,1.0,0.95068359375
s_021317,tensor(0),DeeperForensics,0,2.5033950805664062e-06,0.1727294921875
s_021317,tensor(0),DeeperForensics,0,2.5033950805664062e-06,0.148681640625
s_021317,tensor(0),DeeperForensics,0,2.384185791015625e-06,0.3466796875
s_021317,tensor(0),DeeperForensics,0,2.3245811462402344e-06,0.1724853515625
s_021317,tensor(0),DeeperForensics,0,2.3245811462402344e-06,0.09844970703125
s_021317,tensor(0),DeeperForensics,0,2.384185791015625e-06,0.08770751953125
s_021317,tensor(0),DeeperForensics,0,2.5033950805664062e-06,0.1890869140625
s_021317,tensor(0),DeeperForensics,0,2.3245811462402344e-06,0.29638671875
s_021317,tensor(0),DeeperForensics,0,2.384185791015625e-06,0.16748046875
s_021317,tensor(0),DeeperForensics,0,2.5033950805664062e-06,0.146240234375
s_021317,tensor(0),DeeperForensics,0,2.384185791015625e-06,0.265625
s_021317,tensor(0),DeeperForensics,0,2.3245811462402344e-06,0.10302734375
s_021317,tensor(0),DeeperForensics,0,2.5033950805664062e-06,0.11981201171875
s_021317,tensor(0),DeeperForensics,0,2.562999725341797e-06,0.289794921875
s_021317,tensor(0),DeeperForensics,0,2.5033950805664062e-06,0.12274169921875
s_021317,tensor(0),DeeperForensics,0,2.86102294921875e-06,0.1915283203125
s_021317,tensor(0),DeeperForensics,0,2.682209014892578e-06,0.1217041015625
s_021353,tensor(0),DeeperForensics,0,2.562999725341797e-06,0.266357421875
s_021361,tensor(0),DeeperForensics,0,2.4437904357910156e-06,0.31689453125
s_021371,tensor(0),DeeperForensics,0,2.3245811462402344e-06,0.427734375
s_021382,tensor(0),DeeperForensics,0,2.9802322387695312e-06,0.5302734375
s_021384,tensor(0),DeeperForensics,0,2.9206275939941406e-06,0.6494140625
s_021385,tensor(0),DeeperForensics,0,2.6226043701171875e-06,0.23388671875
s_021394,tensor(0),DeeperForensics,0,2.6226043701171875e-06,0.2305908203125
s_021400,tensor(0),DeeperForensics,0,2.682209014892578e-06,0.1417236328125
s_021414,tensor(0),DeeperForensics,0,2.5033950805664062e-06,0.1217041015625
s_021415,tensor(0),DeeperForensics,0,2.384185791015625e-06,0.200439453125
s_021416,tensor(0),DeeperForensics,0,2.5033950805664062e-06,0.093505859375
s_021421,tensor(0),DeeperForensics,0,2.7418136596679688e-06,0.11199951171875
s_021438,tensor(0),DeeperForensics,0,2.384185791015625e-06,0.449951171875
s_021442,tensor(0),DeeperForensics,0,2.384185791015625e-06,0.1474609375
s_021442,tensor(0),DeeperForensics,0,2.4437904357910156e-06,0.1376953125
s_021456,tensor(0),DeeperForensics,0,2.1457672119140625e-06,0.184326171875
s_021465,tensor(0),DeeperForensics,0,2.682209014892578e-06,0.08197021484375
s_021476,tensor(0),DeeperForensics,0,2.5033950805664062e-06,0.187744140625
s_021476,tensor(0),DeeperForensics,0,2.6226043701171875e-06,0.085693359375
s_021493,tensor(0),DeeperForensics,0,2.8014183044433594e-06,0.2237548828125
s_021500,tensor(0),DeeperForensics,0,2.682209014892578e-06,0.072509765625
s_021500,tensor(0),DeeperForensics,0,2.7418136596679688e-06,0.04327392578125
s_021511,tensor(0),DeeperForensics,0,2.4437904357910156e-06,0.309326171875
s_021515,tensor(0),DeeperForensics,0,2.6226043701171875e-06,0.332763671875
s_021528,tensor(0),DeeperForensics,0,2.562999725341797e-06,0.102294921875
s_021539,tensor(0),DeeperForensics,0,2.384185791015625e-06,0.3984375
s_021539,tensor(0),DeeperForensics,0,2.384185791015625e-06,0.242919921875
s_021569,tensor(0),DeeperForensics,0,2.8014183044433594e-06,0.378662109375
s_021577,tensor(0),DeeperForensics,0,2.682209014892578e-06,0.0872802734375
s_021593,tensor(0),DeeperForensics,0,2.9802322387695312e-06,0.0823974609375
s_021593,tensor(0),DeeperForensics,0,3.933906555175781e-06,0.1685791015625
s_021597,tensor(0),DeeperForensics,0,2.8014183044433594e-06,0.5107421875
s_021602,tensor(0),DeeperForensics,0,2.562999725341797e-06,0.1827392578125
s_021604,tensor(0),DeeperForensics,0,2.9206275939941406e-06,0.1566162109375
s_021613,tensor(0),DeeperForensics,0,2.562999725341797e-06,0.09967041015625
s_021617,tensor(0),DeeperForensics,0,3.159046173095703e-06,0.1368408203125
s_021617,tensor(0),DeeperForensics,0,2.86102294921875e-06,0.1375732421875
s_021635,tensor(0),DeeperForensics,0,2.7418136596679688e-06,0.0850830078125
s_021639,tensor(0),DeeperForensics,0,2.6226043701171875e-06,0.34033203125
s_021660,tensor(0),DeeperForensics,0,3.7550926208496094e-06,0.2049560546875
s_021673,tensor(0),DeeperForensics,0,3.039836883544922e-06,0.2120361328125
s_021675,tensor(0),DeeperForensics,0,2.562999725341797e-06,0.07080078125
s_021679,tensor(0),DeeperForensics,0,2.4437904357910156e-06,0.245849609375
s_021696,tensor(0),DeeperForensics,0,2.3245811462402344e-06,0.051666259765625
s_021712,tensor(0),DeeperForensics,0,2.6226043701171875e-06,0.1094970703125
s_021712,tensor(0),DeeperForensics,0,2.562999725341797e-06,0.10821533203125
s_021735,tensor(0),DeeperForensics,0,2.3245811462402344e-06,0.305908203125
s_064408,tensor(0),FaceForensics++,1,1.0,0.9990234375
s_064408,tensor(0),FaceForensics++,1,1.0,0.99951171875
s_064408,tensor(0),FaceForensics++,1,1.0,0.99951171875
s_064408,tensor(0),FaceForensics++,1,1.0,0.99951171875
s_064408,tensor(0),FaceForensics++,1,1.0,0.99951171875
s_064435,tensor(0),FaceForensics++,1,1.0,0.9990234375
s_064435,tensor(0),FaceForensics++,1,1.0,0.99951171875
s_064435,tensor(0),FaceForensics++,1,1.0,0.99951171875
s_064474,tensor(0),FaceForensics++,1,1.0,0.99951171875
s_064474,tensor(0),FaceForensics++,1,1.0,0.9990234375
s_064474,tensor(0),FaceForensics++,1,1.0,0.99951171875
s_064474,tensor(0),FaceForensics++,1,1.0,0.9990234375
s_064474,tensor(0),FaceForensics++,1,1.0,0.99951171875
s_064490,tensor(0),FaceForensics++,1,1.0,0.94384765625
s_064569,tensor(0),FaceForensics++,1,1.0,0.994140625
s_064569,tensor(0),FaceForensics++,1,1.0,0.9931640625
s_064569,tensor(0),FaceForensics++,1,1.0,0.99169921875
s_064569,tensor(0),FaceForensics++,1,1.0,0.98291015625
s_064569,tensor(0),FaceForensics++,1,1.0,0.9912109375
s_064569,tensor(19),FaceForensics++,1,0.282958984375,0.030792236328125
s_064569,tensor(0),FaceForensics++,1,1.0,0.9892578125
s_064569,tensor(19),FaceForensics++,1,0.10211181640625,0.039794921875
s_064569,tensor(0),FaceForensics++,1,1.0,0.986328125
s_064569,tensor(20),FaceForensics++,1,1.0,0.059417724609375
s_064569,tensor(0),FaceForensics++,1,1.0,0.98876953125
s_064596,tensor(0),FaceForensics++,1,1.0,0.99951171875
s_064596,tensor(0),FaceForensics++,1,1.0,0.99755859375
s_064596,tensor(0),FaceForensics++,1,1.0,0.99853515625
s_064638,tensor(1),FaceForensics++,1,1.0,0.9951171875
s_064688,tensor(0),FaceForensics++,1,1.0,0.99951171875
s_064688,tensor(0),FaceForensics++,1,1.0,0.99951171875
s_064688,tensor(0),FaceForensics++,1,1.0,0.99951171875
s_064688,tensor(0),FaceForensics++,1,1.0,0.99951171875
s_064688,tensor(0),FaceForensics++,1,1.0,0.99951171875
s_064711,tensor(0),FaceForensics++,1,1.0,0.99853515625
s_064711,tensor(0),FaceForensics++,1,1.0,0.998046875
s_064711,tensor(0),FaceForensics++,1,1.0,0.998046875
s_064711,tensor(0),FaceForensics++,1,1.0,0.99853515625
s_064711,tensor(0),FaceForensics++,1,1.0,0.99853515625
s_064738,tensor(1),FaceForensics++,1,0.99951171875,0.006717681884765625
s_064738,tensor(0),FaceForensics++,1,1.0,0.98583984375
s_064738,tensor(0),FaceForensics++,1,1.0,0.98388671875
s_064738,tensor(0),FaceForensics++,1,1.0,0.97998046875
s_064738,tensor(0),FaceForensics++,1,1.0,0.97607421875
s_064738,tensor(0),FaceForensics++,1,1.0,0.99267578125
s_064759,tensor(0),FaceForensics++,1,1.0,0.9990234375
s_064759,tensor(0),FaceForensics++,1,1.0,0.9990234375
s_064759,tensor(0),FaceForensics++,1,1.0,0.99853515625
s_064779,tensor(0),FaceForensics++,1,1.0,1.0
s_064779,tensor(0),FaceForensics++,1,1.0,0.99951171875
s_064779,tensor(0),FaceForensics++,1,1.0,0.99951171875
s_064779,tensor(0),FaceForensics++,1,1.0,1.0
s_064779,tensor(0),FaceForensics++,1,1.0,1.0
s_064784,tensor(0),FaceForensics++,1,1.0,0.99853515625
s_064784,tensor(0),FaceForensics++,1,1.0,0.99755859375
s_064784,tensor(0),FaceForensics++,1,1.0,0.99853515625
s_064784,tensor(0),FaceForensics++,1,1.0,0.99853515625
s_064787,tensor(0),FaceForensics++,1,1.0,0.99951171875
s_064787,tensor(0),FaceForensics++,1,1.0,0.99951171875
s_064787,tensor(0),FaceForensics++,1,1.0,0.99951171875
s_064798,tensor(0),FaceForensics++,1,1.0,0.99853515625
s_064798,tensor(0),FaceForensics++,1,1.0,0.9990234375
s_064812,tensor(0),FaceForensics++,1,1.0,1.0
s_064812,tensor(0),FaceForensics++,1,1.0,1.0
s_078710,tensor(0),HiDF,0,8.416175842285156e-05,0.98974609375
s_078719,tensor(0),HiDF,0,0.0022335052490234375,0.9189453125
s_078721,tensor(0),HiDF,0,0.00013339519500732422,0.98828125
s_078721,tensor(0),HiDF,0,0.00021314620971679688,0.99755859375
s_078816,tensor(0),HiDF,0,0.0012493133544921875,0.96337890625
s_078816,tensor(0),HiDF,0,0.00046181678771972656,0.9775390625
s_078822,tensor(0),HiDF,0,0.00010389089584350586,0.9658203125
s_078885,tensor(0),HiDF,0,7.659196853637695e-05,0.84375
s_078903,tensor(0),HiDF,0,3.11732292175293e-05,0.947265625
s_078925,tensor(0),HiDF,0,0.0002415180206298828,0.994140625
s_078958,tensor(0),HiDF,0,0.0003249645233154297,0.87841796875
s_078959,tensor(0),HiDF,0,2.9325485229492188e-05,0.9912109375
s_078986,tensor(0),HiDF,0,6.35385513305664e-05,0.99658203125
s_078987,tensor(0),HiDF,0,0.0001881122589111328,0.86962890625
s_078987,tensor(0),HiDF,0,0.0003726482391357422,0.9287109375
s_078987,tensor(0),HiDF,0,7.486343383789062e-05,0.92041015625
s_079022,tensor(0),HiDF,0,0.00038743019104003906,0.66162109375
s_079055,tensor(0),UADFV,1,1.0,0.919921875
s_079055,tensor(0),UADFV,1,1.0,0.9736328125
s_079055,tensor(0),UADFV,1,1.0,0.96923828125
s_079058,tensor(0),UADFV,1,1.0,0.8818359375
s_079063,tensor(0),UADFV,1,1.0,0.63916015625
s_079063,tensor(0),UADFV,1,1.0,0.73681640625
s_079095,tensor(0),UADFV,1,1.0,0.99755859375
s_079095,tensor(0),UADFV,1,1.0,0.998046875
s_079095,tensor(0),UADFV,1,1.0,0.998046875
s_079095,tensor(0),UADFV,1,1.0,0.99853515625
s_079095,tensor(0),UADFV,1,1.0,0.998046875
s_079095,tensor(0),UADFV,1,1.0,0.998046875
s_079096,tensor(0),UADFV,1,1.0,0.9912109375
s_079096,tensor(0),UADFV,1,1.0,0.99560546875
s_079096,tensor(0),UADFV,1,1.0,0.9951171875
s_079096,tensor(0),UADFV,1,1.0,0.99462890625
s_079096,tensor(0),UADFV,1,1.0,0.99072265625
s_079096,tensor(0),UADFV,1,1.0,0.99267578125
s_079096,tensor(0),UADFV,1,1.0,0.986328125
s_079096,tensor(0),UADFV,1,1.0,0.99169921875
s_079096,tensor(0),UADFV,1,1.0,0.9921875
s_079096,tensor(0),UADFV,1,1.0,0.994140625
s_079122,tensor(0),UADFV,0,1.3828277587890625e-05,1.0
s_079122,tensor(0),UADFV,0,1.0728836059570312e-05,0.99951171875
s_079122,tensor(0),UADFV,0,8.344650268554688e-06,0.99951171875
s_079135,tensor(0),UADFV,0,0.0002378225326538086,0.99267578125
s_079138,tensor(1),UADFV,0,0.98876953125,0.8486328125
s_079144,tensor(0),UADFV,0,4.470348358154297e-05,0.9931640625
s_079144,tensor(0),UADFV,0,3.6776065826416016e-05,0.9921875
s_079144,tensor(0),UADFV,0,3.24249267578125e-05,0.99609375
s_079144,tensor(0),UADFV,0,1.9550323486328125e-05,0.99609375
s_079144,tensor(0),UADFV,0,8.684396743774414e-05,0.99658203125
s_079144,tensor(0),UADFV,0,8.887052536010742e-05,0.99365234375
s_079144,tensor(0),UADFV,0,0.0001767873764038086,0.99609375
s_079144,tensor(0),UADFV,0,2.5272369384765625e-05,0.99853515625
s_010633,tensor(0),DeeperForensics,1,1.0,0.970703125
s_010633,tensor(0),DeeperForensics,1,1.0,0.97998046875
s_010633,tensor(0),DeeperForensics,1,1.0,0.96044921875
s_010633,tensor(0),DeeperForensics,1,1.0,0.90576171875
s_010658,tensor(0),DeeperForensics,1,1.0,0.96875
s_010658,tensor(0),DeeperForensics,1,1.0,0.95458984375
s_010658,tensor(0),DeeperForensics,1,1.0,0.9580078125
s_010658,tensor(0),DeeperForensics,1,1.0,0.97412109375
s_010658,tensor(0),DeeperForensics,1,1.0,0.97021484375
s_010658,tensor(0),DeeperForensics,1,1.0,0.97412109375
s_010658,tensor(0),DeeperForensics,1,1.0,0.96484375
s_010658,tensor(0),DeeperForensics,1,1.0,0.96875
s_010658,tensor(0),DeeperForensics,1,1.0,0.97900390625
s_010658,tensor(0),DeeperForensics,1,1.0,0.9755859375
s_010658,tensor(0),DeeperForensics,1,1.0,0.97314453125
s_010669,tensor(0),DeeperForensics,1,1.0,0.99755859375
s_010669,tensor(1),DeeperForensics,1,1.0,0.8193359375
s_010669,tensor(0),DeeperForensics,1,1.0,0.998046875
s_010669,tensor(1),DeeperForensics,1,1.0,0.21142578125
s_010669,tensor(0),DeeperForensics,1,1.0,0.99755859375
s_010669,tensor(1),DeeperForensics,1,1.0,0.6064453125
s_010669,tensor(0),DeeperForensics,1,1.0,0.998046875
s_010669,tensor(1),DeeperForensics,1,1.0,0.50341796875
s_010743,tensor(0),DeeperForensics,1,1.0,0.94921875
s_010743,tensor(0),DeeperForensics,1,1.0,0.95361328125
s_010743,tensor(0),DeeperForensics,1,1.0,0.943359375
s_010759,tensor(0),DeeperForensics,1,1.0,0.99658203125
s_010759,tensor(0),DeeperForensics,1,1.0,0.99365234375
s_010759,tensor(0),DeeperForensics,1,1.0,0.99462890625
s_010759,tensor(0),DeeperForensics,1,1.0,0.99365234375
s_010759,tensor(0),DeeperForensics,1,1.0,0.9951171875
s_010759,tensor(0),DeeperForensics,1,1.0,0.99560546875
s_010761,tensor(0),DeeperForensics,1,1.0,0.99853515625
s_010761,tensor(0),DeeperForensics,1,1.0,0.99853515625
s_010761,tensor(0),DeeperForensics,1,1.0,0.9970703125
s_010767,tensor(0),DeeperForensics,1,1.0,0.97705078125
s_010767,tensor(0),DeeperForensics,1,1.0,0.97021484375
s_010767,tensor(0),DeeperForensics,1,1.0,0.974609375
s_010767,tensor(0),DeeperForensics,1,1.0,0.9658203125
s_010767,tensor(0),DeeperForensics,1,1.0,0.9345703125
s_010767,tensor(0),DeeperForensics,1,1.0,0.97265625
s_010792,tensor(0),DeeperForensics,1,1.0,0.9892578125
s_010792,tensor(0),DeeperForensics,1,1.0,0.98828125
s_010792,tensor(0),DeeperForensics,1,1.0,0.98974609375
s_010792,tensor(0),DeeperForensics,1,1.0,0.9921875
s_010815,tensor(0),DeeperForensics,1,1.0,0.97314453125
s_010815,tensor(0),DeeperForensics,1,1.0,0.96923828125
s_010815,tensor(0),DeeperForensics,1,1.0,0.97998046875
s_010815,tensor(0),DeeperForensics,1,1.0,0.97119140625
s_010815,tensor(0),DeeperForensics,1,1.0,0.96826171875
s_010846,tensor(0),DeeperForensics,1,1.0,0.974609375
s_010846,tensor(0),DeeperForensics,1,1.0,0.986328125
s_010846,tensor(0),DeeperForensics,1,1.0,0.98388671875
s_010846,tensor(0),DeeperForensics,1,1.0,0.984375
s_010851,tensor(0),DeeperForensics,1,1.0,0.99169921875
s_010851,tensor(0),DeeperForensics,1,1.0,0.9853515625
s_010851,tensor(0),DeeperForensics,1,1.0,0.98828125
s_010857,tensor(0),DeeperForensics,1,1.0,0.98388671875
s_010857,tensor(0),DeeperForensics,1,1.0,0.9580078125
s_010857,tensor(0),DeeperForensics,1,1.0,0.9873046875
s_010857,tensor(0),DeeperForensics,1,1.0,0.98974609375
s_010857,tensor(0),DeeperForensics,1,1.0,0.98779296875
s_010898,tensor(0),DeeperForensics,1,1.0,0.94580078125
s_010898,tensor(0),DeeperForensics,1,1.0,0.94775390625
s_021742,tensor(0),DeeperForensics,0,2.2649765014648438e-06,0.330322265625
s_021747,tensor(0),DeeperForensics,0,2.5033950805664062e-06,0.1475830078125
s_021750,tensor(0),DeeperForensics,0,2.4437904357910156e-06,0.26904296875
s_021751,tensor(0),DeeperForensics,0,2.4437904357910156e-06,0.362548828125
s_021752,tensor(0),DeeperForensics,0,2.5033950805664062e-06,0.2509765625
s_021777,tensor(0),DeeperForensics,0,2.4437904357910156e-06,0.285400390625
s_021781,tensor(0),DeeperForensics,0,2.384185791015625e-06,0.31396484375
s_021789,tensor(0),DeeperForensics,0,2.4437904357910156e-06,0.204345703125
s_021789,tensor(0),DeeperForensics,0,2.682209014892578e-06,0.1539306640625
s_021793,tensor(0),DeeperForensics,0,2.2649765014648438e-06,0.1849365234375
s_021796,tensor(0),DeeperForensics,0,2.3245811462402344e-06,0.2215576171875
s_021809,tensor(0),DeeperForensics,0,2.562999725341797e-06,0.311767578125
s_021817,tensor(0),DeeperForensics,0,2.86102294921875e-06,0.13525390625
s_021824,tensor(0),DeeperForensics,0,2.5033950805664062e-06,0.166015625
s_021826,tensor(0),DeeperForensics,0,2.3245811462402344e-06,0.60693359375
s_021826,tensor(0),DeeperForensics,0,2.3245811462402344e-06,0.4501953125
s_021826,tensor(0),DeeperForensics,0,2.4437904357910156e-06,0.4423828125
s_021826,tensor(0),DeeperForensics,0,2.5033950805664062e-06,0.37744140625
s_021826,tensor(0),DeeperForensics,0,2.384185791015625e-06,0.319580078125
s_021826,tensor(0),DeeperForensics,0,2.2649765014648438e-06,0.372314453125
s_021826,tensor(0),DeeperForensics,0,2.3245811462402344e-06,0.200927734375
s_021826,tensor(0),DeeperForensics,0,2.205371856689453e-06,0.40869140625
s_021826,tensor(0),DeeperForensics,0,2.2649765014648438e-06,0.26220703125
s_021826,tensor(0),DeeperForensics,0,2.2649765014648438e-06,0.5361328125
s_021826,tensor(0),DeeperForensics,0,2.3245811462402344e-06,0.476806640625
s_021826,tensor(0),DeeperForensics,0,2.205371856689453e-06,0.455078125
s_021826,tensor(0),DeeperForensics,0,2.384185791015625e-06,0.54443359375
s_021826,tensor(0),DeeperForensics,0,2.2649765014648438e-06,0.52880859375
s_021826,tensor(0),DeeperForensics,0,2.3245811462402344e-06,0.74072265625
s_021826,tensor(0),DeeperForensics,0,2.384185791015625e-06,0.619140625
s_021826,tensor(0),DeeperForensics,0,2.5033950805664062e-06,0.52587890625
s_021826,tensor(0),DeeperForensics,0,2.4437904357910156e-06,0.6689453125
s_021826,tensor(0),DeeperForensics,0,2.3245811462402344e-06,0.5751953125
s_021826,tensor(0),DeeperForensics,0,2.3245811462402344e-06,0.68359375
s_021826,tensor(0),DeeperForensics,0,2.4437904357910156e-06,0.6552734375
s_021826,tensor(0),DeeperForensics,0,2.5033950805664062e-06,0.5
s_021826,tensor(0),DeeperForensics,0,2.5033950805664062e-06,0.377197265625
s_021826,tensor(0),DeeperForensics,0,2.384185791015625e-06,0.419921875
s_021826,tensor(0),DeeperForensics,0,2.3245811462402344e-06,0.59814453125
s_021826,tensor(0),DeeperForensics,0,2.384185791015625e-06,0.56884765625
s_021826,tensor(0),DeeperForensics,0,2.4437904357910156e-06,0.5205078125
s_021826,tensor(0),DeeperForensics,0,2.5033950805664062e-06,0.52734375
s_021826,tensor(0),DeeperForensics,0,2.4437904357910156e-06,0.59521484375
s_021826,tensor(0),DeeperForensics,0,2.3245811462402344e-06,0.541015625
s_021826,tensor(0),DeeperForensics,0,2.3245811462402344e-06,0.6083984375
s_021826,tensor(0),DeeperForensics,0,2.205371856689453e-06,0.5068359375
s_021826,tensor(0),DeeperForensics,0,2.384185791015625e-06,0.478515625
s_021826,tensor(0),DeeperForensics,0,2.384185791015625e-06,0.447265625
s_021826,tensor(0),DeeperForensics,0,2.3245811462402344e-06,0.3818359375
s_021826,tensor(0),DeeperForensics,0,2.2649765014648438e-06,0.5556640625
s_021826,tensor(0),DeeperForensics,0,2.3245811462402344e-06,0.496826171875
s_021826,tensor(0),DeeperForensics,0,2.384185791015625e-06,0.5185546875
s_021826,tensor(0),DeeperForensics,0,2.3245811462402344e-06,0.387451171875
s_021826,tensor(0),DeeperForensics,0,2.205371856689453e-06,0.537109375
s_021826,tensor(0),DeeperForensics,0,2.5033950805664062e-06,0.54345703125
s_021826,tensor(0),DeeperForensics,0,2.384185791015625e-06,0.5146484375
s_021826,tensor(0),DeeperForensics,0,2.3245811462402344e-06,0.413818359375
s_021826,tensor(0),DeeperForensics,0,2.3245811462402344e-06,0.53955078125
s_021826,tensor(0),DeeperForensics,0,2.3245811462402344e-06,0.54736328125
s_021826,tensor(0),DeeperForensics,0,2.4437904357910156e-06,0.55810546875
s_021826,tensor(0),DeeperForensics,0,2.562999725341797e-06,0.37353515625
s_021826,tensor(0),DeeperForensics,0,2.2649765014648438e-06,0.54052734375
s_021826,tensor(0),DeeperForensics,0,2.2649765014648438e-06,0.6123046875
s_021826,tensor(0),DeeperForensics,0,2.384185791015625e-06,0.3583984375
s_064812,tensor(0),FaceForensics++,1,1.0,1.0
s_064812,tensor(0),FaceForensics++,1,1.0,1.0
s_064812,tensor(0),FaceForensics++,1,1.0,0.99951171875
s_064852,tensor(0),FaceForensics++,1,1.0,0.998046875
s_064852,tensor(0),FaceForensics++,1,1.0,0.99658203125
s_064852,tensor(0),FaceForensics++,1,1.0,0.99365234375
s_064852,tensor(0),FaceForensics++,1,1.0,0.9951171875
s_064852,tensor(0),FaceForensics++,1,1.0,0.98974609375
s_064855,tensor(0),FaceForensics++,1,1.0,0.599609375
s_064855,tensor(1),FaceForensics++,1,1.0,0.9892578125
s_064855,tensor(0),FaceForensics++,1,1.0,0.30615234375
s_064855,tensor(1),FaceForensics++,1,1.0,0.9853515625
s_064855,tensor(0),FaceForensics++,1,1.0,0.204345703125
s_064855,tensor(1),FaceForensics++,1,1.0,0.98193359375
s_064855,tensor(0),FaceForensics++,1,1.0,0.0762939453125
s_064855,tensor(1),FaceForensics++,1,1.0,0.98388671875
s_064855,tensor(0),FaceForensics++,1,0.9990234375,0.070068359375
s_064855,tensor(1),FaceForensics++,1,1.0,0.9765625
s_064855,tensor(0),FaceForensics++,1,0.998046875,0.0369873046875
s_064855,tensor(1),FaceForensics++,1,1.0,0.984375
s_064855,tensor(0),FaceForensics++,1,0.99755859375,0.03216552734375
s_064855,tensor(1),FaceForensics++,1,1.0,0.984375
s_064855,tensor(0),FaceForensics++,1,1.0,0.1351318359375
s_064855,tensor(1),FaceForensics++,1,1.0,0.95751953125
s_064876,tensor(0),FaceForensics++,1,1.0,1.0
s_064876,tensor(0),FaceForensics++,1,1.0,1.0
s_064876,tensor(0),FaceForensics++,1,1.0,1.0
s_064876,tensor(0),FaceForensics++,1,1.0,0.99951171875
s_064876,tensor(0),FaceForensics++,1,1.0,1.0
s_064876,tensor(0),FaceForensics++,1,1.0,1.0
s_064876,tensor(0),FaceForensics++,1,1.0,1.0
s_064876,tensor(0),FaceForensics++,1,1.0,1.0
s_064876,tensor(0),FaceForensics++,1,1.0,0.99951171875
s_064936,tensor(0),FaceForensics++,1,1.0,0.99951171875
s_064936,tensor(0),FaceForensics++,1,1.0,0.99951171875
s_064936,tensor(0),FaceForensics++,1,1.0,0.99951171875
s_064942,tensor(0),FaceForensics++,1,1.0,0.99609375
s_064942,tensor(0),FaceForensics++,1,1.0,0.99755859375
s_064942,tensor(0),FaceForensics++,1,1.0,0.99609375
s_064942,tensor(0),FaceForensics++,1,1.0,0.9970703125
s_064942,tensor(0),FaceForensics++,1,1.0,0.998046875
s_064942,tensor(0),FaceForensics++,1,1.0,0.99755859375
s_064961,tensor(0),FaceForensics++,1,1.0,0.99658203125
s_064986,tensor(0),FaceForensics++,1,1.0,0.96875
s_064986,tensor(0),FaceForensics++,1,1.0,0.9736328125
s_064986,tensor(0),FaceForensics++,1,1.0,0.9892578125
s_064986,tensor(0),FaceForensics++,1,1.0,0.99072265625
s_064986,tensor(0),FaceForensics++,1,1.0,0.98193359375
s_064986,tensor(0),FaceForensics++,1,1.0,0.99267578125
s_064995,tensor(0),FaceForensics++,1,1.0,0.99853515625
s_064995,tensor(0),FaceForensics++,1,1.0,0.9970703125
s_064995,tensor(0),FaceForensics++,1,1.0,0.998046875
s_064995,tensor(0),FaceForensics++,1,1.0,0.99755859375
s_064995,tensor(0),FaceForensics++,1,1.0,0.99853515625
s_065007,tensor(0),FaceForensics++,1,1.0,0.998046875
s_065007,tensor(0),FaceForensics++,1,1.0,0.99951171875
s_065059,tensor(0),FaceForensics++,1,1.0,1.0
s_065059,tensor(0),FaceForensics++,1,1.0,1.0
s_065059,tensor(0),FaceForensics++,1,1.0,1.0
s_065059,tensor(0),FaceForensics++,1,1.0,1.0
s_065069,tensor(0),FaceForensics++,1,1.0,0.9990234375
s_065069,tensor(0),FaceForensics++,1,1.0,0.9990234375
s_065069,tensor(0),FaceForensics++,1,1.0,0.9990234375
s_065069,tensor(0),FaceForensics++,1,1.0,0.99951171875
s_010898,tensor(0),DeeperForensics,1,1.0,0.939453125
s_010898,tensor(0),DeeperForensics,1,1.0,0.93505859375
s_010898,tensor(0),DeeperForensics,1,1.0,0.955078125
s_010898,tensor(0),DeeperForensics,1,1.0,0.947265625
s_010900,tensor(0),DeeperForensics,1,1.0,0.99755859375
s_010900,tensor(0),DeeperForensics,1,1.0,0.9921875
s_010900,tensor(0),DeeperForensics,1,1.0,0.9970703125
s_010961,tensor(0),DeeperForensics,1,1.0,0.99462890625
s_010961,tensor(0),DeeperForensics,1,1.0,0.99755859375
s_010961,tensor(0),DeeperForensics,1,1.0,0.99560546875
s_010963,tensor(0),DeeperForensics,1,1.0,0.9931640625
s_010963,tensor(0),DeeperForensics,1,1.0,0.99365234375
s_010963,tensor(0),DeeperForensics,1,1.0,0.9921875
s_011006,tensor(0),DeeperForensics,1,1.0,0.99169921875
s_011006,tensor(1),DeeperForensics,1,1.0,0.95703125
s_011006,tensor(0),DeeperForensics,1,1.0,0.98681640625
s_011006,tensor(1),DeeperForensics,1,1.0,0.94775390625
s_011006,tensor(0),DeeperForensics,1,1.0,0.99169921875
s_011006,tensor(1),DeeperForensics,1,1.0,0.94775390625
s_011006,tensor(0),DeeperForensics,1,1.0,0.99169921875
s_011006,tensor(1),DeeperForensics,1,1.0,0.95947265625
s_011006,tensor(0),DeeperForensics,1,1.0,0.99169921875
s_011006,tensor(1),DeeperForensics,1,1.0,0.96630859375
s_011006,tensor(0),DeeperForensics,1,1.0,0.99267578125
s_011006,tensor(1),DeeperForensics,1,1.0,0.95458984375
s_011055,tensor(0),DeeperForensics,1,1.0,0.994140625
s_011055,tensor(0),DeeperForensics,1,1.0,0.99560546875
s_011055,tensor(0),DeeperForensics,1,1.0,0.99609375
s_011056,tensor(0),DeeperForensics,1,1.0,0.99365234375
s_011056,tensor(0),DeeperForensics,1,1.0,0.99462890625
s_011056,tensor(0),DeeperForensics,1,1.0,0.99609375
s_011066,tensor(0),DeeperForensics,1,1.0,1.0
s_011066,tensor(0),DeeperForensics,1,1.0,1.0
s_011066,tensor(0),DeeperForensics,1,1.0,1.0
s_011067,tensor(0),DeeperForensics,1,1.0,1.0
s_011067,tensor(0),DeeperForensics,1,1.0,1.0
s_011067,tensor(0),DeeperForensics,1,1.0,1.0
s_011076,tensor(0),DeeperForensics,1,1.0,0.9970703125
s_011076,tensor(0),DeeperForensics,1,1.0,0.99609375
s_011076,tensor(0),DeeperForensics,1,1.0,0.9970703125
s_011076,tensor(0),DeeperForensics,1,1.0,0.9970703125
s_011188,tensor(0),DeeperForensics,1,1.0,0.99658203125
s_011188,tensor(0),DeeperForensics,1,1.0,0.9970703125
s_011188,tensor(0),DeeperForensics,1,1.0,0.99755859375
s_011188,tensor(0),DeeperForensics,1,1.0,0.99560546875
s_011188,tensor(0),DeeperForensics,1,1.0,0.99658203125
s_011202,tensor(0),DeeperForensics,1,1.0,0.95751953125
s_011202,tensor(0),DeeperForensics,1,1.0,0.9404296875
s_011202,tensor(0),DeeperForensics,1,1.0,0.95263671875
s_011202,tensor(0),DeeperForensics,1,1.0,0.94140625
s_011202,tensor(0),DeeperForensics,1,1.0,0.95361328125
s_011266,tensor(0),DeeperForensics,1,1.0,0.99951171875
s_011266,tensor(0),DeeperForensics,1,1.0,1.0
s_011266,tensor(0),DeeperForensics,1,1.0,1.0
s_011266,tensor(0),DeeperForensics,1,1.0,0.99951171875
s_011266,tensor(0),DeeperForensics,1,1.0,0.99951171875
s_011266,tensor(0),DeeperForensics,1,1.0,1.0
s_011290,tensor(0),DeeperForensics,1,1.0,0.98486328125
s_011290,tensor(0),DeeperForensics,1,1.0,0.9853515625
s_011290,tensor(0),DeeperForensics,1,1.0,0.9716796875
s_011290,tensor(0),DeeperForensics,1,1.0,0.9853515625
s_011290,tensor(0),DeeperForensics,1,1.0,0.986328125
s_011292,tensor(0),DeeperForensics,1,1.0,0.9716796875
s_011292,tensor(0),DeeperForensics,1,1.0,0.9833984375
s_021826,tensor(0),DeeperForensics,0,2.3245811462402344e-06,0.51123046875
s_021826,tensor(0),DeeperForensics,0,2.384185791015625e-06,0.462158203125
s_021826,tensor(0),DeeperForensics,0,2.384185791015625e-06,0.50390625
s_021826,tensor(0),DeeperForensics,0,2.384185791015625e-06,0.52490234375
s_021826,tensor(0),DeeperForensics,0,2.2649765014648438e-06,0.470458984375
s_021826,tensor(0),DeeperForensics,0,2.4437904357910156e-06,0.430419921875
s_021826,tensor(0),DeeperForensics,0,2.384185791015625e-06,0.53271484375
s_021826,tensor(0),DeeperForensics,0,2.3245811462402344e-06,0.65234375
s_021826,tensor(0),DeeperForensics,0,2.4437904357910156e-06,0.51318359375
s_021826,tensor(0),DeeperForensics,0,2.4437904357910156e-06,0.49560546875
s_021826,tensor(0),DeeperForensics,0,2.384185791015625e-06,0.58642578125
s_021826,tensor(0),DeeperForensics,0,2.384185791015625e-06,0.6767578125
s_021826,tensor(0),DeeperForensics,0,2.2649765014648438e-06,0.56591796875
s_021826,tensor(0),DeeperForensics,0,2.384185791015625e-06,0.43212890625
s_021826,tensor(0),DeeperForensics,0,2.4437904357910156e-06,0.6240234375
s_021826,tensor(0),DeeperForensics,0,2.384185791015625e-06,0.50146484375
s_021826,tensor(0),DeeperForensics,0,2.5033950805664062e-06,0.6279296875
s_021826,tensor(0),DeeperForensics,0,2.4437904357910156e-06,0.6318359375
s_021826,tensor(0),DeeperForensics,0,2.384185791015625e-06,0.44287109375
s_021826,tensor(0),DeeperForensics,0,2.4437904357910156e-06,0.55859375
s_021826,tensor(0),DeeperForensics,0,2.384185791015625e-06,0.55029296875
s_021826,tensor(0),DeeperForensics,0,2.4437904357910156e-06,0.63232421875
s_021826,tensor(0),DeeperForensics,0,2.3245811462402344e-06,0.6064453125
s_021826,tensor(0),DeeperForensics,0,2.4437904357910156e-06,0.55078125
s_021826,tensor(0),DeeperForensics,0,2.4437904357910156e-06,0.47705078125
s_021826,tensor(0),DeeperForensics,0,2.5033950805664062e-06,0.415771484375
s_021826,tensor(0),DeeperForensics,0,2.384185791015625e-06,0.62451171875
s_021826,tensor(0),DeeperForensics,0,2.384185791015625e-06,0.67431640625
s_021826,tensor(0),DeeperForensics,0,2.3245811462402344e-06,0.625
s_021826,tensor(0),DeeperForensics,0,2.384185791015625e-06,0.67333984375
s_021826,tensor(0),DeeperForensics,0,2.4437904357910156e-06,0.5888671875
s_021826,tensor(0),DeeperForensics,0,2.384185791015625e-06,0.6015625
s_021826,tensor(0),DeeperForensics,0,2.3245811462402344e-06,0.6142578125
s_021826,tensor(0),DeeperForensics,0,2.384185791015625e-06,0.5625
s_021826,tensor(0),DeeperForensics,0,2.3245811462402344e-06,0.5341796875
s_021826,tensor(0),DeeperForensics,0,2.2649765014648438e-06,0.5712890625
s_021826,tensor(0),DeeperForensics,0,2.2649765014648438e-06,0.4921875
s_021826,tensor(0),DeeperForensics,0,2.4437904357910156e-06,0.5078125
s_021826,tensor(0),DeeperForensics,0,2.384185791015625e-06,0.56103515625
s_021826,tensor(0),DeeperForensics,0,2.2649765014648438e-06,0.56103515625
s_021826,tensor(0),DeeperForensics,0,2.5033950805664062e-06,0.4921875
s_021826,tensor(0),DeeperForensics,0,2.4437904357910156e-06,0.5302734375
s_021826,tensor(0),DeeperForensics,0,2.5033950805664062e-06,0.431884765625
s_021826,tensor(0),DeeperForensics,0,2.8014183044433594e-06,0.693359375
s_021826,tensor(0),DeeperForensics,0,2.682209014892578e-06,0.2486572265625
s_021837,tensor(0),DeeperForensics,0,2.4437904357910156e-06,0.51416015625
s_021837,tensor(0),DeeperForensics,0,2.384185791015625e-06,0.60400390625
s_021840,tensor(0),DeeperForensics,0,2.5033950805664062e-06,0.80615234375
s_021840,tensor(0),DeeperForensics,0,2.384185791015625e-06,0.79345703125
s_021844,tensor(0),DeeperForensics,0,2.384185791015625e-06,0.358154296875
s_021844,tensor(0),DeeperForensics,0,2.3245811462402344e-06,0.385009765625
s_021857,tensor(0),DeeperForensics,0,2.6226043701171875e-06,0.59423828125
s_021857,tensor(0),DeeperForensics,0,2.8014183044433594e-06,0.6279296875
s_021857,tensor(0),DeeperForensics,0,2.86102294921875e-06,0.62060546875
s_021857,tensor(0),DeeperForensics,0,2.7418136596679688e-06,0.68359375
s_021873,tensor(0),DeeperForensics,0,2.4437904357910156e-06,0.84423828125
s_021873,tensor(0),DeeperForensics,0,2.384185791015625e-06,0.79345703125
s_021880,tensor(0),DeeperForensics,0,2.682209014892578e-06,0.56591796875
s_021880,tensor(0),DeeperForensics,0,2.6226043701171875e-06,0.697265625
s_021880,tensor(0),DeeperForensics,0,2.5033950805664062e-06,0.6884765625
s_021881,tensor(0),DeeperForensics,0,2.8014183044433594e-06,0.9462890625
s_021887,tensor(0),DeeperForensics,0,2.5033950805664062e-06,0.8251953125
s_021887,tensor(0),DeeperForensics,0,2.562999725341797e-06,0.802734375
s_021887,tensor(0),DeeperForensics,0,2.384185791015625e-06,0.85302734375
s_065076,tensor(0),FaceForensics++,1,1.0,0.99951171875
s_065076,tensor(0),FaceForensics++,1,1.0,0.99951171875
s_065076,tensor(0),FaceForensics++,1,1.0,0.99951171875
s_065093,tensor(2),FaceForensics++,1,1.0,0.81884765625
s_065164,tensor(0),FaceForensics++,1,1.0,0.99951171875
s_065164,tensor(0),FaceForensics++,1,1.0,0.99951171875
s_065164,tensor(0),FaceForensics++,1,1.0,0.9990234375
s_065171,tensor(0),FaceForensics++,1,1.0,0.99951171875
s_065171,tensor(0),FaceForensics++,1,1.0,0.99951171875
s_065171,tensor(0),FaceForensics++,1,1.0,0.99951171875
s_065171,tensor(0),FaceForensics++,1,1.0,0.99951171875
s_065173,tensor(0),FaceForensics++,1,1.0,0.99755859375
s_065183,tensor(0),FaceForensics++,1,1.0,0.9970703125
s_065183,tensor(0),FaceForensics++,1,1.0,0.99755859375
s_065183,tensor(0),FaceForensics++,1,1.0,0.998046875
s_065183,tensor(0),FaceForensics++,1,1.0,0.99658203125
s_065183,tensor(0),FaceForensics++,1,1.0,0.99609375
s_065183,tensor(0),FaceForensics++,1,1.0,0.998046875
s_065190,tensor(0),FaceForensics++,1,1.0,0.998046875
s_065190,tensor(0),FaceForensics++,1,1.0,0.99755859375
s_065190,tensor(0),FaceForensics++,1,1.0,0.99755859375
s_065190,tensor(0),FaceForensics++,1,1.0,0.998046875
s_065190,tensor(0),FaceForensics++,1,1.0,0.99658203125
s_065190,tensor(0),FaceForensics++,1,1.0,0.9951171875
s_065197,tensor(0),FaceForensics++,1,1.0,0.99951171875
s_065197,tensor(0),FaceForensics++,1,1.0,0.99951171875
s_065197,tensor(0),FaceForensics++,1,1.0,0.99853515625
s_065237,tensor(0),FaceForensics++,1,1.0,0.99853515625
s_065270,tensor(0),FaceForensics++,1,1.0,0.998046875
s_065270,tensor(0),FaceForensics++,1,1.0,0.99853515625
s_065270,tensor(0),FaceForensics++,1,1.0,0.99853515625
s_065270,tensor(0),FaceForensics++,1,1.0,0.998046875
s_065270,tensor(0),FaceForensics++,1,1.0,0.998046875
s_065281,tensor(0),FaceForensics++,1,1.0,0.9912109375
s_065281,tensor(0),FaceForensics++,1,1.0,0.998046875
s_065281,tensor(0),FaceForensics++,1,1.0,0.99755859375
s_065288,tensor(0),FaceForensics++,1,1.0,0.99951171875
s_065288,tensor(0),FaceForensics++,1,1.0,0.99951171875
s_065288,tensor(0),FaceForensics++,1,1.0,0.99951171875
s_065288,tensor(0),FaceForensics++,1,1.0,0.9990234375
s_065288,tensor(0),FaceForensics++,1,1.0,0.99951171875
s_065288,tensor(0),FaceForensics++,1,1.0,0.99853515625
s_065289,tensor(1),FaceForensics++,1,1.0,0.070556640625
s_065289,tensor(1),FaceForensics++,1,0.99951171875,0.00861358642578125
s_065289,tensor(1),FaceForensics++,1,1.0,0.21435546875
s_065322,tensor(0),FaceForensics++,1,1.0,0.998046875
s_065322,tensor(0),FaceForensics++,1,1.0,0.9970703125
s_065322,tensor(0),FaceForensics++,1,1.0,0.99365234375
s_065322,tensor(0),FaceForensics++,1,1.0,0.98974609375
s_065322,tensor(0),FaceForensics++,1,1.0,0.97607421875
s_065322,tensor(0),FaceForensics++,1,1.0,0.8779296875
s_065322,tensor(0),FaceForensics++,1,1.0,0.9951171875
s_065322,tensor(0),FaceForensics++,1,1.0,0.98876953125
s_065322,tensor(0),FaceForensics++,1,1.0,0.98974609375
s_065322,tensor(0),FaceForensics++,1,0.99951171875,0.9462890625
s_065322,tensor(0),FaceForensics++,1,1.0,0.98779296875
s_065341,tensor(0),FaceForensics++,1,1.0,0.99560546875
s_065347,tensor(1),FaceForensics++,1,1.0,0.9931640625
s_065347,tensor(3),FaceForensics++,1,1.0,0.947265625
s_065347,tensor(1),FaceForensics++,1,1.0,0.9931640625
s_065347,tensor(1),FaceForensics++,1,1.0,0.9912109375
s_065347,tensor(1),FaceForensics++,1,1.0,0.994140625
s_065347,tensor(1),FaceForensics++,1,1.0,0.99169921875
s_065347,tensor(1),FaceForensics++,1,1.0,0.99462890625
s_011292,tensor(0),DeeperForensics,1,1.0,0.98486328125
s_011292,tensor(0),DeeperForensics,1,1.0,0.9833984375
s_011292,tensor(0),DeeperForensics,1,1.0,0.986328125
s_011304,tensor(0),DeeperForensics,1,1.0,0.99609375
s_011304,tensor(0),DeeperForensics,1,1.0,0.99658203125
s_011304,tensor(0),DeeperForensics,1,1.0,0.9970703125
s_011304,tensor(0),DeeperForensics,1,1.0,0.9970703125
s_011329,tensor(0),DeeperForensics,1,1.0,0.9970703125
s_011329,tensor(0),DeeperForensics,1,1.0,0.99560546875
s_011329,tensor(0),DeeperForensics,1,1.0,0.99658203125
s_011348,tensor(0),DeeperForensics,1,1.0,1.0
s_011348,tensor(0),DeeperForensics,1,1.0,1.0
s_011348,tensor(0),DeeperForensics,1,1.0,1.0
s_011372,tensor(6),DeeperForensics,1,1.0,0.0265045166015625
s_011372,tensor(7),DeeperForensics,1,1.0,0.02630615234375
s_011421,tensor(0),DeeperForensics,1,1.0,0.99560546875
s_011421,tensor(0),DeeperForensics,1,1.0,0.99609375
s_011421,tensor(0),DeeperForensics,1,1.0,0.9970703125
s_011421,tensor(0),DeeperForensics,1,1.0,0.9970703125
s_011421,tensor(0),DeeperForensics,1,1.0,0.99658203125
s_011421,tensor(0),DeeperForensics,1,1.0,0.99658203125
s_011421,tensor(0),DeeperForensics,1,1.0,0.99560546875
s_011467,tensor(0),DeeperForensics,1,1.0,0.998046875
s_011467,tensor(0),DeeperForensics,1,1.0,0.9970703125
s_011467,tensor(0),DeeperForensics,1,1.0,0.99755859375
s_011491,tensor(0),DeeperForensics,1,1.0,0.978515625
s_011491,tensor(0),DeeperForensics,1,1.0,0.9853515625
s_011491,tensor(0),DeeperForensics,1,1.0,0.982421875
s_011491,tensor(0),DeeperForensics,1,1.0,0.9853515625
s_011491,tensor(0),DeeperForensics,1,1.0,0.98828125
s_011491,tensor(0),DeeperForensics,1,1.0,0.98486328125
s_011492,tensor(0),DeeperForensics,1,1.0,0.96044921875
s_011492,tensor(0),DeeperForensics,1,1.0,0.9765625
s_011492,tensor(0),DeeperForensics,1,1.0,0.9677734375
s_011492,tensor(0),DeeperForensics,1,1.0,0.9765625
s_011492,tensor(0),DeeperForensics,1,1.0,0.97314453125
s_011492,tensor(0),DeeperForensics,1,1.0,0.9736328125
s_011540,tensor(0),DeeperForensics,1,1.0,0.98974609375
s_011540,tensor(0),DeeperForensics,1,1.0,0.990234375
s_011540,tensor(0),DeeperForensics,1,1.0,0.9912109375
s_011540,tensor(0),DeeperForensics,1,1.0,0.98828125
s_011540,tensor(0),DeeperForensics,1,1.0,0.98681640625
s_011540,tensor(0),DeeperForensics,1,1.0,0.98828125
s_011540,tensor(0),DeeperForensics,1,1.0,0.9892578125
s_011544,tensor(0),DeeperForensics,1,1.0,0.9873046875
s_011544,tensor(0),DeeperForensics,1,1.0,0.986328125
s_011544,tensor(0),DeeperForensics,1,1.0,0.99365234375
s_011544,tensor(0),DeeperForensics,1,1.0,0.9912109375
s_011544,tensor(0),DeeperForensics,1,1.0,0.98291015625
s_011544,tensor(0),DeeperForensics,1,1.0,0.98876953125
s_011544,tensor(0),DeeperForensics,1,1.0,0.98681640625
s_011569,tensor(0),DeeperForensics,1,1.0,0.9208984375
s_011569,tensor(0),DeeperForensics,1,1.0,0.9111328125
s_011569,tensor(0),DeeperForensics,1,1.0,0.91015625
s_011569,tensor(0),DeeperForensics,1,1.0,0.89501953125
s_011631,tensor(0),DeeperForensics,0,2.4437904357910156e-06,0.4296875
s_011631,tensor(0),DeeperForensics,0,2.4437904357910156e-06,0.50146484375
s_011657,tensor(0),DeeperForensics,0,2.3245811462402344e-06,0.75634765625
s_011676,tensor(0),DeeperForensics,0,2.2649765014648438e-06,0.509765625
s_011676,tensor(0),DeeperForensics,0,2.2649765014648438e-06,0.4794921875
s_011705,tensor(0),DeeperForensics,0,2.3245811462402344e-06,0.30224609375
s_011705,tensor(0),DeeperForensics,0,2.2649765014648438e-06,0.2939453125
s_011708,tensor(0),DeeperForensics,0,2.5033950805664062e-06,0.452392578125
s_011708,tensor(0),DeeperForensics,0,2.562999725341797e-06,0.435791015625
s_021905,tensor(0),DeeperForensics,0,2.3245811462402344e-06,0.8330078125
s_021905,tensor(0),DeeperForensics,0,2.205371856689453e-06,0.73291015625
s_021911,tensor(0),DeeperForensics,0,2.1457672119140625e-06,0.54248046875
s_021911,tensor(0),DeeperForensics,0,2.1457672119140625e-06,0.57666015625
s_021911,tensor(0),DeeperForensics,0,2.086162567138672e-06,0.4521484375
s_021921,tensor(0),DeeperForensics,0,2.6226043701171875e-06,0.19580078125
s_021921,tensor(0),DeeperForensics,0,2.682209014892578e-06,0.34814453125
s_021921,tensor(0),DeeperForensics,0,2.8014183044433594e-06,0.2568359375
s_021935,tensor(0),DeeperForensics,0,2.6226043701171875e-06,0.315673828125
s_021935,tensor(0),DeeperForensics,0,2.7418136596679688e-06,0.326171875
s_021935,tensor(0),DeeperForensics,0,2.9802322387695312e-06,0.265625
s_021947,tensor(0),DeeperForensics,0,2.3245811462402344e-06,0.4951171875
s_021947,tensor(0),DeeperForensics,0,2.205371856689453e-06,0.369384765625
s_021963,tensor(0),DeeperForensics,0,2.562999725341797e-06,0.44091796875
s_021963,tensor(0),DeeperForensics,0,2.682209014892578e-06,0.279052734375
s_021963,tensor(0),DeeperForensics,0,2.3245811462402344e-06,0.350830078125
s_021966,tensor(0),DeeperForensics,0,2.1457672119140625e-06,0.4560546875
s_021966,tensor(0),DeeperForensics,0,2.4437904357910156e-06,0.490478515625
s_021966,tensor(0),DeeperForensics,0,2.2649765014648438e-06,0.3662109375
s_021971,tensor(0),DeeperForensics,0,2.4437904357910156e-06,0.259033203125
s_021971,tensor(0),DeeperForensics,0,2.5033950805664062e-06,0.2216796875
s_021971,tensor(0),DeeperForensics,0,2.384185791015625e-06,0.3134765625
s_021995,tensor(0),DeeperForensics,0,2.205371856689453e-06,0.5966796875
s_021995,tensor(0),DeeperForensics,0,2.205371856689453e-06,0.5166015625
s_022005,tensor(0),DeeperForensics,0,2.682209014892578e-06,0.476318359375
s_022005,tensor(0),DeeperForensics,0,2.86102294921875e-06,0.3076171875
s_022006,tensor(0),DeeperForensics,0,2.562999725341797e-06,0.39111328125
s_022006,tensor(0),DeeperForensics,0,2.6226043701171875e-06,0.2734375
s_022019,tensor(0),DeeperForensics,0,2.86102294921875e-06,0.409912109375
s_022019,tensor(0),DeeperForensics,0,3.159046173095703e-06,0.397216796875
s_022020,tensor(0),DeeperForensics,0,2.562999725341797e-06,0.314697265625
s_022020,tensor(0),DeeperForensics,0,2.6226043701171875e-06,0.311279296875
s_022024,tensor(0),DeeperForensics,0,2.2649765014648438e-06,0.7392578125
s_022024,tensor(0),DeeperForensics,0,2.2649765014648438e-06,0.708984375
s_022024,tensor(0),DeeperForensics,0,2.3245811462402344e-06,0.6513671875
s_022032,tensor(0),DeeperForensics,0,3.039836883544922e-06,0.051177978515625
s_022032,tensor(0),DeeperForensics,0,4.0531158447265625e-06,0.0836181640625
s_022032,tensor(0),DeeperForensics,0,3.2186508178710938e-06,0.058349609375
s_022038,tensor(0),DeeperForensics,0,2.1457672119140625e-06,0.62158203125
s_022038,tensor(0),DeeperForensics,0,2.205371856689453e-06,0.66943359375
s_022040,tensor(0),DeeperForensics,0,2.4437904357910156e-06,0.483154296875
s_022040,tensor(0),DeeperForensics,0,2.5033950805664062e-06,0.431640625
s_022048,tensor(0),DeeperForensics,0,2.562999725341797e-06,0.28857421875
s_022048,tensor(0),DeeperForensics,0,2.682209014892578e-06,0.279296875
s_022048,tensor(0),DeeperForensics,0,2.9206275939941406e-06,0.296142578125
s_022055,tensor(0),DeeperForensics,0,2.7418136596679688e-06,0.580078125
s_022055,tensor(0),DeeperForensics,0,2.384185791015625e-06,0.460693359375
s_022060,tensor(0),DeeperForensics,0,2.086162567138672e-06,0.353271484375
s_022060,tensor(0),DeeperForensics,0,2.0265579223632812e-06,0.321044921875
s_022060,tensor(0),DeeperForensics,0,2.0265579223632812e-06,0.4189453125
s_022065,tensor(0),DeeperForensics,0,2.9206275939941406e-06,0.6396484375
s_022065,tensor(0),DeeperForensics,0,3.516674041748047e-06,0.677734375
s_022065,tensor(0),DeeperForensics,0,3.4570693969726562e-06,0.69287109375
s_022067,tensor(0),DeeperForensics,0,2.0265579223632812e-06,0.307373046875
s_022067,tensor(0),DeeperForensics,0,2.086162567138672e-06,0.1807861328125
s_022067,tensor(0),DeeperForensics,0,2.086162567138672e-06,0.25927734375
s_022075,tensor(0),DeeperForensics,0,2.2649765014648438e-06,0.7255859375
s_022075,tensor(0),DeeperForensics,0,2.4437904357910156e-06,0.5380859375
s_022075,tensor(0),DeeperForensics,0,2.2649765014648438e-06,0.505859375
s_022080,tensor(0),DeeperForensics,0,2.9206275939941406e-06,0.55517578125
s_022080,tensor(0),DeeperForensics,0,5.900859832763672e-06,0.65087890625
s_022080,tensor(0),DeeperForensics,0,3.3974647521972656e-06,0.74755859375
s_022087,tensor(0),DeeperForensics,0,2.8014183044433594e-06,0.425048828125
s_022087,tensor(0),DeeperForensics,0,3.0994415283203125e-06,0.57275390625
s_065347,tensor(1),FaceForensics++,1,1.0,0.99462890625
s_065364,tensor(0),FaceForensics++,1,1.0,0.99658203125
s_065374,tensor(0),FaceForensics++,1,1.0,0.9970703125
s_065374,tensor(0),FaceForensics++,1,1.0,0.9970703125
s_065374,tensor(0),FaceForensics++,1,1.0,0.99462890625
s_065374,tensor(0),FaceForensics++,1,1.0,0.99462890625
s_065383,tensor(0),FaceForensics++,1,1.0,0.99609375
s_065383,tensor(0),FaceForensics++,1,1.0,0.99755859375
s_065383,tensor(0),FaceForensics++,1,1.0,0.99853515625
s_065383,tensor(0),FaceForensics++,1,1.0,0.99755859375
s_065383,tensor(0),FaceForensics++,1,1.0,0.99658203125
s_065383,tensor(0),FaceForensics++,1,1.0,0.998046875
s_065383,tensor(0),FaceForensics++,1,1.0,0.99755859375
s_065403,tensor(0),FaceForensics++,1,1.0,0.99609375
s_065403,tensor(0),FaceForensics++,1,1.0,0.99462890625
s_065403,tensor(0),FaceForensics++,1,1.0,0.99609375
s_065403,tensor(0),FaceForensics++,1,1.0,0.99609375
s_065403,tensor(0),FaceForensics++,1,1.0,0.9951171875
s_065415,tensor(0),FaceForensics++,1,1.0,0.9970703125
s_065415,tensor(0),FaceForensics++,1,1.0,0.99609375
s_065415,tensor(0),FaceForensics++,1,1.0,0.9970703125
s_065415,tensor(0),FaceForensics++,1,1.0,0.99755859375
s_065415,tensor(0),FaceForensics++,1,1.0,0.998046875
s_065415,tensor(0),FaceForensics++,1,1.0,0.99853515625
s_065415,tensor(0),FaceForensics++,1,1.0,0.9970703125
s_065434,tensor(0),FaceForensics++,1,1.0,0.9990234375
s_065434,tensor(0),FaceForensics++,1,1.0,0.99853515625
s_065434,tensor(0),FaceForensics++,1,0.99951171875,0.99755859375
s_065434,tensor(0),FaceForensics++,1,1.0,0.9990234375
s_065434,tensor(0),FaceForensics++,1,1.0,0.9990234375
s_065436,tensor(0),FaceForensics++,1,1.0,0.99609375
s_065436,tensor(0),FaceForensics++,1,1.0,0.99560546875
s_065436,tensor(0),FaceForensics++,1,1.0,0.99658203125
s_065436,tensor(0),FaceForensics++,1,1.0,0.9970703125
s_065464,tensor(0),FaceForensics++,1,1.0,0.9990234375
s_065464,tensor(0),FaceForensics++,1,1.0,0.99951171875
s_065464,tensor(0),FaceForensics++,1,1.0,0.99951171875
s_065464,tensor(0),FaceForensics++,1,1.0,0.998046875
s_065464,tensor(0),FaceForensics++,1,1.0,0.99951171875
s_065464,tensor(0),FaceForensics++,1,1.0,0.99853515625
s_065488,tensor(0),FaceForensics++,1,1.0,0.99755859375
s_065488,tensor(0),FaceForensics++,1,1.0,0.998046875
s_065488,tensor(0),FaceForensics++,1,1.0,0.99951171875
s_065488,tensor(0),FaceForensics++,1,1.0,0.9990234375
s_065488,tensor(0),FaceForensics++,1,1.0,0.99853515625
s_065499,tensor(0),FaceForensics++,1,1.0,0.99658203125
s_065523,tensor(0),FaceForensics++,1,1.0,0.99951171875
s_065523,tensor(0),FaceForensics++,1,1.0,0.99951171875
s_065628,tensor(0),FaceForensics++,1,1.0,0.99951171875
s_065628,tensor(0),FaceForensics++,1,1.0,0.99951171875
s_065628,tensor(0),FaceForensics++,1,1.0,0.99951171875
s_065628,tensor(0),FaceForensics++,1,1.0,1.0
s_065628,tensor(0),FaceForensics++,1,1.0,0.99951171875
s_065628,tensor(0),FaceForensics++,1,1.0,0.99951171875
s_065628,tensor(0),FaceForensics++,1,1.0,1.0
s_065653,tensor(0),FaceForensics++,1,1.0,0.99951171875
s_065653,tensor(0),FaceForensics++,1,1.0,0.99951171875
s_065653,tensor(0),FaceForensics++,1,1.0,0.99951171875
s_065661,tensor(0),FaceForensics++,1,1.0,0.99951171875
s_065661,tensor(0),FaceForensics++,1,1.0,0.99951171875
s_065661,tensor(0),FaceForensics++,1,1.0,0.99951171875
s_065661,tensor(0),FaceForensics++,1,1.0,0.99951171875
s_065661,tensor(0),FaceForensics++,1,1.0,0.99951171875
s_065671,tensor(0),FaceForensics++,1,1.0,0.9990234375
s_011725,tensor(0),DeeperForensics,0,2.2649765014648438e-06,0.576171875
s_011725,tensor(0),DeeperForensics,0,2.205371856689453e-06,0.64111328125
s_011749,tensor(0),DeeperForensics,0,2.6226043701171875e-06,0.20849609375
s_011749,tensor(0),DeeperForensics,0,2.7418136596679688e-06,0.15576171875
s_011794,tensor(0),DeeperForensics,0,2.4437904357910156e-06,0.541015625
s_011795,tensor(0),DeeperForensics,0,2.384185791015625e-06,0.35595703125
s_011795,tensor(0),DeeperForensics,0,2.384185791015625e-06,0.362060546875
s_011795,tensor(0),DeeperForensics,0,2.3245811462402344e-06,0.421875
s_011810,tensor(0),DeeperForensics,0,2.562999725341797e-06,0.29443359375
s_011810,tensor(0),DeeperForensics,0,2.3245811462402344e-06,0.258544921875
s_011842,tensor(0),DeeperForensics,0,2.562999725341797e-06,0.391357421875
s_011845,tensor(0),DeeperForensics,0,2.4437904357910156e-06,0.3759765625
s_011845,tensor(0),DeeperForensics,0,2.4437904357910156e-06,0.414306640625
s_011877,tensor(0),DeeperForensics,0,2.4437904357910156e-06,0.46484375
s_011905,tensor(0),DeeperForensics,0,2.562999725341797e-06,0.325439453125
s_011911,tensor(0),DeeperForensics,0,2.3245811462402344e-06,0.1993408203125
s_011915,tensor(0),DeeperForensics,0,2.562999725341797e-06,0.61767578125
s_011915,tensor(0),DeeperForensics,0,2.562999725341797e-06,0.447998046875
s_011967,tensor(0),DeeperForensics,0,2.5033950805664062e-06,0.351318359375
s_011972,tensor(0),DeeperForensics,0,2.4437904357910156e-06,0.67529296875
s_011972,tensor(0),DeeperForensics,0,2.4437904357910156e-06,0.6171875
s_011973,tensor(0),DeeperForensics,0,2.2649765014648438e-06,0.38525390625
s_011973,tensor(0),DeeperForensics,0,2.2649765014648438e-06,0.41455078125
s_011974,tensor(0),DeeperForensics,0,2.384185791015625e-06,0.465087890625
s_011974,tensor(0),DeeperForensics,0,2.4437904357910156e-06,0.44873046875
s_011981,tensor(0),DeeperForensics,0,2.3245811462402344e-06,0.389404296875
s_012001,tensor(0),DeeperForensics,0,2.2649765014648438e-06,0.3583984375
s_012001,tensor(0),DeeperForensics,0,2.3245811462402344e-06,0.40283203125
s_012027,tensor(0),DeeperForensics,0,2.3245811462402344e-06,0.333740234375
s_012027,tensor(0),DeeperForensics,0,2.3245811462402344e-06,0.58056640625
s_012055,tensor(0),DeeperForensics,0,2.4437904357910156e-06,0.40625
s_012055,tensor(0),DeeperForensics,0,2.384185791015625e-06,0.400634765625
s_012071,tensor(0),DeeperForensics,0,2.2649765014648438e-06,0.2198486328125
s_012071,tensor(0),DeeperForensics,0,2.384185791015625e-06,0.2210693359375
s_012071,tensor(0),DeeperForensics,0,2.5033950805664062e-06,0.203369140625
s_012119,tensor(0),DeeperForensics,0,2.384185791015625e-06,0.2239990234375
s_012119,tensor(0),DeeperForensics,0,2.4437904357910156e-06,0.3916015625
s_012119,tensor(0),DeeperForensics,0,2.384185791015625e-06,0.1458740234375
s_012119,tensor(0),DeeperForensics,0,2.4437904357910156e-06,0.185546875
s_012119,tensor(0),DeeperForensics,0,2.384185791015625e-06,0.2091064453125
s_012119,tensor(0),DeeperForensics,0,2.2649765014648438e-06,0.5927734375
s_012119,tensor(0),DeeperForensics,0,2.5033950805664062e-06,0.55517578125
s_012119,tensor(0),DeeperForensics,0,2.3245811462402344e-06,0.52587890625
s_012119,tensor(0),DeeperForensics,0,2.2649765014648438e-06,0.5498046875
s_012119,tensor(0),DeeperForensics,0,2.2649765014648438e-06,0.2032470703125
s_012119,tensor(0),DeeperForensics,0,2.4437904357910156e-06,0.46435546875
s_012119,tensor(0),DeeperForensics,0,2.384185791015625e-06,0.411865234375
s_012119,tensor(0),DeeperForensics,0,2.4437904357910156e-06,0.45703125
s_012119,tensor(0),DeeperForensics,0,2.384185791015625e-06,0.62353515625
s_012119,tensor(0),DeeperForensics,0,2.4437904357910156e-06,0.384765625
s_012119,tensor(0),DeeperForensics,0,2.3245811462402344e-06,0.3955078125
s_012119,tensor(0),DeeperForensics,0,2.384185791015625e-06,0.58837890625
s_012119,tensor(0),DeeperForensics,0,2.384185791015625e-06,0.423583984375
s_012119,tensor(0),DeeperForensics,0,2.384185791015625e-06,0.60986328125
s_012119,tensor(0),DeeperForensics,0,2.4437904357910156e-06,0.322021484375
s_012119,tensor(0),DeeperForensics,0,2.3245811462402344e-06,0.41943359375
s_012119,tensor(0),DeeperForensics,0,2.3245811462402344e-06,0.42724609375
s_012119,tensor(0),DeeperForensics,0,2.3245811462402344e-06,0.3349609375
s_012119,tensor(0),DeeperForensics,0,2.384185791015625e-06,0.2362060546875
s_012119,tensor(0),DeeperForensics,0,2.3245811462402344e-06,0.2216796875
s_012119,tensor(0),DeeperForensics,0,2.384185791015625e-06,0.29931640625
s_012119,tensor(0),DeeperForensics,0,2.384185791015625e-06,0.372802734375
s_012119,tensor(0),DeeperForensics,0,2.384185791015625e-06,0.11737060546875
s_012119,tensor(0),DeeperForensics,0,2.384185791015625e-06,0.272705078125
s_022087,tensor(0),DeeperForensics,0,2.86102294921875e-06,0.61181640625
s_022087,tensor(0),DeeperForensics,0,2.9206275939941406e-06,0.62646484375
s_022109,tensor(0),DeeperForensics,0,2.0265579223632812e-06,0.28173828125
s_022109,tensor(0),DeeperForensics,0,2.086162567138672e-06,0.31494140625
s_022110,tensor(0),DeeperForensics,0,2.2649765014648438e-06,0.51611328125
s_022110,tensor(0),DeeperForensics,0,2.3245811462402344e-06,0.392333984375
s_022142,tensor(0),DeeperForensics,0,3.635883331298828e-06,0.81884765625
s_022142,tensor(0),DeeperForensics,0,3.516674041748047e-06,0.8271484375
s_022142,tensor(0),DeeperForensics,0,3.4570693969726562e-06,0.57958984375
s_022152,tensor(0),DeeperForensics,0,2.1457672119140625e-06,0.409423828125
s_022152,tensor(0),DeeperForensics,0,2.205371856689453e-06,0.52197265625
s_022152,tensor(0),DeeperForensics,0,2.086162567138672e-06,0.515625
s_022167,tensor(0),DeeperForensics,0,2.5033950805664062e-06,0.380615234375
s_022167,tensor(0),DeeperForensics,0,2.562999725341797e-06,0.70458984375
s_022185,tensor(0),DeeperForensics,0,2.5033950805664062e-06,0.88818359375
s_022185,tensor(0),DeeperForensics,0,2.384185791015625e-06,0.751953125
s_022195,tensor(0),DeeperForensics,0,2.384185791015625e-06,0.716796875
s_022195,tensor(0),DeeperForensics,0,2.682209014892578e-06,0.75
s_022195,tensor(0),DeeperForensics,0,2.3245811462402344e-06,0.7744140625
s_022198,tensor(0),DeeperForensics,0,2.562999725341797e-06,0.79736328125
s_022198,tensor(0),DeeperForensics,0,2.3245811462402344e-06,0.69482421875
s_022209,tensor(0),DeeperForensics,0,2.384185791015625e-06,0.6884765625
s_022209,tensor(0),DeeperForensics,0,2.4437904357910156e-06,0.74658203125
s_022209,tensor(0),DeeperForensics,0,2.3245811462402344e-06,0.61572265625
s_022232,tensor(0),DeeperForensics,0,2.384185791015625e-06,0.70849609375
s_022232,tensor(0),DeeperForensics,0,2.205371856689453e-06,0.76171875
s_022239,tensor(0),DeeperForensics,0,2.682209014892578e-06,0.8056640625
s_022239,tensor(0),DeeperForensics,0,2.5033950805664062e-06,0.8994140625
s_022240,tensor(0),DeeperForensics,0,3.2186508178710938e-06,0.84033203125
s_022240,tensor(0),DeeperForensics,0,2.5033950805664062e-06,0.82080078125
s_022262,tensor(0),DeeperForensics,0,2.3245811462402344e-06,0.712890625
s_022262,tensor(0),DeeperForensics,0,2.3245811462402344e-06,0.71484375
s_022272,tensor(0),DeeperForensics,0,2.2649765014648438e-06,0.63916015625
s_022272,tensor(0),DeeperForensics,0,2.3245811462402344e-06,0.775390625
s_022272,tensor(0),DeeperForensics,0,2.205371856689453e-06,0.5888671875
s_022281,tensor(0),DeeperForensics,0,2.562999725341797e-06,0.1849365234375
s_022281,tensor(0),DeeperForensics,0,2.5033950805664062e-06,0.17724609375
s_022281,tensor(0),DeeperForensics,0,2.4437904357910156e-06,0.2276611328125
s_022281,tensor(0),DeeperForensics,0,2.3245811462402344e-06,0.27001953125
s_022281,tensor(0),DeeperForensics,0,2.384185791015625e-06,0.1553955078125
s_022281,tensor(0),DeeperForensics,0,2.384185791015625e-06,0.12261962890625
s_022281,tensor(0),DeeperForensics,0,2.384185791015625e-06,0.1591796875
s_022281,tensor(0),DeeperForensics,0,4.947185516357422e-06,0.1363525390625
s_022281,tensor(0),DeeperForensics,0,2.2649765014648438e-06,0.280517578125
s_022281,tensor(0),DeeperForensics,0,2.3245811462402344e-06,0.279052734375
s_022281,tensor(0),DeeperForensics,0,2.205371856689453e-06,0.216552734375
s_022281,tensor(0),DeeperForensics,0,2.2649765014648438e-06,0.308837890625
s_022281,tensor(0),DeeperForensics,0,2.4437904357910156e-06,0.26318359375
s_022281,tensor(0),DeeperForensics,0,2.2649765014648438e-06,0.255615234375
s_022281,tensor(0),DeeperForensics,0,2.1457672119140625e-06,0.28759765625
s_022281,tensor(0),DeeperForensics,0,2.4437904357910156e-06,0.2509765625
s_022281,tensor(0),DeeperForensics,0,2.1457672119140625e-06,0.1536865234375
s_022281,tensor(0),DeeperForensics,0,2.086162567138672e-06,0.2425537109375
s_022281,tensor(0),DeeperForensics,0,2.0265579223632812e-06,0.202392578125
s_022281,tensor(0),DeeperForensics,0,2.205371856689453e-06,0.330322265625
s_022281,tensor(0),DeeperForensics,0,2.1457672119140625e-06,0.312744140625
s_022281,tensor(0),DeeperForensics,0,2.2649765014648438e-06,0.155517578125
s_022281,tensor(0),DeeperForensics,0,2.384185791015625e-06,0.259765625
s_022281,tensor(0),DeeperForensics,0,2.086162567138672e-06,0.2203369140625
s_022281,tensor(0),DeeperForensics,0,2.205371856689453e-06,0.49951171875
s_022281,tensor(0),DeeperForensics,0,2.7418136596679688e-06,0.487548828125
s_022281,tensor(0),DeeperForensics,0,2.086162567138672e-06,0.21533203125
s_022281,tensor(0),DeeperForensics,0,2.1457672119140625e-06,0.50732421875
s_022281,tensor(0),DeeperForensics,0,2.384185791015625e-06,0.407470703125
s_065671,tensor(2),FaceForensics++,1,1.0,0.6865234375
s_065671,tensor(0),FaceForensics++,1,1.0,0.99951171875
s_065671,tensor(2),FaceForensics++,1,1.0,0.7412109375
s_065671,tensor(0),FaceForensics++,1,1.0,0.99951171875
s_065671,tensor(2),FaceForensics++,1,1.0,0.53515625
s_065671,tensor(0),FaceForensics++,1,1.0,0.99853515625
s_065671,tensor(2),FaceForensics++,1,1.0,0.65087890625
s_065671,tensor(2),FaceForensics++,1,1.0,0.82958984375
s_065671,tensor(0),FaceForensics++,1,1.0,0.9990234375
s_065691,tensor(0),FaceForensics++,1,1.0,0.99658203125
s_065691,tensor(0),FaceForensics++,1,1.0,0.99755859375
s_065710,tensor(0),FaceForensics++,1,1.0,0.99609375
s_065765,tensor(0),FaceForensics++,1,1.0,0.99951171875
s_065765,tensor(0),FaceForensics++,1,1.0,0.99951171875
s_065765,tensor(0),FaceForensics++,1,1.0,0.99951171875
s_065781,tensor(0),FaceForensics++,1,1.0,0.99658203125
s_065781,tensor(0),FaceForensics++,1,1.0,0.9990234375
s_065781,tensor(0),FaceForensics++,1,1.0,0.99853515625
s_065781,tensor(0),FaceForensics++,1,1.0,0.99658203125
s_065785,tensor(2),FaceForensics++,1,1.0,0.17041015625
s_065785,tensor(2),FaceForensics++,1,1.0,0.310791015625
s_065785,tensor(2),FaceForensics++,1,1.0,0.1396484375
s_065796,tensor(0),FaceForensics++,1,1.0,0.9970703125
s_065796,tensor(0),FaceForensics++,1,1.0,0.994140625
s_065796,tensor(0),FaceForensics++,1,1.0,0.99755859375
s_065796,tensor(0),FaceForensics++,1,1.0,0.98779296875
s_065796,tensor(0),FaceForensics++,1,0.99951171875,0.99072265625
s_065798,tensor(0),FaceForensics++,1,1.0,0.9990234375
s_065798,tensor(0),FaceForensics++,1,1.0,0.99951171875
s_065798,tensor(0),FaceForensics++,1,1.0,0.99951171875
s_065825,tensor(0),FaceForensics++,1,1.0,1.0
s_065825,tensor(0),FaceForensics++,1,1.0,1.0
s_065825,tensor(0),FaceForensics++,1,1.0,0.99951171875
s_065825,tensor(0),FaceForensics++,1,1.0,0.99951171875
s_065825,tensor(0),FaceForensics++,1,1.0,0.99951171875
s_065825,tensor(0),FaceForensics++,1,1.0,1.0
s_065825,tensor(0),FaceForensics++,1,1.0,1.0
s_065825,tensor(0),FaceForensics++,1,1.0,1.0
s_065825,tensor(0),FaceForensics++,1,1.0,0.99951171875
s_065825,tensor(0),FaceForensics++,1,1.0,1.0
s_065825,tensor(0),FaceForensics++,1,1.0,0.99951171875
s_065825,tensor(0),FaceForensics++,1,1.0,0.99951171875
s_065825,tensor(0),FaceForensics++,1,1.0,1.0
s_065825,tensor(0),FaceForensics++,1,1.0,0.99951171875
s_065840,tensor(0),FaceForensics++,1,1.0,1.0
s_065840,tensor(0),FaceForensics++,1,1.0,0.99951171875
s_065840,tensor(0),FaceForensics++,1,1.0,0.99951171875
s_065840,tensor(0),FaceForensics++,1,1.0,0.99951171875
s_065840,tensor(0),FaceForensics++,1,1.0,0.99951171875
s_065842,tensor(2),FaceForensics++,1,1.0,0.0235595703125
s_065845,tensor(0),FaceForensics++,1,1.0,0.9990234375
s_065892,tensor(0),FaceForensics++,1,1.0,1.0
s_065892,tensor(0),FaceForensics++,1,1.0,0.99951171875
s_065892,tensor(0),FaceForensics++,1,1.0,0.99951171875
s_065906,tensor(0),FaceForensics++,1,1.0,0.99951171875
s_065906,tensor(0),FaceForensics++,1,1.0,0.998046875
s_065906,tensor(0),FaceForensics++,1,1.0,0.99951171875
s_065906,tensor(0),FaceForensics++,1,1.0,0.99951171875
s_065924,tensor(0),FaceForensics++,1,1.0,0.9990234375
s_065924,tensor(0),FaceForensics++,1,1.0,0.99951171875
s_065938,tensor(0),FaceForensics++,1,1.0,0.99560546875
s_065938,tensor(0),FaceForensics++,1,1.0,0.9951171875
s_065938,tensor(0),FaceForensics++,1,1.0,0.99609375
s_065938,tensor(0),FaceForensics++,1,1.0,0.9990234375
s_012119,tensor(0),DeeperForensics,0,2.4437904357910156e-06,0.471435546875
s_012119,tensor(0),DeeperForensics,0,2.384185791015625e-06,0.432861328125
s_012119,tensor(0),DeeperForensics,0,2.384185791015625e-06,0.611328125
s_012119,tensor(0),DeeperForensics,0,2.5033950805664062e-06,0.44677734375
s_012119,tensor(0),DeeperForensics,0,2.3245811462402344e-06,0.484619140625
s_012119,tensor(0),DeeperForensics,0,2.3245811462402344e-06,0.53564453125
s_012119,tensor(0),DeeperForensics,0,2.4437904357910156e-06,0.3779296875
s_012119,tensor(0),DeeperForensics,0,2.3245811462402344e-06,0.47412109375
s_012119,tensor(0),DeeperForensics,0,2.4437904357910156e-06,0.315185546875
s_012119,tensor(0),DeeperForensics,0,2.4437904357910156e-06,0.56884765625
s_012119,tensor(0),DeeperForensics,0,2.5033950805664062e-06,0.1851806640625
s_012119,tensor(0),DeeperForensics,0,2.3245811462402344e-06,0.327880859375
s_012119,tensor(0),DeeperForensics,0,2.384185791015625e-06,0.52783203125
s_012119,tensor(0),DeeperForensics,0,2.3245811462402344e-06,0.298095703125
s_012119,tensor(0),DeeperForensics,0,2.3245811462402344e-06,0.4150390625
s_012119,tensor(0),DeeperForensics,0,2.3245811462402344e-06,0.33740234375
s_012119,tensor(0),DeeperForensics,0,2.3245811462402344e-06,0.417236328125
s_012119,tensor(0),DeeperForensics,0,2.3245811462402344e-06,0.54296875
s_012119,tensor(0),DeeperForensics,0,2.4437904357910156e-06,0.146728515625
s_012119,tensor(0),DeeperForensics,0,2.4437904357910156e-06,0.28759765625
s_012119,tensor(0),DeeperForensics,0,2.4437904357910156e-06,0.2451171875
s_012119,tensor(0),DeeperForensics,0,2.6226043701171875e-06,0.1419677734375
s_012119,tensor(0),DeeperForensics,0,2.205371856689453e-06,0.350830078125
s_012130,tensor(0),DeeperForensics,0,2.384185791015625e-06,0.68310546875
s_012145,tensor(0),DeeperForensics,0,2.3245811462402344e-06,0.79443359375
s_012160,tensor(0),DeeperForensics,0,2.2649765014648438e-06,0.421875
s_012160,tensor(0),DeeperForensics,0,2.3245811462402344e-06,0.49609375
s_012162,tensor(0),DeeperForensics,0,2.3245811462402344e-06,0.2447509765625
s_012162,tensor(0),DeeperForensics,0,2.3245811462402344e-06,0.317138671875
s_012166,tensor(0),DeeperForensics,0,2.205371856689453e-06,0.4150390625
s_012174,tensor(0),DeeperForensics,0,2.4437904357910156e-06,0.564453125
s_012194,tensor(0),DeeperForensics,0,2.682209014892578e-06,0.280029296875
s_012196,tensor(0),DeeperForensics,0,2.5033950805664062e-06,0.363037109375
s_012198,tensor(0),DeeperForensics,0,3.159046173095703e-06,0.51513671875
s_012203,tensor(0),DeeperForensics,0,2.3245811462402344e-06,0.6875
s_012209,tensor(0),DeeperForensics,0,2.4437904357910156e-06,0.49755859375
s_012225,tensor(0),DeeperForensics,0,2.4437904357910156e-06,0.18115234375
s_012231,tensor(0),DeeperForensics,0,2.3245811462402344e-06,0.69140625
s_012247,tensor(0),DeeperForensics,0,2.682209014892578e-06,0.498046875
s_012254,tensor(0),DeeperForensics,0,2.562999725341797e-06,0.361328125
s_012257,tensor(0),DeeperForensics,0,2.2649765014648438e-06,0.447265625
s_012260,tensor(0),DeeperForensics,0,2.384185791015625e-06,0.259033203125
s_012261,tensor(0),DeeperForensics,0,2.562999725341797e-06,0.64208984375
s_012263,tensor(0),DeeperForensics,0,2.682209014892578e-06,0.491943359375
s_012271,tensor(0),DeeperForensics,0,2.2649765014648438e-06,0.41845703125
s_012273,tensor(0),DeeperForensics,0,2.3245811462402344e-06,0.326904296875
s_012277,tensor(0),DeeperForensics,0,2.205371856689453e-06,0.156005859375
s_012279,tensor(0),DeeperForensics,0,2.3245811462402344e-06,0.1895751953125
s_012285,tensor(0),DeeperForensics,0,2.562999725341797e-06,0.298095703125
s_012291,tensor(0),DeeperForensics,0,2.562999725341797e-06,0.393798828125
s_012299,tensor(0),DeeperForensics,0,2.3245811462402344e-06,0.347900390625
s_012300,tensor(0),DeeperForensics,0,2.384185791015625e-06,0.32763671875
s_012303,tensor(0),DeeperForensics,0,2.5033950805664062e-06,0.4111328125
s_012307,tensor(0),DeeperForensics,0,2.5033950805664062e-06,0.2274169921875
s_012308,tensor(0),DeeperForensics,0,2.4437904357910156e-06,0.43701171875
s_012331,tensor(0),DeeperForensics,0,2.3245811462402344e-06,0.404296875
s_012331,tensor(0),DeeperForensics,0,2.384185791015625e-06,0.475341796875
s_012332,tensor(0),DeeperForensics,0,2.5033950805664062e-06,0.3564453125
s_012332,tensor(0),DeeperForensics,0,2.5033950805664062e-06,0.45361328125
s_012369,tensor(0),DeeperForensics,0,2.4437904357910156e-06,0.3779296875
s_012370,tensor(0),DeeperForensics,0,3.5762786865234375e-06,0.806640625
s_012379,tensor(0),DeeperForensics,0,2.2649765014648438e-06,0.256591796875
s_012388,tensor(0),DeeperForensics,0,2.5033950805664062e-06,0.361328125
s_012388,tensor(0),DeeperForensics,0,2.562999725341797e-06,0.4443359375
s_022281,tensor(0),DeeperForensics,0,2.205371856689453e-06,0.1365966796875
s_022281,tensor(0),DeeperForensics,0,2.1457672119140625e-06,0.291259765625
s_022281,tensor(0),DeeperForensics,0,2.1457672119140625e-06,0.345703125
s_022281,tensor(0),DeeperForensics,0,2.1457672119140625e-06,0.474853515625
s_022281,tensor(0),DeeperForensics,0,2.1457672119140625e-06,0.230712890625
s_022281,tensor(0),DeeperForensics,0,2.5033950805664062e-06,0.2059326171875
s_022281,tensor(0),DeeperForensics,0,2.205371856689453e-06,0.274658203125
s_022281,tensor(0),DeeperForensics,0,2.205371856689453e-06,0.1207275390625
s_022281,tensor(0),DeeperForensics,0,2.1457672119140625e-06,0.2890625
s_022281,tensor(0),DeeperForensics,0,2.3245811462402344e-06,0.21044921875
s_022281,tensor(0),DeeperForensics,0,2.2649765014648438e-06,0.1490478515625
s_022281,tensor(0),DeeperForensics,0,2.2649765014648438e-06,0.293701171875
s_022281,tensor(0),DeeperForensics,0,2.2649765014648438e-06,0.1844482421875
s_022281,tensor(0),DeeperForensics,0,2.1457672119140625e-06,0.27587890625
s_022281,tensor(0),DeeperForensics,0,2.3245811462402344e-06,0.270263671875
s_022281,tensor(0),DeeperForensics,0,2.384185791015625e-06,0.193359375
s_022281,tensor(0),DeeperForensics,0,2.3245811462402344e-06,0.315673828125
s_022281,tensor(0),DeeperForensics,0,2.5033950805664062e-06,0.2470703125
s_022281,tensor(0),DeeperForensics,0,2.205371856689453e-06,0.141845703125
s_022281,tensor(0),DeeperForensics,0,2.2649765014648438e-06,0.1669921875
s_022281,tensor(0),DeeperForensics,0,2.2649765014648438e-06,0.345458984375
s_022281,tensor(0),DeeperForensics,0,2.3245811462402344e-06,0.1427001953125
s_022281,tensor(0),DeeperForensics,0,2.384185791015625e-06,0.302978515625
s_022281,tensor(0),DeeperForensics,0,2.2649765014648438e-06,0.20263671875
s_022281,tensor(0),DeeperForensics,0,2.2649765014648438e-06,0.1639404296875
s_022281,tensor(0),DeeperForensics,0,2.384185791015625e-06,0.318115234375
s_022281,tensor(0),DeeperForensics,0,2.4437904357910156e-06,0.316162109375
s_022281,tensor(0),DeeperForensics,0,2.1457672119140625e-06,0.1568603515625
s_022281,tensor(0),DeeperForensics,0,2.384185791015625e-06,0.364013671875
s_022281,tensor(0),DeeperForensics,0,2.5033950805664062e-06,0.406982421875
s_022281,tensor(0),DeeperForensics,0,2.3245811462402344e-06,0.12176513671875
s_022281,tensor(0),DeeperForensics,0,2.4437904357910156e-06,0.5087890625
s_022281,tensor(0),DeeperForensics,0,2.4437904357910156e-06,0.5849609375
s_022281,tensor(0),DeeperForensics,0,2.3245811462402344e-06,0.158447265625
s_022281,tensor(0),DeeperForensics,0,2.205371856689453e-06,0.1669921875
s_022281,tensor(0),DeeperForensics,0,2.3245811462402344e-06,0.20263671875
s_022281,tensor(0),DeeperForensics,0,2.4437904357910156e-06,0.5625
s_022281,tensor(0),DeeperForensics,0,2.384185791015625e-06,0.28759765625
s_022281,tensor(0),DeeperForensics,0,2.384185791015625e-06,0.1751708984375
s_022281,tensor(0),DeeperForensics,0,2.3245811462402344e-06,0.46875
s_022281,tensor(0),DeeperForensics,0,2.5033950805664062e-06,0.2049560546875
s_022281,tensor(0),DeeperForensics,0,2.384185791015625e-06,0.280517578125
s_022281,tensor(0),DeeperForensics,0,2.384185791015625e-06,0.284912109375
s_022281,tensor(0),DeeperForensics,0,2.1457672119140625e-06,0.1348876953125
s_022281,tensor(0),DeeperForensics,0,2.2649765014648438e-06,0.11737060546875
s_022281,tensor(0),DeeperForensics,0,2.3245811462402344e-06,0.232666015625
s_022281,tensor(0),DeeperForensics,0,2.562999725341797e-06,0.25634765625
s_022281,tensor(0),DeeperForensics,0,2.4437904357910156e-06,0.29248046875
s_022281,tensor(0),DeeperForensics,0,2.562999725341797e-06,0.203125
s_022281,tensor(0),DeeperForensics,0,2.9802322387695312e-06,0.1300048828125
s_022291,tensor(0),DeeperForensics,0,2.4437904357910156e-06,0.20263671875
s_022291,tensor(0),DeeperForensics,0,2.3245811462402344e-06,0.320556640625
s_022300,tensor(0),DeeperForensics,0,2.5033950805664062e-06,0.38134765625
s_022300,tensor(0),DeeperForensics,0,2.8014183044433594e-06,0.42724609375
s_022309,tensor(0),DeeperForensics,0,2.2649765014648438e-06,0.443359375
s_022309,tensor(0),DeeperForensics,0,2.384185791015625e-06,0.58740234375
s_022334,tensor(0),DeeperForensics,0,2.2649765014648438e-06,0.50634765625
s_022338,tensor(0),DeeperForensics,0,2.5033950805664062e-06,0.50537109375
s_022338,tensor(0),DeeperForensics,0,2.562999725341797e-06,0.66748046875
s_022363,tensor(0),DeeperForensics,0,2.9206275939941406e-06,0.11102294921875
s_022363,tensor(0),DeeperForensics,0,3.337860107421875e-06,0.08599853515625
s_022399,tensor(0),DeeperForensics,0,2.4437904357910156e-06,0.419921875
s_022400,tensor(0),DeeperForensics,0,2.6226043701171875e-06,0.2149658203125
s_022416,tensor(0),DeeperForensics,0,2.2649765014648438e-06,0.334716796875
s_065938,tensor(0),FaceForensics++,1,1.0,0.998046875
s_065938,tensor(0),FaceForensics++,1,1.0,0.9990234375
s_065940,tensor(0),FaceForensics++,1,1.0,0.9990234375
s_065940,tensor(0),FaceForensics++,1,1.0,0.99853515625
s_065940,tensor(0),FaceForensics++,1,1.0,0.998046875
s_065956,tensor(0),FaceForensics++,1,1.0,0.998046875
s_065956,tensor(0),FaceForensics++,1,1.0,0.99658203125
s_065956,tensor(0),FaceForensics++,1,1.0,0.99658203125
s_065956,tensor(0),FaceForensics++,1,1.0,0.99755859375
s_065956,tensor(0),FaceForensics++,1,0.998046875,0.998046875
s_065961,tensor(0),FaceForensics++,1,1.0,0.9990234375
s_065961,tensor(0),FaceForensics++,1,1.0,0.99951171875
s_065961,tensor(0),FaceForensics++,1,1.0,0.99951171875
s_065961,tensor(0),FaceForensics++,1,1.0,0.9990234375
s_065961,tensor(0),FaceForensics++,1,1.0,0.99951171875
s_065966,tensor(0),FaceForensics++,1,1.0,0.99951171875
s_065966,tensor(0),FaceForensics++,1,1.0,0.9990234375
s_065966,tensor(0),FaceForensics++,1,1.0,0.9990234375
s_065983,tensor(0),FaceForensics++,1,1.0,0.99951171875
s_065991,tensor(0),FaceForensics++,1,1.0,0.9951171875
s_065991,tensor(0),FaceForensics++,1,1.0,0.99658203125
s_065991,tensor(0),FaceForensics++,1,1.0,0.9951171875
s_065991,tensor(0),FaceForensics++,1,1.0,0.9970703125
s_065992,tensor(0),FaceForensics++,1,1.0,0.99853515625
s_065992,tensor(0),FaceForensics++,1,1.0,0.998046875
s_065992,tensor(0),FaceForensics++,1,1.0,0.99951171875
s_065992,tensor(0),FaceForensics++,1,1.0,0.99853515625
s_065992,tensor(0),FaceForensics++,1,1.0,0.99853515625
s_065992,tensor(0),FaceForensics++,1,1.0,0.99951171875
s_065992,tensor(0),FaceForensics++,1,1.0,0.9990234375
s_066025,tensor(1),FaceForensics++,1,1.0,0.9990234375
s_066025,tensor(1),FaceForensics++,1,1.0,0.99951171875
s_066025,tensor(1),FaceForensics++,1,1.0,0.9990234375
s_066025,tensor(1),FaceForensics++,1,1.0,0.99951171875
s_066091,tensor(0),FaceForensics++,1,1.0,0.9990234375
s_066091,tensor(0),FaceForensics++,1,1.0,0.9990234375
s_066091,tensor(0),FaceForensics++,1,1.0,0.9990234375
s_066091,tensor(0),FaceForensics++,1,1.0,0.9990234375
s_066146,tensor(0),FaceForensics++,1,1.0,0.9990234375
s_066146,tensor(0),FaceForensics++,1,1.0,0.99853515625
s_066146,tensor(0),FaceForensics++,1,1.0,0.998046875
s_066146,tensor(0),FaceForensics++,1,1.0,0.9990234375
s_066146,tensor(0),FaceForensics++,1,1.0,0.9990234375
s_066170,tensor(0),FaceForensics++,1,1.0,0.994140625
s_066170,tensor(0),FaceForensics++,1,1.0,0.99609375
s_066170,tensor(0),FaceForensics++,1,1.0,0.99609375
s_066200,tensor(0),FaceForensics++,1,1.0,0.998046875
s_066200,tensor(0),FaceForensics++,1,1.0,0.99853515625
s_066200,tensor(0),FaceForensics++,1,1.0,0.998046875
s_066205,tensor(0),FaceForensics++,1,1.0,0.99755859375
s_066205,tensor(0),FaceForensics++,1,1.0,0.9921875
s_066205,tensor(0),FaceForensics++,1,1.0,0.994140625
s_066205,tensor(0),FaceForensics++,1,0.149169921875,0.9970703125
s_066205,tensor(0),FaceForensics++,1,1.0,0.99658203125
s_066205,tensor(0),FaceForensics++,1,1.0,0.9951171875
s_066205,tensor(0),FaceForensics++,1,0.998046875,0.99658203125
s_066205,tensor(0),FaceForensics++,1,0.00731658935546875,0.9970703125
s_066205,tensor(0),FaceForensics++,1,0.049591064453125,0.99755859375
s_066205,tensor(0),FaceForensics++,1,1.0,0.99365234375
s_066206,tensor(1),FaceForensics++,1,1.0,0.91552734375
s_066206,tensor(2),FaceForensics++,1,1.0,0.9423828125
s_066206,tensor(1),FaceForensics++,1,1.0,0.94775390625
s_066206,tensor(2),FaceForensics++,1,1.0,0.93798828125
s_066206,tensor(1),FaceForensics++,1,0.998046875,0.85791015625
s_012392,tensor(0),DeeperForensics,0,2.562999725341797e-06,0.25146484375
s_012413,tensor(0),DeeperForensics,0,2.562999725341797e-06,0.51513671875
s_012420,tensor(0),DeeperForensics,0,2.682209014892578e-06,0.60205078125
s_012425,tensor(0),DeeperForensics,0,2.4437904357910156e-06,0.498046875
s_012437,tensor(0),DeeperForensics,0,2.6226043701171875e-06,0.537109375
s_012438,tensor(0),DeeperForensics,0,2.3245811462402344e-06,0.305419921875
s_012450,tensor(0),DeeperForensics,0,2.3245811462402344e-06,0.19091796875
s_012468,tensor(0),DeeperForensics,0,3.3974647521972656e-06,0.59033203125
s_012484,tensor(0),DeeperForensics,0,2.1457672119140625e-06,0.37060546875
s_012490,tensor(0),DeeperForensics,0,2.5033950805664062e-06,0.638671875
s_012491,tensor(0),DeeperForensics,0,2.2649765014648438e-06,0.24560546875
s_012511,tensor(0),DeeperForensics,0,2.5033950805664062e-06,0.794921875
s_012511,tensor(0),DeeperForensics,0,2.5033950805664062e-06,0.650390625
s_012513,tensor(0),DeeperForensics,0,2.2649765014648438e-06,0.54345703125
s_012513,tensor(0),DeeperForensics,0,2.2649765014648438e-06,0.54248046875
s_012529,tensor(0),DeeperForensics,0,2.3245811462402344e-06,0.437744140625
s_012536,tensor(0),DeeperForensics,0,2.3245811462402344e-06,0.69775390625
s_012537,tensor(0),DeeperForensics,0,2.2649765014648438e-06,0.5556640625
s_012538,tensor(0),DeeperForensics,0,2.5033950805664062e-06,0.39111328125
s_012540,tensor(0),DeeperForensics,0,2.3245811462402344e-06,0.4453125
s_012543,tensor(0),DeeperForensics,0,2.562999725341797e-06,0.7109375
s_012549,tensor(0),DeeperForensics,0,2.384185791015625e-06,0.482177734375
s_012576,tensor(0),DeeperForensics,0,3.0994415283203125e-06,0.4267578125
s_012583,tensor(0),DeeperForensics,0,2.384185791015625e-06,0.499267578125
s_012585,tensor(0),DeeperForensics,0,2.4437904357910156e-06,0.6962890625
s_012611,tensor(0),DeeperForensics,0,2.4437904357910156e-06,0.397705078125
s_012615,tensor(0),DeeperForensics,0,2.4437904357910156e-06,0.1458740234375
s_012616,tensor(0),DeeperForensics,0,2.384185791015625e-06,0.1910400390625
s_012618,tensor(0),DeeperForensics,0,2.5033950805664062e-06,0.23681640625
s_012629,tensor(0),DeeperForensics,0,2.3245811462402344e-06,0.3447265625
s_012629,tensor(0),DeeperForensics,0,2.384185791015625e-06,0.1922607421875
s_012629,tensor(0),DeeperForensics,0,2.4437904357910156e-06,0.090087890625
s_012629,tensor(0),DeeperForensics,0,2.2649765014648438e-06,0.158935546875
s_012629,tensor(0),DeeperForensics,0,2.562999725341797e-06,0.49658203125
s_012629,tensor(0),DeeperForensics,0,2.4437904357910156e-06,0.6015625
s_012629,tensor(0),DeeperForensics,0,2.3245811462402344e-06,0.38916015625
s_012629,tensor(0),DeeperForensics,0,2.4437904357910156e-06,0.3330078125
s_012629,tensor(0),DeeperForensics,0,2.4437904357910156e-06,0.23388671875
s_012629,tensor(0),DeeperForensics,0,2.384185791015625e-06,0.349365234375
s_012629,tensor(0),DeeperForensics,0,2.3245811462402344e-06,0.50341796875
s_012629,tensor(0),DeeperForensics,0,2.5033950805664062e-06,0.224365234375
s_012629,tensor(0),DeeperForensics,0,2.384185791015625e-06,0.666015625
s_012629,tensor(0),DeeperForensics,0,2.6226043701171875e-06,0.17333984375
s_012629,tensor(0),DeeperForensics,0,2.4437904357910156e-06,0.27587890625
s_012629,tensor(0),DeeperForensics,0,2.4437904357910156e-06,0.345947265625
s_012629,tensor(0),DeeperForensics,0,2.4437904357910156e-06,0.326171875
s_012629,tensor(0),DeeperForensics,0,2.562999725341797e-06,0.22265625
s_012629,tensor(0),DeeperForensics,0,2.4437904357910156e-06,0.391845703125
s_012629,tensor(0),DeeperForensics,0,2.3245811462402344e-06,0.27734375
s_012629,tensor(0),DeeperForensics,0,2.562999725341797e-06,0.301025390625
s_012629,tensor(0),DeeperForensics,0,2.5033950805664062e-06,0.246337890625
s_012629,tensor(0),DeeperForensics,0,2.5033950805664062e-06,0.334716796875
s_012629,tensor(0),DeeperForensics,0,2.562999725341797e-06,0.2384033203125
s_012629,tensor(0),DeeperForensics,0,2.3245811462402344e-06,0.2685546875
s_012629,tensor(0),DeeperForensics,0,2.5033950805664062e-06,0.3974609375
s_012629,tensor(0),DeeperForensics,0,2.5033950805664062e-06,0.290771484375
s_012629,tensor(0),DeeperForensics,0,2.5033950805664062e-06,0.375732421875
s_012629,tensor(0),DeeperForensics,0,2.384185791015625e-06,0.3330078125
s_012629,tensor(0),DeeperForensics,0,2.5033950805664062e-06,0.496337890625
s_012629,tensor(0),DeeperForensics,0,2.3245811462402344e-06,0.4375
s_012629,tensor(0),DeeperForensics,0,2.4437904357910156e-06,0.42626953125
s_012629,tensor(0),DeeperForensics,0,2.5033950805664062e-06,0.32275390625
s_012629,tensor(0),DeeperForensics,0,2.384185791015625e-06,0.409912109375
s_012629,tensor(0),DeeperForensics,0,2.4437904357910156e-06,0.421630859375
s_022416,tensor(0),DeeperForensics,0,2.205371856689453e-06,0.39111328125
s_022484,tensor(0),DeeperForensics,0,3.2782554626464844e-06,0.703125
s_022499,tensor(0),DeeperForensics,0,2.384185791015625e-06,0.12432861328125
s_022499,tensor(0),DeeperForensics,0,2.205371856689453e-06,0.07684326171875
s_022507,tensor(0),DeeperForensics,0,2.1457672119140625e-06,0.5517578125
s_022507,tensor(0),DeeperForensics,0,2.086162567138672e-06,0.472900390625
s_022509,tensor(0),DeeperForensics,0,3.2782554626464844e-06,0.7958984375
s_022509,tensor(0),DeeperForensics,0,2.86102294921875e-06,0.7939453125
s_022514,tensor(0),DeeperForensics,0,2.6226043701171875e-06,0.270751953125
s_022514,tensor(0),DeeperForensics,0,3.039836883544922e-06,0.39306640625
s_022516,tensor(0),DeeperForensics,0,2.4437904357910156e-06,0.309814453125
s_022516,tensor(0),DeeperForensics,0,2.562999725341797e-06,0.270263671875
s_022518,tensor(0),DeeperForensics,0,2.6226043701171875e-06,0.32373046875
s_022518,tensor(0),DeeperForensics,0,3.159046173095703e-06,0.54736328125
s_022525,tensor(0),DeeperForensics,0,2.682209014892578e-06,0.490234375
s_022525,tensor(0),DeeperForensics,0,2.6226043701171875e-06,0.60498046875
s_022542,tensor(0),DeeperForensics,0,2.86102294921875e-06,0.222412109375
s_022542,tensor(0),DeeperForensics,0,3.0994415283203125e-06,0.1923828125
s_022554,tensor(0),DeeperForensics,0,2.384185791015625e-06,0.1263427734375
s_022554,tensor(0),DeeperForensics,0,2.562999725341797e-06,0.062225341796875
s_022571,tensor(0),DeeperForensics,0,2.2649765014648438e-06,0.070556640625
s_022571,tensor(0),DeeperForensics,0,2.2649765014648438e-06,0.10015869140625
s_022571,tensor(0),DeeperForensics,0,2.2649765014648438e-06,0.100341796875
s_022577,tensor(0),DeeperForensics,0,3.2186508178710938e-06,0.463623046875
s_022602,tensor(0),DeeperForensics,0,2.3245811462402344e-06,0.25146484375
s_022602,tensor(0),DeeperForensics,0,2.2649765014648438e-06,0.364990234375
s_022604,tensor(0),DeeperForensics,0,2.562999725341797e-06,0.346923828125
s_022604,tensor(0),DeeperForensics,0,2.682209014892578e-06,0.33251953125
s_022615,tensor(0),DeeperForensics,0,2.9206275939941406e-06,0.0885009765625
s_022615,tensor(0),DeeperForensics,0,2.562999725341797e-06,0.132080078125
s_022618,tensor(0),DeeperForensics,0,2.86102294921875e-06,0.389404296875
s_022629,tensor(0),DeeperForensics,0,2.9802322387695312e-06,0.10650634765625
s_022633,tensor(0),DeeperForensics,0,2.86102294921875e-06,0.3115234375
s_022633,tensor(0),DeeperForensics,0,3.0994415283203125e-06,0.62890625
s_022649,tensor(0),DeeperForensics,0,2.3245811462402344e-06,0.1744384765625
s_022649,tensor(0),DeeperForensics,0,2.1457672119140625e-06,0.284912109375
s_022654,tensor(0),DeeperForensics,0,3.2782554626464844e-06,0.52294921875
s_022654,tensor(0),DeeperForensics,0,2.7418136596679688e-06,0.55419921875
s_022657,tensor(0),DeeperForensics,0,3.516674041748047e-06,0.1903076171875
s_022657,tensor(0),DeeperForensics,0,2.682209014892578e-06,0.336181640625
s_022669,tensor(0),DeeperForensics,0,2.1457672119140625e-06,0.091552734375
s_022669,tensor(0),DeeperForensics,0,2.2649765014648438e-06,0.09637451171875
s_022679,tensor(0),DeeperForensics,0,2.3245811462402344e-06,0.56103515625
s_022679,tensor(0),DeeperForensics,0,2.3245811462402344e-06,0.45263671875
s_022696,tensor(0),DeeperForensics,0,2.2649765014648438e-06,0.353271484375
s_022696,tensor(0),DeeperForensics,0,2.5033950805664062e-06,0.391357421875
s_022696,tensor(0),DeeperForensics,0,2.3245811462402344e-06,0.375732421875
s_022698,tensor(0),DeeperForensics,0,2.5033950805664062e-06,0.270751953125
s_022698,tensor(0),DeeperForensics,0,2.384185791015625e-06,0.25830078125
s_022698,tensor(0),DeeperForensics,0,2.0265579223632812e-06,0.239013671875
s_022701,tensor(0),DeeperForensics,0,2.3245811462402344e-06,0.2467041015625
s_022701,tensor(0),DeeperForensics,0,2.3245811462402344e-06,0.289794921875
s_022706,tensor(0),DeeperForensics,0,2.562999725341797e-06,0.1990966796875
s_022713,tensor(0),DeeperForensics,0,2.562999725341797e-06,0.309814453125
s_022713,tensor(0),DeeperForensics,0,2.4437904357910156e-06,0.432861328125
s_022713,tensor(0),DeeperForensics,0,2.8014183044433594e-06,0.365478515625
s_022713,tensor(0),DeeperForensics,0,2.7418136596679688e-06,0.54541015625
s_022718,tensor(0),DeeperForensics,0,2.5033950805664062e-06,0.227294921875
s_022718,tensor(0),DeeperForensics,0,2.384185791015625e-06,0.375244140625
s_022718,tensor(0),DeeperForensics,0,2.384185791015625e-06,0.1591796875
s_022765,tensor(0),DeeperForensics,0,2.205371856689453e-06,0.4697265625
s_022782,tensor(0),DeeperForensics,0,2.562999725341797e-06,0.16845703125
s_022782,tensor(0),DeeperForensics,0,2.562999725341797e-06,0.3486328125
s_022786,tensor(0),DeeperForensics,0,2.086162567138672e-06,0.428955078125
s_066206,tensor(2),FaceForensics++,1,1.0,0.79931640625
s_066206,tensor(1),FaceForensics++,1,1.0,0.955078125
s_066206,tensor(2),FaceForensics++,1,1.0,0.9794921875
s_066206,tensor(1),FaceForensics++,1,1.0,0.94580078125
s_066206,tensor(2),FaceForensics++,1,1.0,0.986328125
s_066230,tensor(0),FaceForensics++,1,1.0,0.96240234375
s_066230,tensor(0),FaceForensics++,1,1.0,0.984375
s_066230,tensor(0),FaceForensics++,1,1.0,0.978515625
s_066230,tensor(0),FaceForensics++,1,1.0,0.96630859375
s_066263,tensor(0),FaceForensics++,1,1.0,0.9990234375
s_066263,tensor(0),FaceForensics++,1,1.0,0.9990234375
s_066263,tensor(0),FaceForensics++,1,1.0,0.9990234375
s_066263,tensor(0),FaceForensics++,1,1.0,0.99951171875
s_066263,tensor(1),FaceForensics++,1,1.0,0.1763916015625
s_066263,tensor(11),FaceForensics++,1,1.0,0.97607421875
s_066263,tensor(0),FaceForensics++,1,1.0,0.99951171875
s_066263,tensor(11),FaceForensics++,1,1.0,0.951171875
s_066263,tensor(0),FaceForensics++,1,1.0,0.99951171875
s_066263,tensor(11),FaceForensics++,1,1.0,0.96435546875
s_066263,tensor(0),FaceForensics++,1,1.0,0.9990234375
s_066263,tensor(0),FaceForensics++,1,1.0,0.99853515625
s_066307,tensor(0),FaceForensics++,1,1.0,0.9970703125
s_066307,tensor(0),FaceForensics++,1,1.0,0.99755859375
s_066307,tensor(0),FaceForensics++,1,1.0,0.9990234375
s_066307,tensor(0),FaceForensics++,1,1.0,0.99072265625
s_066366,tensor(0),FaceForensics++,1,1.0,0.8486328125
s_066366,tensor(1),FaceForensics++,1,1.0,0.9951171875
s_066366,tensor(0),FaceForensics++,1,1.0,0.92138671875
s_066366,tensor(1),FaceForensics++,1,1.0,0.98876953125
s_066366,tensor(0),FaceForensics++,1,1.0,0.9453125
s_066366,tensor(1),FaceForensics++,1,1.0,0.984375
s_066366,tensor(2),FaceForensics++,1,1.0,0.91064453125
s_066366,tensor(0),FaceForensics++,1,0.99267578125,0.35107421875
s_066366,tensor(1),FaceForensics++,1,1.0,0.99462890625
s_066366,tensor(3),FaceForensics++,1,1.0,0.0982666015625
s_066366,tensor(2),FaceForensics++,1,1.0,0.9619140625
s_066366,tensor(0),FaceForensics++,1,1.0,0.88525390625
s_066366,tensor(1),FaceForensics++,1,1.0,0.99658203125
s_066366,tensor(3),FaceForensics++,1,1.0,0.18994140625
s_066366,tensor(2),FaceForensics++,1,1.0,0.94091796875
s_066366,tensor(0),FaceForensics++,1,1.0,0.8857421875
s_066366,tensor(1),FaceForensics++,1,1.0,0.9951171875
s_066366,tensor(0),FaceForensics++,1,1.0,0.97607421875
s_066366,tensor(1),FaceForensics++,1,1.0,0.994140625
s_066366,tensor(4),FaceForensics++,1,1.0,0.9775390625
s_066366,tensor(0),FaceForensics++,1,1.0,0.89892578125
s_066366,tensor(1),FaceForensics++,1,1.0,0.99609375
s_066366,tensor(4),FaceForensics++,1,1.0,0.888671875
s_066366,tensor(0),FaceForensics++,1,1.0,0.6591796875
s_066366,tensor(1),FaceForensics++,1,1.0,0.99658203125
s_066366,tensor(4),FaceForensics++,1,1.0,0.84619140625
s_066366,tensor(0),FaceForensics++,1,1.0,0.9033203125
s_066366,tensor(1),FaceForensics++,1,1.0,0.99755859375
s_066385,tensor(0),FaceForensics++,1,1.0,0.99853515625
s_066385,tensor(0),FaceForensics++,1,1.0,0.998046875
s_066385,tensor(0),FaceForensics++,1,1.0,0.99853515625
s_066430,tensor(0),FaceForensics++,1,1.0,0.9794921875
s_066430,tensor(0),FaceForensics++,1,1.0,0.96435546875
s_066430,tensor(0),FaceForensics++,1,1.0,0.9873046875
s_066430,tensor(0),FaceForensics++,1,1.0,0.98876953125
s_066430,tensor(0),FaceForensics++,1,1.0,0.9541015625
s_066430,tensor(0),FaceForensics++,1,1.0,0.90380859375
s_066434,tensor(0),FaceForensics++,1,1.0,0.99853515625
s_066434,tensor(0),FaceForensics++,1,1.0,0.99853515625
s_012629,tensor(0),DeeperForensics,0,2.562999725341797e-06,0.25634765625
s_012629,tensor(0),DeeperForensics,0,2.3245811462402344e-06,0.4814453125
s_012629,tensor(0),DeeperForensics,0,2.4437904357910156e-06,0.4052734375
s_012629,tensor(0),DeeperForensics,0,2.384185791015625e-06,0.3115234375
s_012629,tensor(0),DeeperForensics,0,2.384185791015625e-06,0.343505859375
s_012629,tensor(0),DeeperForensics,0,2.562999725341797e-06,0.378662109375
s_012629,tensor(0),DeeperForensics,0,2.7418136596679688e-06,0.2073974609375
s_012633,tensor(0),DeeperForensics,0,2.3245811462402344e-06,0.35546875
s_012633,tensor(0),DeeperForensics,0,2.4437904357910156e-06,0.1898193359375
s_012633,tensor(0),DeeperForensics,0,2.6226043701171875e-06,0.1258544921875
s_012633,tensor(0),DeeperForensics,0,2.2649765014648438e-06,0.1007080078125
s_012633,tensor(0),DeeperForensics,0,2.3245811462402344e-06,0.3203125
s_012633,tensor(0),DeeperForensics,0,2.384185791015625e-06,0.369384765625
s_012633,tensor(0),DeeperForensics,0,2.3245811462402344e-06,0.194091796875
s_012633,tensor(0),DeeperForensics,0,2.4437904357910156e-06,0.273681640625
s_012633,tensor(0),DeeperForensics,0,2.4437904357910156e-06,0.12274169921875
s_012633,tensor(0),DeeperForensics,0,2.4437904357910156e-06,0.2139892578125
s_012633,tensor(0),DeeperForensics,0,2.3245811462402344e-06,0.319580078125
s_012633,tensor(0),DeeperForensics,0,2.5033950805664062e-06,0.252685546875
s_012633,tensor(0),DeeperForensics,0,2.3245811462402344e-06,0.429443359375
s_012633,tensor(0),DeeperForensics,0,2.384185791015625e-06,0.1634521484375
s_012633,tensor(0),DeeperForensics,0,2.4437904357910156e-06,0.181884765625
s_012633,tensor(0),DeeperForensics,0,2.384185791015625e-06,0.271728515625
s_012633,tensor(0),DeeperForensics,0,2.3245811462402344e-06,0.1524658203125
s_012633,tensor(0),DeeperForensics,0,2.5033950805664062e-06,0.1666259765625
s_012633,tensor(0),DeeperForensics,0,2.384185791015625e-06,0.353759765625
s_012633,tensor(0),DeeperForensics,0,2.3245811462402344e-06,0.286376953125
s_012633,tensor(0),DeeperForensics,0,2.5033950805664062e-06,0.1533203125
s_012633,tensor(0),DeeperForensics,0,2.6226043701171875e-06,0.2705078125
s_012633,tensor(0),DeeperForensics,0,2.5033950805664062e-06,0.1859130859375
s_012633,tensor(0),DeeperForensics,0,2.4437904357910156e-06,0.22119140625
s_012633,tensor(0),DeeperForensics,0,2.682209014892578e-06,0.21044921875
s_012633,tensor(0),DeeperForensics,0,2.4437904357910156e-06,0.191650390625
s_012633,tensor(0),DeeperForensics,0,2.4437904357910156e-06,0.198974609375
s_012633,tensor(0),DeeperForensics,0,2.5033950805664062e-06,0.17138671875
s_012633,tensor(0),DeeperForensics,0,2.384185791015625e-06,0.16748046875
s_012633,tensor(0),DeeperForensics,0,2.6226043701171875e-06,0.1427001953125
s_012633,tensor(0),DeeperForensics,0,2.562999725341797e-06,0.1597900390625
s_012633,tensor(0),DeeperForensics,0,2.2649765014648438e-06,0.1497802734375
s_012633,tensor(0),DeeperForensics,0,2.5033950805664062e-06,0.2398681640625
s_012633,tensor(0),DeeperForensics,0,2.384185791015625e-06,0.1947021484375
s_012633,tensor(0),DeeperForensics,0,2.384185791015625e-06,0.3017578125
s_012633,tensor(0),DeeperForensics,0,2.562999725341797e-06,0.1995849609375
s_012633,tensor(0),DeeperForensics,0,2.5033950805664062e-06,0.23095703125
s_012633,tensor(0),DeeperForensics,0,2.5033950805664062e-06,0.16845703125
s_012633,tensor(0),DeeperForensics,0,2.8014183044433594e-06,0.236328125
s_012633,tensor(0),DeeperForensics,0,2.3245811462402344e-06,0.2210693359375
s_012633,tensor(0),DeeperForensics,0,2.4437904357910156e-06,0.2646484375
s_012633,tensor(0),DeeperForensics,0,2.6226043701171875e-06,0.18798828125
s_012633,tensor(0),DeeperForensics,0,2.682209014892578e-06,0.1507568359375
s_012633,tensor(0),DeeperForensics,0,2.384185791015625e-06,0.1798095703125
s_012633,tensor(0),DeeperForensics,0,2.5033950805664062e-06,0.26318359375
s_012633,tensor(0),DeeperForensics,0,2.6226043701171875e-06,0.1580810546875
s_012642,tensor(0),DeeperForensics,0,2.2649765014648438e-06,0.482421875
s_012642,tensor(0),DeeperForensics,0,2.3245811462402344e-06,0.5498046875
s_012646,tensor(0),DeeperForensics,0,2.384185791015625e-06,0.40625
s_012646,tensor(0),DeeperForensics,0,2.5033950805664062e-06,0.400146484375
s_012663,tensor(0),DeeperForensics,0,2.3245811462402344e-06,0.457275390625
s_012693,tensor(0),DeeperForensics,0,2.3245811462402344e-06,0.401123046875
s_012693,tensor(0),DeeperForensics,0,2.3245811462402344e-06,0.353271484375
s_012699,tensor(0),DeeperForensics,0,2.3245811462402344e-06,0.242919921875
s_012708,tensor(0),DeeperForensics,0,2.4437904357910156e-06,0.03265380859375
s_012708,tensor(0),DeeperForensics,0,2.5033950805664062e-06,0.049957275390625
s_012716,tensor(0),DeeperForensics,0,2.86102294921875e-06,0.322998046875
s_022786,tensor(0),DeeperForensics,0,2.3245811462402344e-06,0.36474609375
s_022794,tensor(0),DeeperForensics,0,2.3245811462402344e-06,0.701171875
s_022794,tensor(0),DeeperForensics,0,2.5033950805664062e-06,0.464111328125
s_022794,tensor(0),DeeperForensics,0,2.4437904357910156e-06,0.45458984375
s_022794,tensor(0),DeeperForensics,0,2.5033950805664062e-06,0.5791015625
s_022794,tensor(0),DeeperForensics,0,2.562999725341797e-06,0.489990234375
s_022794,tensor(0),DeeperForensics,0,2.384185791015625e-06,0.75439453125
s_022794,tensor(0),DeeperForensics,0,2.6226043701171875e-06,0.74267578125
s_022794,tensor(0),DeeperForensics,0,2.5033950805664062e-06,0.76318359375
s_022794,tensor(0),DeeperForensics,0,2.4437904357910156e-06,0.826171875
s_022794,tensor(0),DeeperForensics,0,2.6226043701171875e-06,0.7978515625
s_022794,tensor(0),DeeperForensics,0,2.5033950805664062e-06,0.81494140625
s_022794,tensor(0),DeeperForensics,0,2.6226043701171875e-06,0.4970703125
s_022794,tensor(0),DeeperForensics,0,2.4437904357910156e-06,0.5048828125
s_022794,tensor(0),DeeperForensics,0,2.3245811462402344e-06,0.73388671875
s_022794,tensor(0),DeeperForensics,0,2.7418136596679688e-06,0.55419921875
s_022794,tensor(0),DeeperForensics,0,2.384185791015625e-06,0.73681640625
s_022794,tensor(0),DeeperForensics,0,2.205371856689453e-06,0.61474609375
s_022794,tensor(0),DeeperForensics,0,2.4437904357910156e-06,0.56494140625
s_022794,tensor(0),DeeperForensics,0,2.6226043701171875e-06,0.57373046875
s_022794,tensor(0),DeeperForensics,0,2.562999725341797e-06,0.4833984375
s_022794,tensor(0),DeeperForensics,0,2.4437904357910156e-06,0.5791015625
s_022794,tensor(0),DeeperForensics,0,2.4437904357910156e-06,0.459716796875
s_022794,tensor(0),DeeperForensics,0,2.4437904357910156e-06,0.5966796875
s_022794,tensor(0),DeeperForensics,0,2.4437904357910156e-06,0.703125
s_022794,tensor(0),DeeperForensics,0,2.5033950805664062e-06,0.74169921875
s_022794,tensor(0),DeeperForensics,0,2.562999725341797e-06,0.5771484375
s_022794,tensor(0),DeeperForensics,0,2.4437904357910156e-06,0.31787109375
s_022794,tensor(0),DeeperForensics,0,2.384185791015625e-06,0.68603515625
s_022794,tensor(0),DeeperForensics,0,2.205371856689453e-06,0.68896484375
s_022794,tensor(0),DeeperForensics,0,2.5033950805664062e-06,0.65087890625
s_022794,tensor(0),DeeperForensics,0,2.1457672119140625e-06,0.60302734375
s_022794,tensor(0),DeeperForensics,0,2.384185791015625e-06,0.6533203125
s_022794,tensor(0),DeeperForensics,0,2.4437904357910156e-06,0.7490234375
s_022794,tensor(0),DeeperForensics,0,2.562999725341797e-06,0.5947265625
s_022794,tensor(0),DeeperForensics,0,2.562999725341797e-06,0.607421875
s_022794,tensor(0),DeeperForensics,0,2.2649765014648438e-06,0.488525390625
s_022794,tensor(0),DeeperForensics,0,2.4437904357910156e-06,0.69482421875
s_022794,tensor(0),DeeperForensics,0,2.3245811462402344e-06,0.546875
s_022794,tensor(0),DeeperForensics,0,2.3245811462402344e-06,0.5693359375
s_022794,tensor(0),DeeperForensics,0,2.4437904357910156e-06,0.69873046875
s_022794,tensor(0),DeeperForensics,0,2.4437904357910156e-06,0.70458984375
s_022794,tensor(0),DeeperForensics,0,2.3245811462402344e-06,0.64990234375
s_022794,tensor(0),DeeperForensics,0,2.2649765014648438e-06,0.642578125
s_022794,tensor(0),DeeperForensics,0,2.4437904357910156e-06,0.484375
s_022794,tensor(0),DeeperForensics,0,2.5033950805664062e-06,0.484619140625
s_022794,tensor(0),DeeperForensics,0,2.205371856689453e-06,0.7724609375
s_022794,tensor(0),DeeperForensics,0,2.7418136596679688e-06,0.6708984375
s_022794,tensor(0),DeeperForensics,0,2.4437904357910156e-06,0.5693359375
s_022794,tensor(0),DeeperForensics,0,2.384185791015625e-06,0.7890625
s_022794,tensor(0),DeeperForensics,0,2.205371856689453e-06,0.71728515625
s_022794,tensor(0),DeeperForensics,0,2.3245811462402344e-06,0.6435546875
s_022794,tensor(0),DeeperForensics,0,2.384185791015625e-06,0.4677734375
s_022794,tensor(0),DeeperForensics,0,2.3245811462402344e-06,0.74365234375
s_022794,tensor(0),DeeperForensics,0,2.1457672119140625e-06,0.6806640625
s_022794,tensor(0),DeeperForensics,0,2.86102294921875e-06,0.445068359375
s_022794,tensor(0),DeeperForensics,0,2.4437904357910156e-06,0.5712890625
s_022794,tensor(0),DeeperForensics,0,2.562999725341797e-06,0.439208984375
s_022794,tensor(0),DeeperForensics,0,2.2649765014648438e-06,0.7197265625
s_022794,tensor(0),DeeperForensics,0,2.205371856689453e-06,0.59033203125
s_022794,tensor(0),DeeperForensics,0,2.2649765014648438e-06,0.57177734375
s_022794,tensor(0),DeeperForensics,0,2.8014183044433594e-06,0.5498046875
s_022807,tensor(0),DeeperForensics,0,2.682209014892578e-06,0.76416015625
s_022807,tensor(0),DeeperForensics,0,2.7418136596679688e-06,0.7763671875
s_066444,tensor(0),FaceForensics++,1,1.0,0.96630859375
s_066444,tensor(0),FaceForensics++,1,1.0,0.9931640625
s_066444,tensor(0),FaceForensics++,1,1.0,0.96728515625
s_066444,tensor(0),FaceForensics++,1,1.0,0.9814453125
s_066444,tensor(0),FaceForensics++,1,1.0,0.97705078125
s_066477,tensor(0),FaceForensics++,1,1.0,0.9970703125
s_066477,tensor(0),FaceForensics++,1,1.0,0.99755859375
s_066477,tensor(0),FaceForensics++,1,1.0,0.99755859375
s_066477,tensor(0),FaceForensics++,1,1.0,0.99755859375
s_066479,tensor(0),FaceForensics++,1,1.0,0.9990234375
s_066479,tensor(0),FaceForensics++,1,1.0,0.99951171875
s_066479,tensor(0),FaceForensics++,1,1.0,0.9990234375
s_066479,tensor(0),FaceForensics++,1,1.0,0.9990234375
s_066479,tensor(0),FaceForensics++,1,1.0,0.9990234375
s_066479,tensor(0),FaceForensics++,1,1.0,0.99951171875
s_066479,tensor(0),FaceForensics++,1,1.0,0.9990234375
s_066479,tensor(0),FaceForensics++,1,1.0,0.99755859375
s_066479,tensor(0),FaceForensics++,1,1.0,0.99853515625
s_066479,tensor(0),FaceForensics++,1,1.0,0.99853515625
s_066479,tensor(0),FaceForensics++,1,1.0,0.99951171875
s_066479,tensor(0),FaceForensics++,1,1.0,0.99853515625
s_066479,tensor(0),FaceForensics++,1,1.0,0.99853515625
s_066479,tensor(0),FaceForensics++,1,1.0,0.9990234375
s_066479,tensor(0),FaceForensics++,1,1.0,0.9990234375
s_066487,tensor(0),FaceForensics++,1,1.0,0.9990234375
s_066487,tensor(0),FaceForensics++,1,1.0,0.9990234375
s_066487,tensor(0),FaceForensics++,1,1.0,0.998046875
s_066487,tensor(0),FaceForensics++,1,1.0,0.9990234375
s_066487,tensor(0),FaceForensics++,1,1.0,0.99853515625
s_066487,tensor(0),FaceForensics++,1,1.0,0.998046875
s_066492,tensor(0),FaceForensics++,1,1.0,0.99658203125
s_066492,tensor(0),FaceForensics++,1,1.0,0.9970703125
s_066504,tensor(0),FaceForensics++,1,1.0,0.9990234375
s_066504,tensor(0),FaceForensics++,1,1.0,0.9990234375
s_066504,tensor(0),FaceForensics++,1,1.0,0.9990234375
s_066504,tensor(0),FaceForensics++,1,1.0,0.9990234375
s_066504,tensor(0),FaceForensics++,1,1.0,0.9990234375
s_066527,tensor(1),FaceForensics++,1,0.99609375,0.0016937255859375
s_066527,tensor(1),FaceForensics++,1,0.99853515625,0.0023593902587890625
s_066527,tensor(1),FaceForensics++,1,0.99755859375,0.0018100738525390625
s_066527,tensor(1),FaceForensics++,1,0.99267578125,0.0009145736694335938
s_066527,tensor(1),FaceForensics++,1,0.9921875,0.0009217262268066406
s_066527,tensor(1),FaceForensics++,1,0.9990234375,0.0022258758544921875
s_066546,tensor(0),FaceForensics++,1,1.0,0.99609375
s_066546,tensor(0),FaceForensics++,1,1.0,0.994140625
s_066546,tensor(0),FaceForensics++,1,1.0,0.99560546875
s_066570,tensor(1),FaceForensics++,1,0.9951171875,0.0007410049438476562
s_066570,tensor(3),FaceForensics++,1,0.97607421875,0.00033020973205566406
s_066570,tensor(1),FaceForensics++,1,0.99853515625,0.0004189014434814453
s_066570,tensor(3),FaceForensics++,1,0.1788330078125,0.0003845691680908203
s_066570,tensor(1),FaceForensics++,1,0.99267578125,0.00036263465881347656
s_066570,tensor(3),FaceForensics++,1,0.9921875,0.0004935264587402344
s_066570,tensor(1),FaceForensics++,1,0.9775390625,0.0005908012390136719
s_066570,tensor(3),FaceForensics++,1,0.99560546875,0.0010242462158203125
s_066570,tensor(1),FaceForensics++,1,0.99951171875,0.001483917236328125
s_066570,tensor(3),FaceForensics++,1,0.81982421875,0.0003006458282470703
s_066570,tensor(1),FaceForensics++,1,0.9990234375,0.0013885498046875
s_066570,tensor(3),FaceForensics++,1,0.92626953125,0.000614166259765625
s_066570,tensor(1),FaceForensics++,1,0.994140625,0.0015735626220703125
s_066570,tensor(3),FaceForensics++,1,0.98291015625,0.0017004013061523438
s_066570,tensor(1),FaceForensics++,1,0.99365234375,0.0016679763793945312
s_066570,tensor(3),FaceForensics++,1,0.15087890625,0.0007266998291015625
s_066570,tensor(1),FaceForensics++,1,0.99853515625,0.0021820068359375
s_066601,tensor(0),FaceForensics++,1,1.0,0.68017578125
s_012725,tensor(0),DeeperForensics,0,2.4437904357910156e-06,0.426025390625
s_012743,tensor(0),DeeperForensics,0,2.682209014892578e-06,0.10595703125
s_012749,tensor(0),DeeperForensics,0,2.2649765014648438e-06,0.455810546875
s_012749,tensor(0),DeeperForensics,0,2.3245811462402344e-06,0.347900390625
s_012755,tensor(0),DeeperForensics,0,2.3245811462402344e-06,0.3037109375
s_012755,tensor(0),DeeperForensics,0,2.4437904357910156e-06,0.251220703125
s_012755,tensor(0),DeeperForensics,0,2.384185791015625e-06,0.29638671875
s_012763,tensor(0),DeeperForensics,0,2.2649765014648438e-06,0.41259765625
s_012763,tensor(0),DeeperForensics,0,2.562999725341797e-06,0.3671875
s_012764,tensor(0),DeeperForensics,0,2.384185791015625e-06,0.034027099609375
s_012764,tensor(0),DeeperForensics,0,2.562999725341797e-06,0.03265380859375
s_012786,tensor(0),DeeperForensics,0,2.384185791015625e-06,0.217529296875
s_012786,tensor(0),DeeperForensics,0,2.384185791015625e-06,0.05108642578125
s_012786,tensor(0),DeeperForensics,0,2.2649765014648438e-06,0.12890625
s_012786,tensor(0),DeeperForensics,0,2.3245811462402344e-06,0.08038330078125
s_012786,tensor(0),DeeperForensics,0,2.3245811462402344e-06,0.080078125
s_012814,tensor(0),DeeperForensics,0,2.5033950805664062e-06,0.232666015625
s_012814,tensor(0),DeeperForensics,0,2.384185791015625e-06,0.22216796875
s_012818,tensor(0),DeeperForensics,0,2.2649765014648438e-06,0.338623046875
s_012819,tensor(0),DeeperForensics,0,2.4437904357910156e-06,0.413330078125
s_012828,tensor(0),DeeperForensics,0,2.6226043701171875e-06,0.35888671875
s_012856,tensor(0),DeeperForensics,0,2.562999725341797e-06,0.336669921875
s_012856,tensor(0),DeeperForensics,0,2.3245811462402344e-06,0.1656494140625
s_012857,tensor(0),DeeperForensics,0,2.4437904357910156e-06,0.32373046875
s_012862,tensor(0),DeeperForensics,0,2.2649765014648438e-06,0.1475830078125
s_012866,tensor(0),DeeperForensics,0,2.1457672119140625e-06,0.338623046875
s_012866,tensor(0),DeeperForensics,0,2.2649765014648438e-06,0.27001953125
s_012889,tensor(0),DeeperForensics,0,2.4437904357910156e-06,0.4482421875
s_012900,tensor(0),DeeperForensics,0,2.3245811462402344e-06,0.423828125
s_012901,tensor(0),DeeperForensics,0,2.3245811462402344e-06,0.25927734375
s_012901,tensor(0),DeeperForensics,0,2.2649765014648438e-06,0.34814453125
s_012976,tensor(0),DeeperForensics,0,2.384185791015625e-06,0.31494140625
s_012976,tensor(0),DeeperForensics,0,2.4437904357910156e-06,0.22802734375
s_012982,tensor(0),DeeperForensics,0,2.205371856689453e-06,0.260009765625
s_012987,tensor(0),DeeperForensics,0,2.384185791015625e-06,0.3828125
s_013040,tensor(0),DeeperForensics,0,2.2649765014648438e-06,0.72900390625
s_013040,tensor(0),DeeperForensics,0,2.3245811462402344e-06,0.728515625
s_013074,tensor(0),DeeperForensics,0,2.5033950805664062e-06,0.1923828125
s_013074,tensor(0),DeeperForensics,0,2.4437904357910156e-06,0.127197265625
s_013074,tensor(0),DeeperForensics,0,2.4437904357910156e-06,0.2230224609375
s_013074,tensor(0),DeeperForensics,0,2.384185791015625e-06,0.135009765625
s_013074,tensor(0),DeeperForensics,0,2.5033950805664062e-06,0.11395263671875
s_013087,tensor(0),DeeperForensics,0,2.4437904357910156e-06,0.260986328125
s_013111,tensor(0),DeeperForensics,0,2.3245811462402344e-06,0.40087890625
s_013111,tensor(0),DeeperForensics,0,2.2649765014648438e-06,0.2445068359375
s_013114,tensor(0),DeeperForensics,0,2.384185791015625e-06,0.1356201171875
s_013114,tensor(0),DeeperForensics,0,2.384185791015625e-06,0.07904052734375
s_013118,tensor(0),DeeperForensics,0,2.3245811462402344e-06,0.40673828125
s_013118,tensor(0),DeeperForensics,0,2.3245811462402344e-06,0.286865234375
s_013118,tensor(0),DeeperForensics,0,2.3245811462402344e-06,0.4306640625
s_013138,tensor(0),DeeperForensics,0,2.1457672119140625e-06,0.367431640625
s_013138,tensor(0),DeeperForensics,0,2.2649765014648438e-06,0.49560546875
s_013138,tensor(0),DeeperForensics,0,2.205371856689453e-06,0.423095703125
s_013138,tensor(0),DeeperForensics,0,2.2649765014648438e-06,0.2467041015625
s_013138,tensor(0),DeeperForensics,0,2.3245811462402344e-06,0.1380615234375
s_013138,tensor(0),DeeperForensics,0,2.205371856689453e-06,0.2069091796875
s_013138,tensor(0),DeeperForensics,0,2.1457672119140625e-06,0.431640625
s_013138,tensor(0),DeeperForensics,0,2.3245811462402344e-06,0.402099609375
s_013138,tensor(0),DeeperForensics,0,2.205371856689453e-06,0.49169921875
s_013138,tensor(0),DeeperForensics,0,2.205371856689453e-06,0.4482421875
s_013138,tensor(0),DeeperForensics,0,2.205371856689453e-06,0.49365234375
s_013138,tensor(0),DeeperForensics,0,2.2649765014648438e-06,0.44189453125
s_013138,tensor(0),DeeperForensics,0,2.2649765014648438e-06,0.411865234375
s_013138,tensor(0),DeeperForensics,0,2.5033950805664062e-06,0.56005859375
s_022818,tensor(0),DeeperForensics,0,2.562999725341797e-06,0.904296875
s_022818,tensor(0),DeeperForensics,0,2.682209014892578e-06,0.8828125
s_022832,tensor(0),DeeperForensics,0,2.6226043701171875e-06,0.90380859375
s_022852,tensor(0),DeeperForensics,0,2.562999725341797e-06,0.62158203125
s_022857,tensor(0),DeeperForensics,0,2.4437904357910156e-06,0.4228515625
s_022857,tensor(0),DeeperForensics,0,2.4437904357910156e-06,0.400390625
s_022872,tensor(0),DeeperForensics,0,3.0994415283203125e-06,0.080078125
s_022872,tensor(0),DeeperForensics,0,3.159046173095703e-06,0.0982666015625
s_022874,tensor(0),DeeperForensics,0,2.2649765014648438e-06,0.30615234375
s_022874,tensor(0),DeeperForensics,0,2.384185791015625e-06,0.21240234375
s_022880,tensor(0),DeeperForensics,0,3.3974647521972656e-06,0.6162109375
s_022880,tensor(0),DeeperForensics,0,2.86102294921875e-06,0.53271484375
s_022880,tensor(0),DeeperForensics,0,2.8014183044433594e-06,0.53564453125
s_022887,tensor(0),DeeperForensics,0,2.86102294921875e-06,0.1903076171875
s_022900,tensor(0),DeeperForensics,0,2.9206275939941406e-06,0.0582275390625
s_022900,tensor(0),DeeperForensics,0,3.0994415283203125e-06,0.09979248046875
s_022900,tensor(0),DeeperForensics,0,2.9802322387695312e-06,0.05126953125
s_022912,tensor(0),DeeperForensics,0,2.3245811462402344e-06,0.39697265625
s_022912,tensor(0),DeeperForensics,0,2.384185791015625e-06,0.27490234375
s_022944,tensor(0),DeeperForensics,0,2.6226043701171875e-06,0.27001953125
s_022962,tensor(0),DeeperForensics,0,2.4437904357910156e-06,0.453369140625
s_022974,tensor(0),DeeperForensics,0,2.5033950805664062e-06,0.53369140625
s_022974,tensor(0),DeeperForensics,0,2.4437904357910156e-06,0.431396484375
s_022978,tensor(0),DeeperForensics,0,3.2782554626464844e-06,0.402587890625
s_022978,tensor(0),DeeperForensics,0,3.814697265625e-06,0.57763671875
s_022991,tensor(0),DeeperForensics,0,3.2186508178710938e-06,0.07196044921875
s_022991,tensor(0),DeeperForensics,0,3.0994415283203125e-06,0.2060546875
s_022995,tensor(0),DeeperForensics,0,2.562999725341797e-06,0.48876953125
s_022995,tensor(0),DeeperForensics,0,2.6226043701171875e-06,0.427734375
s_023006,tensor(0),DeeperForensics,0,2.9206275939941406e-06,0.487060546875
s_023006,tensor(0),DeeperForensics,0,3.2186508178710938e-06,0.517578125
s_023013,tensor(0),DeeperForensics,0,2.86102294921875e-06,0.2142333984375
s_023013,tensor(0),DeeperForensics,0,4.172325134277344e-06,0.2342529296875
s_023019,tensor(0),DeeperForensics,0,3.4570693969726562e-06,0.2384033203125
s_023019,tensor(0),DeeperForensics,0,4.76837158203125e-06,0.16943359375
s_023023,tensor(0),DeeperForensics,0,2.384185791015625e-06,0.6494140625
s_023023,tensor(0),DeeperForensics,0,2.8014183044433594e-06,0.505859375
s_023037,tensor(0),DeeperForensics,0,2.4437904357910156e-06,0.68896484375
s_023037,tensor(0),DeeperForensics,0,2.682209014892578e-06,0.6396484375
s_023047,tensor(0),DeeperForensics,0,1.9669532775878906e-06,0.2705078125
s_023047,tensor(0),DeeperForensics,0,1.9073486328125e-06,0.38232421875
s_023059,tensor(0),DeeperForensics,0,3.159046173095703e-06,0.40869140625
s_023059,tensor(0),DeeperForensics,0,3.159046173095703e-06,0.501953125
s_023065,tensor(0),DeeperForensics,0,2.5033950805664062e-06,0.71337890625
s_023086,tensor(0),DeeperForensics,0,2.2649765014648438e-06,0.666015625
s_023086,tensor(0),DeeperForensics,0,2.2649765014648438e-06,0.66015625
s_023086,tensor(0),DeeperForensics,0,2.384185791015625e-06,0.671875
s_023088,tensor(0),DeeperForensics,0,2.9206275939941406e-06,0.5322265625
s_023088,tensor(0),DeeperForensics,0,2.9206275939941406e-06,0.578125
s_023088,tensor(0),DeeperForensics,0,3.159046173095703e-06,0.55810546875
s_023116,tensor(0),DeeperForensics,0,2.5033950805664062e-06,0.355712890625
s_023116,tensor(0),DeeperForensics,0,2.86102294921875e-06,0.414306640625
s_023116,tensor(0),DeeperForensics,0,2.9206275939941406e-06,0.60498046875
s_023116,tensor(0),DeeperForensics,0,2.8014183044433594e-06,0.439208984375
s_023131,tensor(0),DeeperForensics,0,2.086162567138672e-06,0.185546875
s_023131,tensor(0),DeeperForensics,0,2.205371856689453e-06,0.24658203125
s_023143,tensor(0),DeeperForensics,0,2.9206275939941406e-06,0.413330078125
s_023143,tensor(0),DeeperForensics,0,3.039836883544922e-06,0.40625
s_023149,tensor(0),DeeperForensics,0,2.4437904357910156e-06,0.5205078125
s_023149,tensor(0),DeeperForensics,0,2.6226043701171875e-06,0.485107421875
s_023151,tensor(0),DeeperForensics,0,2.9206275939941406e-06,0.60009765625
s_023161,tensor(0),DeeperForensics,0,2.384185791015625e-06,0.43505859375
s_023161,tensor(0),DeeperForensics,0,2.4437904357910156e-06,0.471435546875
s_023205,tensor(0),DeeperForensics,0,2.1457672119140625e-06,0.7607421875
s_066601,tensor(0),FaceForensics++,1,1.0,0.984375
s_066601,tensor(0),FaceForensics++,1,1.0,0.99169921875
s_066601,tensor(0),FaceForensics++,1,1.0,0.99365234375
s_066601,tensor(0),FaceForensics++,1,1.0,0.9423828125
s_066601,tensor(0),FaceForensics++,1,1.0,0.984375
s_066601,tensor(0),FaceForensics++,1,1.0,0.99365234375
s_066601,tensor(0),FaceForensics++,1,1.0,0.98486328125
s_066601,tensor(0),FaceForensics++,1,1.0,0.93701171875
s_066601,tensor(0),FaceForensics++,1,1.0,0.986328125
s_066601,tensor(0),FaceForensics++,1,1.0,0.96484375
s_066601,tensor(0),FaceForensics++,1,1.0,0.98291015625
s_066601,tensor(0),FaceForensics++,1,1.0,0.9736328125
s_066601,tensor(0),FaceForensics++,1,1.0,0.943359375
s_066602,tensor(0),FaceForensics++,1,1.0,0.9951171875
s_066602,tensor(0),FaceForensics++,1,1.0,0.99853515625
s_066602,tensor(0),FaceForensics++,1,1.0,0.99658203125
s_066602,tensor(0),FaceForensics++,1,1.0,0.99609375
s_066603,tensor(0),FaceForensics++,1,1.0,0.9970703125
s_066603,tensor(0),FaceForensics++,1,1.0,0.99755859375
s_066671,tensor(2),FaceForensics++,1,1.0,0.712890625
s_066671,tensor(2),FaceForensics++,1,1.0,0.46875
s_066671,tensor(2),FaceForensics++,1,1.0,0.623046875
s_066671,tensor(2),FaceForensics++,1,1.0,0.73828125
s_066671,tensor(2),FaceForensics++,1,1.0,0.61767578125
s_066671,tensor(2),FaceForensics++,1,1.0,0.77734375
s_066671,tensor(2),FaceForensics++,1,1.0,0.71630859375
s_066671,tensor(2),FaceForensics++,1,1.0,0.284423828125
s_066671,tensor(2),FaceForensics++,1,1.0,0.59375
s_066736,tensor(0),FaceForensics++,1,1.0,0.9970703125
s_066736,tensor(0),FaceForensics++,1,1.0,0.99755859375
s_066736,tensor(0),FaceForensics++,1,1.0,0.9970703125
s_066736,tensor(0),FaceForensics++,1,1.0,0.99462890625
s_066736,tensor(0),FaceForensics++,1,1.0,0.994140625
s_066736,tensor(0),FaceForensics++,1,1.0,0.99365234375
s_066736,tensor(0),FaceForensics++,1,1.0,0.99560546875
s_066737,tensor(117),FaceForensics++,1,1.0,0.0699462890625
s_066753,tensor(3),FaceForensics++,1,1.0,0.9658203125
s_066753,tensor(3),FaceForensics++,1,1.0,0.98193359375
s_066753,tensor(3),FaceForensics++,1,1.0,0.98291015625
s_066774,tensor(0),FaceForensics++,1,1.0,0.96630859375
s_066774,tensor(0),FaceForensics++,1,1.0,0.978515625
s_066774,tensor(0),FaceForensics++,1,1.0,0.9609375
s_066779,tensor(0),FaceForensics++,1,1.0,0.99951171875
s_066779,tensor(0),FaceForensics++,1,1.0,0.9990234375
s_066779,tensor(0),FaceForensics++,1,1.0,0.9990234375
s_066779,tensor(0),FaceForensics++,1,1.0,0.9990234375
s_066779,tensor(0),FaceForensics++,1,1.0,0.9990234375
s_066785,tensor(1),FaceForensics++,1,0.99951171875,0.0469970703125
s_066785,tensor(1),FaceForensics++,1,1.0,0.20849609375
s_066785,tensor(1),FaceForensics++,1,1.0,0.1756591796875
s_066785,tensor(3),FaceForensics++,1,0.99951171875,0.03424072265625
s_066785,tensor(1),FaceForensics++,1,1.0,0.1978759765625
s_066785,tensor(1),FaceForensics++,1,1.0,0.10894775390625
s_066806,tensor(0),FaceForensics++,1,1.0,0.98681640625
s_066806,tensor(0),FaceForensics++,1,1.0,0.9921875
s_066806,tensor(0),FaceForensics++,1,1.0,0.98974609375
s_066806,tensor(0),FaceForensics++,1,1.0,0.98193359375
s_066806,tensor(0),FaceForensics++,1,1.0,0.98828125
s_066806,tensor(0),FaceForensics++,1,1.0,0.99462890625
s_066806,tensor(0),FaceForensics++,1,1.0,0.9951171875
s_066876,tensor(0),FaceForensics++,1,1.0,0.98779296875
s_066876,tensor(0),FaceForensics++,1,1.0,0.994140625
s_066876,tensor(0),FaceForensics++,1,1.0,0.98388671875
s_066876,tensor(0),FaceForensics++,1,1.0,0.9853515625
s_013138,tensor(0),DeeperForensics,0,2.2649765014648438e-06,0.412109375
s_013138,tensor(0),DeeperForensics,0,2.205371856689453e-06,0.3974609375
s_013138,tensor(0),DeeperForensics,0,2.1457672119140625e-06,0.431396484375
s_013138,tensor(0),DeeperForensics,0,2.1457672119140625e-06,0.43017578125
s_013138,tensor(0),DeeperForensics,0,2.205371856689453e-06,0.5908203125
s_013138,tensor(0),DeeperForensics,0,2.205371856689453e-06,0.4677734375
s_013138,tensor(0),DeeperForensics,0,2.205371856689453e-06,0.395263671875
s_013138,tensor(0),DeeperForensics,0,2.205371856689453e-06,0.5029296875
s_013138,tensor(0),DeeperForensics,0,2.2649765014648438e-06,0.56298828125
s_013138,tensor(0),DeeperForensics,0,2.3245811462402344e-06,0.51220703125
s_013138,tensor(0),DeeperForensics,0,2.2649765014648438e-06,0.408935546875
s_013138,tensor(0),DeeperForensics,0,2.205371856689453e-06,0.55224609375
s_013138,tensor(0),DeeperForensics,0,2.205371856689453e-06,0.55419921875
s_013138,tensor(0),DeeperForensics,0,2.384185791015625e-06,0.42626953125
s_013138,tensor(0),DeeperForensics,0,2.3245811462402344e-06,0.56396484375
s_013138,tensor(0),DeeperForensics,0,2.2649765014648438e-06,0.442138671875
s_013138,tensor(0),DeeperForensics,0,2.2649765014648438e-06,0.39892578125
s_013138,tensor(0),DeeperForensics,0,2.3245811462402344e-06,0.51806640625
s_013138,tensor(0),DeeperForensics,0,2.4437904357910156e-06,0.51904296875
s_013138,tensor(0),DeeperForensics,0,2.1457672119140625e-06,0.53857421875
s_013138,tensor(0),DeeperForensics,0,2.2649765014648438e-06,0.54541015625
s_013138,tensor(0),DeeperForensics,0,2.1457672119140625e-06,0.50390625
s_013138,tensor(0),DeeperForensics,0,2.205371856689453e-06,0.375244140625
s_013138,tensor(0),DeeperForensics,0,2.205371856689453e-06,0.43408203125
s_013138,tensor(0),DeeperForensics,0,2.086162567138672e-06,0.431640625
s_013138,tensor(0),DeeperForensics,0,2.2649765014648438e-06,0.56298828125
s_013138,tensor(0),DeeperForensics,0,2.205371856689453e-06,0.471435546875
s_013138,tensor(0),DeeperForensics,0,2.2649765014648438e-06,0.4921875
s_013138,tensor(0),DeeperForensics,0,2.205371856689453e-06,0.40478515625
s_013138,tensor(0),DeeperForensics,0,2.1457672119140625e-06,0.435791015625
s_013138,tensor(0),DeeperForensics,0,2.205371856689453e-06,0.37353515625
s_013138,tensor(0),DeeperForensics,0,2.2649765014648438e-06,0.29443359375
s_013138,tensor(0),DeeperForensics,0,2.3245811462402344e-06,0.390625
s_013138,tensor(0),DeeperForensics,0,2.2649765014648438e-06,0.29052734375
s_013138,tensor(0),DeeperForensics,0,2.205371856689453e-06,0.330810546875
s_013138,tensor(0),DeeperForensics,0,2.205371856689453e-06,0.359619140625
s_013138,tensor(0),DeeperForensics,0,2.2649765014648438e-06,0.388671875
s_013138,tensor(0),DeeperForensics,0,2.384185791015625e-06,0.322509765625
s_013138,tensor(0),DeeperForensics,0,2.4437904357910156e-06,0.1209716796875
s_013138,tensor(0),DeeperForensics,0,2.3245811462402344e-06,0.3623046875
s_013138,tensor(0),DeeperForensics,0,2.205371856689453e-06,0.492431640625
s_013138,tensor(0),DeeperForensics,0,2.2649765014648438e-06,0.411865234375
s_013138,tensor(0),DeeperForensics,0,2.2649765014648438e-06,0.360595703125
s_013138,tensor(0),DeeperForensics,0,2.2649765014648438e-06,0.57421875
s_013138,tensor(0),DeeperForensics,0,2.205371856689453e-06,0.62158203125
s_013138,tensor(0),DeeperForensics,0,2.2649765014648438e-06,0.383544921875
s_013139,tensor(0),DeeperForensics,0,2.205371856689453e-06,0.353759765625
s_013139,tensor(0),DeeperForensics,0,2.3245811462402344e-06,0.1923828125
s_013139,tensor(0),DeeperForensics,0,2.2649765014648438e-06,0.423095703125
s_013139,tensor(0),DeeperForensics,0,2.4437904357910156e-06,0.2509765625
s_013139,tensor(0),DeeperForensics,0,2.2649765014648438e-06,0.381591796875
s_013139,tensor(0),DeeperForensics,0,2.3245811462402344e-06,0.40869140625
s_013139,tensor(0),DeeperForensics,0,2.4437904357910156e-06,0.15283203125
s_013139,tensor(0),DeeperForensics,0,2.5033950805664062e-06,0.11297607421875
s_013139,tensor(0),DeeperForensics,0,2.5033950805664062e-06,0.1297607421875
s_013139,tensor(0),DeeperForensics,0,2.3245811462402344e-06,0.342529296875
s_013139,tensor(0),DeeperForensics,0,2.2649765014648438e-06,0.382080078125
s_013139,tensor(0),DeeperForensics,0,2.3245811462402344e-06,0.382568359375
s_013139,tensor(0),DeeperForensics,0,2.3245811462402344e-06,0.3603515625
s_013139,tensor(0),DeeperForensics,0,2.2649765014648438e-06,0.48193359375
s_013139,tensor(0),DeeperForensics,0,2.2649765014648438e-06,0.46142578125
s_013139,tensor(0),DeeperForensics,0,2.205371856689453e-06,0.384521484375
s_013139,tensor(0),DeeperForensics,0,2.3245811462402344e-06,0.44287109375
s_013139,tensor(0),DeeperForensics,0,2.2649765014648438e-06,0.35595703125
s_023205,tensor(0),DeeperForensics,0,2.384185791015625e-06,0.650390625
s_023206,tensor(0),DeeperForensics,0,2.562999725341797e-06,0.51318359375
s_023206,tensor(0),DeeperForensics,0,2.4437904357910156e-06,0.68701171875
s_023209,tensor(0),DeeperForensics,0,2.384185791015625e-06,0.463134765625
s_023209,tensor(0),DeeperForensics,0,2.562999725341797e-06,0.52685546875
s_023228,tensor(0),DeeperForensics,0,2.384185791015625e-06,0.7236328125
s_023228,tensor(0),DeeperForensics,0,2.4437904357910156e-06,0.8232421875
s_023240,tensor(0),DeeperForensics,0,2.5033950805664062e-06,0.8193359375
s_023240,tensor(0),DeeperForensics,0,2.5033950805664062e-06,0.94921875
s_023242,tensor(0),DeeperForensics,0,2.6226043701171875e-06,0.8642578125
s_023242,tensor(0),DeeperForensics,0,2.6226043701171875e-06,0.95166015625
s_023297,tensor(0),DeeperForensics,0,2.562999725341797e-06,0.54833984375
s_023299,tensor(0),DeeperForensics,0,2.9206275939941406e-06,0.4951171875
s_023299,tensor(0),DeeperForensics,0,2.682209014892578e-06,0.6181640625
s_023300,tensor(0),DeeperForensics,0,2.86102294921875e-06,0.65087890625
s_023300,tensor(0),DeeperForensics,0,2.7418136596679688e-06,0.80810546875
s_023325,tensor(0),DeeperForensics,0,2.384185791015625e-06,0.294189453125
s_023325,tensor(0),DeeperForensics,0,2.562999725341797e-06,0.333251953125
s_023333,tensor(0),DeeperForensics,0,2.1457672119140625e-06,0.42724609375
s_023333,tensor(0),DeeperForensics,0,2.3245811462402344e-06,0.4658203125
s_023339,tensor(0),DeeperForensics,0,2.4437904357910156e-06,0.5283203125
s_023339,tensor(0),DeeperForensics,0,2.4437904357910156e-06,0.5009765625
s_023364,tensor(0),DeeperForensics,0,2.384185791015625e-06,0.4560546875
s_023364,tensor(0),DeeperForensics,0,2.384185791015625e-06,0.341796875
s_023367,tensor(0),DeeperForensics,0,2.4437904357910156e-06,0.1729736328125
s_023367,tensor(0),DeeperForensics,0,2.4437904357910156e-06,0.1663818359375
s_023378,tensor(0),DeeperForensics,0,2.384185791015625e-06,0.2391357421875
s_023392,tensor(0),DeeperForensics,0,2.3245811462402344e-06,0.1724853515625
s_023392,tensor(0),DeeperForensics,0,2.5033950805664062e-06,0.2073974609375
s_023409,tensor(0),DeeperForensics,0,2.384185791015625e-06,0.2078857421875
s_023443,tensor(0),DeeperForensics,0,2.4437904357910156e-06,0.432373046875
s_023443,tensor(0),DeeperForensics,0,2.5033950805664062e-06,0.5244140625
s_023448,tensor(0),DeeperForensics,0,2.6226043701171875e-06,0.2841796875
s_023448,tensor(0),DeeperForensics,0,2.682209014892578e-06,0.34716796875
s_023481,tensor(0),DeeperForensics,0,2.3245811462402344e-06,0.2327880859375
s_023481,tensor(0),DeeperForensics,0,2.384185791015625e-06,0.258056640625
s_023486,tensor(0),DeeperForensics,0,3.874301910400391e-06,0.6923828125
s_023504,tensor(0),DeeperForensics,0,2.6226043701171875e-06,0.556640625
s_023504,tensor(0),DeeperForensics,0,2.4437904357910156e-06,0.51171875
s_023516,tensor(0),DeeperForensics,0,2.2649765014648438e-06,0.223388671875
s_023523,tensor(0),DeeperForensics,0,2.2649765014648438e-06,0.30224609375
s_023523,tensor(0),DeeperForensics,0,2.2649765014648438e-06,0.320068359375
s_023562,tensor(0),DeeperForensics,0,2.3245811462402344e-06,0.56884765625
s_023562,tensor(0),DeeperForensics,0,2.3245811462402344e-06,0.61328125
s_023580,tensor(0),DeeperForensics,0,2.4437904357910156e-06,0.2724609375
s_023580,tensor(0),DeeperForensics,0,2.562999725341797e-06,0.306884765625
s_023586,tensor(0),DeeperForensics,0,2.384185791015625e-06,0.21044921875
s_023586,tensor(0),DeeperForensics,0,2.3245811462402344e-06,0.2122802734375
s_023586,tensor(0),DeeperForensics,0,2.4437904357910156e-06,0.1708984375
s_023594,tensor(0),DeeperForensics,0,2.4437904357910156e-06,0.31201171875
s_023594,tensor(0),DeeperForensics,0,2.4437904357910156e-06,0.482177734375
s_023594,tensor(0),DeeperForensics,0,2.562999725341797e-06,0.58056640625
s_023599,tensor(0),DeeperForensics,0,2.8014183044433594e-06,0.67138671875
s_023612,tensor(0),DeeperForensics,0,3.635883331298828e-06,0.204833984375
s_023612,tensor(0),DeeperForensics,0,5.4836273193359375e-06,0.321533203125
s_023612,tensor(0),DeeperForensics,0,5.900859832763672e-06,0.2060546875
s_023618,tensor(0),DeeperForensics,0,2.384185791015625e-06,0.63330078125
s_023618,tensor(0),DeeperForensics,0,2.3245811462402344e-06,0.5458984375
s_023621,tensor(0),DeeperForensics,0,2.3245811462402344e-06,0.25732421875
s_023621,tensor(0),DeeperForensics,0,2.384185791015625e-06,0.226806640625
s_023626,tensor(0),DeeperForensics,0,3.337860107421875e-06,0.2880859375
s_023633,tensor(0),DeeperForensics,0,3.2186508178710938e-06,0.2181396484375
s_023633,tensor(0),DeeperForensics,0,3.993511199951172e-06,0.320068359375
s_023633,tensor(0),DeeperForensics,0,3.814697265625e-06,0.0938720703125
s_066876,tensor(0),FaceForensics++,1,1.0,0.98486328125
s_066876,tensor(0),FaceForensics++,1,1.0,0.9892578125
s_066876,tensor(0),FaceForensics++,1,1.0,0.982421875
s_066876,tensor(0),FaceForensics++,1,1.0,0.9912109375
s_066876,tensor(0),FaceForensics++,1,1.0,0.97998046875
s_066931,tensor(0),FaceForensics++,1,1.0,0.93212890625
s_066931,tensor(0),FaceForensics++,1,1.0,0.76123046875
s_066931,tensor(0),FaceForensics++,1,0.0034027099609375,0.9716796875
s_066931,tensor(0),FaceForensics++,1,0.62548828125,0.97900390625
s_066931,tensor(0),FaceForensics++,1,0.4697265625,0.9599609375
s_066931,tensor(0),FaceForensics++,1,1.0,0.95263671875
s_066931,tensor(0),FaceForensics++,1,1.0,0.982421875
s_066938,tensor(0),FaceForensics++,1,1.0,0.99609375
s_066938,tensor(0),FaceForensics++,1,1.0,0.99755859375
s_066938,tensor(0),FaceForensics++,1,1.0,0.9921875
s_066938,tensor(0),FaceForensics++,1,1.0,0.990234375
s_066938,tensor(0),FaceForensics++,1,1.0,0.994140625
s_066938,tensor(0),FaceForensics++,1,1.0,0.99560546875
s_066938,tensor(0),FaceForensics++,1,1.0,0.99365234375
s_066938,tensor(0),FaceForensics++,1,1.0,0.98876953125
s_066991,tensor(0),FaceForensics++,1,1.0,0.98779296875
s_066991,tensor(0),FaceForensics++,1,1.0,0.9765625
s_066991,tensor(0),FaceForensics++,1,1.0,0.97265625
s_066991,tensor(0),FaceForensics++,1,1.0,0.9912109375
s_066991,tensor(0),FaceForensics++,1,1.0,0.98876953125
s_067025,tensor(1),FaceForensics++,1,1.0,0.99853515625
s_067025,tensor(1),FaceForensics++,1,1.0,0.99755859375
s_067025,tensor(1),FaceForensics++,1,1.0,0.99755859375
s_067025,tensor(1),FaceForensics++,1,1.0,0.99755859375
s_067038,tensor(1),FaceForensics++,1,1.0,0.9033203125
s_067038,tensor(1),FaceForensics++,1,1.0,0.837890625
s_067038,tensor(1),FaceForensics++,1,1.0,0.83544921875
s_067038,tensor(1),FaceForensics++,1,1.0,0.904296875
s_067053,tensor(0),FaceForensics++,1,1.0,0.98291015625
s_067053,tensor(0),FaceForensics++,1,1.0,0.98779296875
s_067053,tensor(0),FaceForensics++,1,1.0,0.9892578125
s_067053,tensor(0),FaceForensics++,1,1.0,0.99365234375
s_067053,tensor(0),FaceForensics++,1,1.0,0.94482421875
s_067064,tensor(0),FaceForensics++,1,1.0,0.99609375
s_067064,tensor(0),FaceForensics++,1,1.0,0.9970703125
s_067064,tensor(0),FaceForensics++,1,1.0,0.99560546875
s_067064,tensor(0),FaceForensics++,1,1.0,0.99658203125
s_067064,tensor(0),FaceForensics++,1,1.0,0.990234375
s_067064,tensor(0),FaceForensics++,1,1.0,0.98779296875
s_067064,tensor(0),FaceForensics++,1,1.0,0.99462890625
s_067064,tensor(0),FaceForensics++,1,1.0,0.96142578125
s_067064,tensor(0),FaceForensics++,1,1.0,0.9970703125
s_067174,tensor(0),FaceForensics++,1,1.0,0.99853515625
s_067174,tensor(0),FaceForensics++,1,1.0,0.99951171875
s_067174,tensor(0),FaceForensics++,1,1.0,0.99853515625
s_067174,tensor(0),FaceForensics++,1,1.0,0.9990234375
s_067174,tensor(0),FaceForensics++,1,1.0,0.99853515625
s_067179,tensor(0),FaceForensics++,1,1.0,0.9951171875
s_067179,tensor(0),FaceForensics++,1,1.0,0.99609375
s_067179,tensor(0),FaceForensics++,1,1.0,0.99755859375
s_067179,tensor(0),FaceForensics++,1,1.0,0.99365234375
s_067204,tensor(0),FaceForensics++,1,1.0,0.99853515625
s_067204,tensor(0),FaceForensics++,1,1.0,0.998046875
s_067204,tensor(0),FaceForensics++,1,1.0,0.998046875
s_067225,tensor(0),FaceForensics++,1,1.0,0.99853515625
s_067225,tensor(0),FaceForensics++,1,1.0,0.998046875
s_067225,tensor(0),FaceForensics++,1,1.0,0.99853515625
s_067241,tensor(0),FaceForensics++,1,1.0,0.998046875
s_067241,tensor(0),FaceForensics++,1,1.0,0.99853515625
s_013139,tensor(0),DeeperForensics,0,2.2649765014648438e-06,0.4404296875
s_013139,tensor(0),DeeperForensics,0,2.384185791015625e-06,0.451416015625
s_013139,tensor(0),DeeperForensics,0,2.3245811462402344e-06,0.352783203125
s_013139,tensor(0),DeeperForensics,0,2.3245811462402344e-06,0.5126953125
s_013139,tensor(0),DeeperForensics,0,2.3245811462402344e-06,0.435791015625
s_013139,tensor(0),DeeperForensics,0,2.384185791015625e-06,0.3388671875
s_013139,tensor(0),DeeperForensics,0,2.384185791015625e-06,0.3603515625
s_013139,tensor(0),DeeperForensics,0,2.3245811462402344e-06,0.43994140625
s_013139,tensor(0),DeeperForensics,0,2.3245811462402344e-06,0.482666015625
s_013139,tensor(0),DeeperForensics,0,2.205371856689453e-06,0.56591796875
s_013139,tensor(0),DeeperForensics,0,2.2649765014648438e-06,0.490966796875
s_013139,tensor(0),DeeperForensics,0,2.2649765014648438e-06,0.4287109375
s_013139,tensor(0),DeeperForensics,0,2.2649765014648438e-06,0.418701171875
s_013139,tensor(0),DeeperForensics,0,2.2649765014648438e-06,0.499755859375
s_013139,tensor(0),DeeperForensics,0,2.1457672119140625e-06,0.4404296875
s_013139,tensor(0),DeeperForensics,0,2.1457672119140625e-06,0.420654296875
s_013139,tensor(0),DeeperForensics,0,2.2649765014648438e-06,0.376953125
s_013139,tensor(0),DeeperForensics,0,2.2649765014648438e-06,0.50146484375
s_013139,tensor(0),DeeperForensics,0,2.384185791015625e-06,0.6220703125
s_013139,tensor(0),DeeperForensics,0,2.3245811462402344e-06,0.355224609375
s_013139,tensor(0),DeeperForensics,0,2.1457672119140625e-06,0.361328125
s_013139,tensor(0),DeeperForensics,0,2.3245811462402344e-06,0.46337890625
s_013139,tensor(0),DeeperForensics,0,2.205371856689453e-06,0.375
s_013139,tensor(0),DeeperForensics,0,2.205371856689453e-06,0.379150390625
s_013139,tensor(0),DeeperForensics,0,2.384185791015625e-06,0.430908203125
s_013139,tensor(0),DeeperForensics,0,2.384185791015625e-06,0.54052734375
s_013139,tensor(0),DeeperForensics,0,2.205371856689453e-06,0.5234375
s_013139,tensor(0),DeeperForensics,0,2.3245811462402344e-06,0.576171875
s_013139,tensor(0),DeeperForensics,0,2.3245811462402344e-06,0.60693359375
s_013139,tensor(0),DeeperForensics,0,2.3245811462402344e-06,0.53662109375
s_013139,tensor(0),DeeperForensics,0,2.2649765014648438e-06,0.495361328125
s_013139,tensor(0),DeeperForensics,0,2.3245811462402344e-06,0.470703125
s_013139,tensor(0),DeeperForensics,0,2.2649765014648438e-06,0.52294921875
s_013139,tensor(0),DeeperForensics,0,2.3245811462402344e-06,0.4267578125
s_013139,tensor(0),DeeperForensics,0,2.2649765014648438e-06,0.493896484375
s_013139,tensor(0),DeeperForensics,0,2.2649765014648438e-06,0.460693359375
s_013139,tensor(0),DeeperForensics,0,2.205371856689453e-06,0.5146484375
s_013139,tensor(0),DeeperForensics,0,2.2649765014648438e-06,0.381591796875
s_013139,tensor(0),DeeperForensics,0,2.2649765014648438e-06,0.490478515625
s_013139,tensor(0),DeeperForensics,0,2.3245811462402344e-06,0.417236328125
s_013139,tensor(0),DeeperForensics,0,2.3245811462402344e-06,0.409912109375
s_013139,tensor(0),DeeperForensics,0,2.2649765014648438e-06,0.448486328125
s_013139,tensor(0),DeeperForensics,0,2.2649765014648438e-06,0.3828125
s_013139,tensor(0),DeeperForensics,0,2.3245811462402344e-06,0.39013671875
s_013139,tensor(0),DeeperForensics,0,2.3245811462402344e-06,0.378173828125
s_013139,tensor(0),DeeperForensics,0,2.2649765014648438e-06,0.34765625
s_013139,tensor(0),DeeperForensics,0,2.3245811462402344e-06,0.29931640625
s_013139,tensor(0),DeeperForensics,0,2.4437904357910156e-06,0.09930419921875
s_013139,tensor(0),DeeperForensics,0,2.384185791015625e-06,0.342529296875
s_013139,tensor(0),DeeperForensics,0,2.2649765014648438e-06,0.55078125
s_013139,tensor(0),DeeperForensics,0,2.3245811462402344e-06,0.469482421875
s_013139,tensor(0),DeeperForensics,0,2.3245811462402344e-06,0.432861328125
s_013139,tensor(0),DeeperForensics,0,2.1457672119140625e-06,0.414794921875
s_013139,tensor(0),DeeperForensics,0,2.3245811462402344e-06,0.384765625
s_013139,tensor(0),DeeperForensics,0,2.2649765014648438e-06,0.4248046875
s_013139,tensor(0),DeeperForensics,0,2.205371856689453e-06,0.1744384765625
s_013151,tensor(0),DeeperForensics,0,2.384185791015625e-06,0.68408203125
s_013172,tensor(0),DeeperForensics,0,2.3245811462402344e-06,0.6044921875
s_013172,tensor(0),DeeperForensics,0,2.4437904357910156e-06,0.55810546875
s_013172,tensor(0),DeeperForensics,0,2.384185791015625e-06,0.59228515625
s_013185,tensor(0),DeeperForensics,0,2.3245811462402344e-06,0.63623046875
s_013203,tensor(0),DeeperForensics,0,2.4437904357910156e-06,0.513671875
s_013203,tensor(0),DeeperForensics,0,2.3245811462402344e-06,0.2265625
s_013214,tensor(0),DeeperForensics,0,2.5033950805664062e-06,0.06756591796875
s_023653,tensor(0),DeeperForensics,0,2.3245811462402344e-06,0.8017578125
s_023653,tensor(0),DeeperForensics,0,2.4437904357910156e-06,0.775390625
s_023682,tensor(0),DeeperForensics,0,2.205371856689453e-06,0.483642578125
s_023706,tensor(0),DeeperForensics,0,2.4437904357910156e-06,0.40380859375
s_023706,tensor(0),DeeperForensics,0,2.9206275939941406e-06,0.56787109375
s_023706,tensor(0),DeeperForensics,0,2.205371856689453e-06,0.406005859375
s_023714,tensor(0),DeeperForensics,0,2.2649765014648438e-06,0.54833984375
s_023739,tensor(0),DeeperForensics,0,2.2649765014648438e-06,0.3603515625
s_023745,tensor(0),DeeperForensics,0,2.3245811462402344e-06,0.10394287109375
s_023745,tensor(0),DeeperForensics,0,2.3245811462402344e-06,0.09552001953125
s_023748,tensor(0),DeeperForensics,0,2.3245811462402344e-06,0.2138671875
s_023748,tensor(0),DeeperForensics,0,2.7418136596679688e-06,0.32421875
s_023749,tensor(0),DeeperForensics,0,2.6226043701171875e-06,0.52294921875
s_023749,tensor(0),DeeperForensics,0,2.562999725341797e-06,0.47412109375
s_023757,tensor(0),DeeperForensics,0,2.384185791015625e-06,0.814453125
s_023757,tensor(0),DeeperForensics,0,2.682209014892578e-06,0.80322265625
s_023757,tensor(0),DeeperForensics,0,2.6226043701171875e-06,0.88671875
s_023757,tensor(0),DeeperForensics,0,2.7418136596679688e-06,0.85498046875
s_023757,tensor(0),DeeperForensics,0,2.86102294921875e-06,0.8974609375
s_023776,tensor(0),DeeperForensics,0,2.384185791015625e-06,0.724609375
s_023776,tensor(0),DeeperForensics,0,2.562999725341797e-06,0.6640625
s_023782,tensor(0),DeeperForensics,0,2.4437904357910156e-06,0.36279296875
s_023782,tensor(0),DeeperForensics,0,2.5033950805664062e-06,0.314697265625
s_023782,tensor(0),DeeperForensics,0,2.562999725341797e-06,0.4951171875
s_023790,tensor(0),DeeperForensics,0,2.4437904357910156e-06,0.73828125
s_023790,tensor(0),DeeperForensics,0,2.6226043701171875e-06,0.63720703125
s_023790,tensor(0),DeeperForensics,0,2.682209014892578e-06,0.6455078125
s_023791,tensor(0),DeeperForensics,0,2.384185791015625e-06,0.91259765625
s_023791,tensor(0),DeeperForensics,0,2.682209014892578e-06,0.916015625
s_023791,tensor(0),DeeperForensics,0,2.682209014892578e-06,0.83544921875
s_023793,tensor(0),DeeperForensics,0,2.8014183044433594e-06,0.8125
s_023793,tensor(0),DeeperForensics,0,2.562999725341797e-06,0.79248046875
s_023803,tensor(0),DeeperForensics,0,2.3245811462402344e-06,0.3408203125
s_023803,tensor(0),DeeperForensics,0,2.4437904357910156e-06,0.481689453125
s_023804,tensor(0),DeeperForensics,0,2.3245811462402344e-06,0.6474609375
s_023804,tensor(0),DeeperForensics,0,2.4437904357910156e-06,0.56201171875
s_023829,tensor(0),DeeperForensics,0,2.2649765014648438e-06,0.43896484375
s_023829,tensor(0),DeeperForensics,0,2.205371856689453e-06,0.53857421875
s_023850,tensor(0),DeeperForensics,0,2.3245811462402344e-06,0.56640625
s_023850,tensor(0),DeeperForensics,0,2.3245811462402344e-06,0.54736328125
s_023850,tensor(0),DeeperForensics,0,2.4437904357910156e-06,0.51904296875
s_023854,tensor(0),DeeperForensics,0,2.3245811462402344e-06,0.64599609375
s_023854,tensor(0),DeeperForensics,0,2.2649765014648438e-06,0.67724609375
s_023854,tensor(0),DeeperForensics,0,2.2649765014648438e-06,0.80078125
s_023865,tensor(0),DeeperForensics,0,2.3245811462402344e-06,0.7734375
s_023865,tensor(0),DeeperForensics,0,2.2649765014648438e-06,0.58740234375
s_023865,tensor(0),DeeperForensics,0,2.2649765014648438e-06,0.5830078125
s_023873,tensor(0),DeeperForensics,0,3.0994415283203125e-06,0.170654296875
s_023873,tensor(0),DeeperForensics,0,3.0994415283203125e-06,0.12432861328125
s_023889,tensor(0),DeeperForensics,0,2.3245811462402344e-06,0.279296875
s_023903,tensor(0),DeeperForensics,0,2.5033950805664062e-06,0.2398681640625
s_023903,tensor(0),DeeperForensics,0,2.562999725341797e-06,0.13037109375
s_023921,tensor(0),DeeperForensics,0,2.5033950805664062e-06,0.384033203125
s_023921,tensor(0),DeeperForensics,0,2.384185791015625e-06,0.390625
s_023922,tensor(0),DeeperForensics,0,2.7418136596679688e-06,0.0560302734375
s_023922,tensor(0),DeeperForensics,0,2.86102294921875e-06,0.10052490234375
s_023935,tensor(0),DeeperForensics,0,2.5033950805664062e-06,0.4931640625
s_023935,tensor(0),DeeperForensics,0,2.3245811462402344e-06,0.382080078125
s_023938,tensor(0),DeeperForensics,0,2.562999725341797e-06,0.2646484375
s_023938,tensor(0),DeeperForensics,0,2.682209014892578e-06,0.2232666015625
s_023947,tensor(0),DeeperForensics,0,2.5033950805664062e-06,0.462646484375
s_023947,tensor(0),DeeperForensics,0,2.4437904357910156e-06,0.34423828125
s_023960,tensor(0),DeeperForensics,0,2.6226043701171875e-06,0.62158203125
s_023965,tensor(0),DeeperForensics,0,2.8014183044433594e-06,0.358154296875
s_067284,tensor(0),FaceForensics++,1,1.0,0.99267578125
s_067284,tensor(2),FaceForensics++,1,1.0,0.87109375
s_067326,tensor(0),FaceForensics++,1,1.0,0.8740234375
s_067326,tensor(0),FaceForensics++,1,1.0,0.958984375
s_067326,tensor(0),FaceForensics++,1,1.0,0.9130859375
s_067326,tensor(0),FaceForensics++,1,1.0,0.91845703125
s_067326,tensor(0),FaceForensics++,1,1.0,0.96044921875
s_067329,tensor(0),FaceForensics++,1,1.0,0.99267578125
s_067329,tensor(0),FaceForensics++,1,1.0,0.99169921875
s_067329,tensor(0),FaceForensics++,1,1.0,0.99609375
s_067344,tensor(0),FaceForensics++,1,1.0,0.9990234375
s_067347,tensor(1),FaceForensics++,1,1.0,0.98193359375
s_067347,tensor(3),FaceForensics++,1,1.0,0.96337890625
s_067347,tensor(1),FaceForensics++,1,1.0,0.9892578125
s_067347,tensor(1),FaceForensics++,1,1.0,0.99267578125
s_067347,tensor(1),FaceForensics++,1,1.0,0.99169921875
s_067347,tensor(1),FaceForensics++,1,1.0,0.98681640625
s_067347,tensor(1),FaceForensics++,1,1.0,0.99267578125
s_067347,tensor(1),FaceForensics++,1,1.0,0.99462890625
s_067350,tensor(0),FaceForensics++,1,1.0,0.99853515625
s_067354,tensor(0),FaceForensics++,1,1.0,0.98779296875
s_067354,tensor(0),FaceForensics++,1,1.0,0.9921875
s_067354,tensor(0),FaceForensics++,1,1.0,0.98779296875
s_067354,tensor(0),FaceForensics++,1,1.0,0.986328125
s_067365,tensor(0),FaceForensics++,1,1.0,0.998046875
s_067365,tensor(0),FaceForensics++,1,1.0,0.998046875
s_067366,tensor(0),FaceForensics++,1,1.0,0.99755859375
s_067366,tensor(1),FaceForensics++,1,1.0,0.99365234375
s_067366,tensor(0),FaceForensics++,1,1.0,0.998046875
s_067366,tensor(1),FaceForensics++,1,1.0,0.9873046875
s_067366,tensor(0),FaceForensics++,1,1.0,0.99755859375
s_067366,tensor(1),FaceForensics++,1,1.0,0.990234375
s_067366,tensor(2),FaceForensics++,1,1.0,0.92236328125
s_067366,tensor(3),FaceForensics++,1,1.0,0.2646484375
s_067366,tensor(0),FaceForensics++,1,1.0,0.99755859375
s_067366,tensor(1),FaceForensics++,1,1.0,0.99169921875
s_067366,tensor(2),FaceForensics++,1,1.0,0.953125
s_067366,tensor(3),FaceForensics++,1,1.0,0.08880615234375
s_067366,tensor(0),FaceForensics++,1,1.0,0.99755859375
s_067366,tensor(1),FaceForensics++,1,1.0,0.990234375
s_067366,tensor(2),FaceForensics++,1,1.0,0.9501953125
s_067366,tensor(0),FaceForensics++,1,1.0,0.998046875
s_067366,tensor(1),FaceForensics++,1,1.0,0.98876953125
s_067390,tensor(0),FaceForensics++,1,1.0,0.9931640625
s_067390,tensor(0),FaceForensics++,1,1.0,0.99169921875
s_067390,tensor(0),FaceForensics++,1,1.0,0.99658203125
s_067394,tensor(0),FaceForensics++,1,1.0,0.99560546875
s_067394,tensor(0),FaceForensics++,1,1.0,0.99658203125
s_067394,tensor(0),FaceForensics++,1,1.0,0.99462890625
s_067394,tensor(0),FaceForensics++,1,1.0,0.99658203125
s_067408,tensor(0),FaceForensics++,1,1.0,0.97216796875
s_067408,tensor(0),FaceForensics++,1,1.0,0.96337890625
s_067408,tensor(0),FaceForensics++,1,1.0,0.98046875
s_067408,tensor(0),FaceForensics++,1,1.0,0.99169921875
s_067408,tensor(0),FaceForensics++,1,1.0,0.9951171875
s_067408,tensor(0),FaceForensics++,1,1.0,0.98779296875
s_067409,tensor(0),FaceForensics++,1,1.0,0.998046875
s_067409,tensor(0),FaceForensics++,1,1.0,0.99755859375
s_067420,tensor(0),FaceForensics++,1,1.0,0.9931640625
s_067420,tensor(0),FaceForensics++,1,1.0,0.99365234375
s_067420,tensor(0),FaceForensics++,1,1.0,0.99365234375
s_067424,tensor(0),FaceForensics++,1,1.0,0.4541015625
s_067424,tensor(1),FaceForensics++,1,1.0,0.92236328125
s_067424,tensor(2),FaceForensics++,1,0.9990234375,0.8935546875
