video_id,probability,label,source
s_000009,1.0,1,AI_DEEPFAKE
s_000013,1.0,1,AI_DEEPFAKE
s_000017,1.0,1,AI_DEEPFAKE
s_000027,1.0,1,AI_DEEPFAKE
s_000060,1.0,1,AI_DEEPFAKE
s_000112,0.00015723705291748047,0,Celeb_DF
s_000144,1.0,0,Celeb_DF
s_000154,6.318092346191406e-06,0,Celeb_DF
s_000171,1.0,0,Celeb_DF
s_000213,2.6702880859375e-05,0,Celeb_DF
s_000217,1.0,0,Celeb_DF
s_000242,1.0,0,Celeb_DF
s_000254,1.8477439880371094e-05,0,Celeb_DF
s_000384,2.193450927734375e-05,0,Celeb_DF
s_000406,0.004962921142578125,0,Celeb_DF
s_000484,1.0,0,Celeb_DF
s_000660,2.3543834686279297e-05,0,Celeb_DF
s_000798,1.0,1,Celeb_DF
s_000825,1.0,1,Celeb_DF
s_000833,1.0,1,Celeb_DF
s_000839,1.0,1,Celeb_DF
s_000922,1.0,1,Celeb_DF
s_000997,1.0,1,Celeb_DF
s_001029,1.0,1,Celeb_DF
s_001305,1.0,1,Celeb_DF
s_001309,1.0,1,Celeb_DF
s_001321,1.0,1,Celeb_DF
s_001331,1.0,1,Celeb_DF
s_001345,1.0,1,Celeb_DF
s_001371,1.0,1,Celeb_DF
s_001374,1.0,1,Celeb_DF
s_001376,1.0,1,Celeb_DF
s_001380,1.0,1,Celeb_DF
s_001383,1.0,1,Celeb_DF
s_001419,1.0,1,Celeb_DF
s_001420,1.0,1,Celeb_DF
s_001484,1.0,1,Celeb_DF
s_001488,1.0,1,Celeb_DF
s_001600,1.0,1,Celeb_DF
s_001605,1.0,1,Celeb_DF
s_001630,1.0,1,Celeb_DF
s_001635,1.0,1,Celeb_DF
s_001677,1.0,1,Celeb_DF
s_001691,1.0,1,Celeb_DF
s_001697,1.0,1,Celeb_DF
s_001762,1.0,1,Celeb_DF
s_001861,1.0,1,Celeb_DF
s_001891,1.0,1,Celeb_DF
s_001957,1.0,1,Celeb_DF
s_002009,1.0,1,Celeb_DF
s_002101,1.0,1,Celeb_DF
s_002102,1.0,1,Celeb_DF
s_002105,1.0,1,Celeb_DF
s_002163,1.0,1,Celeb_DF
s_002254,1.0,1,Celeb_DF
s_002264,1.0,1,Celeb_DF
s_002269,1.0,1,Celeb_DF
s_002273,1.0,1,Celeb_DF
s_002294,1.0,1,Celeb_DF
s_002313,1.0,1,Celeb_DF
s_002317,1.0,1,Celeb_DF
s_002323,1.0,1,Celeb_DF
s_002343,1.0,1,Celeb_DF
s_002358,1.0,1,Celeb_DF
s_002376,1.0,1,Celeb_DF
s_002380,1.0,1,Celeb_DF
s_002381,1.0,1,Celeb_DF
s_002387,1.0,1,Celeb_DF
s_002421,1.0,1,Celeb_DF
s_002462,1.0,1,Celeb_DF
s_002489,1.0,1,Celeb_DF
s_002517,1.0,1,Celeb_DF
s_002523,1.0,1,Celeb_DF
s_002563,1.0,1,Celeb_DF
s_002679,0.99267578125,1,Celeb_DF
s_002856,1.0,1,Celeb_DF
s_002879,1.0,1,Celeb_DF
s_002881,1.0,1,Celeb_DF
s_002909,1.0,1,Celeb_DF
s_002912,1.0,1,Celeb_DF
s_002913,1.0,1,Celeb_DF
s_002928,1.0,1,Celeb_DF
s_002949,1.0,1,Celeb_DF
s_002958,1.0,1,Celeb_DF
s_002961,1.0,1,Celeb_DF
s_002987,1.0,1,Celeb_DF
s_002996,1.0,1,Celeb_DF
s_003248,1.0,1,Celeb_DF
s_003269,1.0,1,Celeb_DF
s_003297,1.0,1,Celeb_DF
s_003312,1.0,1,Celeb_DF
s_003363,1.0,1,Celeb_DF
s_003390,1.0,1,Celeb_DF
s_003426,1.0,1,Celeb_DF
s_003453,1.0,1,Celeb_DF
s_003641,1.0,1,Celeb_DF
s_003650,1.0,1,Celeb_DF
s_003736,1.0,1,Celeb_DF
s_003789,1.0,1,Celeb_DF
s_003907,1.0,1,Celeb_DF
s_003984,1.0,1,Celeb_DF
s_004025,1.0,1,Celeb_DF
s_004027,1.0,1,Celeb_DF
s_004107,1.0,1,Celeb_DF
s_004176,1.0,1,Celeb_DF
s_004186,1.0,1,Celeb_DF
s_004215,1.0,1,Celeb_DF
s_004237,1.0,1,Celeb_DF
s_004238,1.0,1,Celeb_DF
s_004257,1.0,1,Celeb_DF
s_004273,1.0,1,Celeb_DF
s_004281,1.0,1,Celeb_DF
s_004297,1.0,1,Celeb_DF
s_004298,1.0,1,Celeb_DF
s_004302,1.0,1,Celeb_DF
s_004309,1.0,1,Celeb_DF
s_004318,1.0,1,Celeb_DF
s_004325,1.0,1,Celeb_DF
s_004326,1.0,1,Celeb_DF
s_004349,1.0,1,Celeb_DF
s_004355,1.0,1,Celeb_DF
s_004369,1.0,1,Celeb_DF
s_004372,1.0,1,Celeb_DF
s_004373,1.0,1,Celeb_DF
s_004376,1.0,1,Celeb_DF
s_004378,1.0,1,Celeb_DF
s_004470,1.0,1,Celeb_DF
s_004629,1.0,1,Celeb_DF
s_004675,1.0,1,Celeb_DF
s_004681,1.0,1,Celeb_DF
s_004726,1.0,1,Celeb_DF
s_004754,1.0,1,Celeb_DF
s_004794,1.0,1,Celeb_DF
s_004828,1.0,1,Celeb_DF
s_004868,1.0,1,Celeb_DF
s_004907,1.0,1,Celeb_DF
s_004935,1.0,1,Celeb_DF
s_005077,1.0,1,Celeb_DF
s_005183,1.0,1,Celeb_DF
s_005195,1.0,1,Celeb_DF
s_005423,1.0,1,Celeb_DF
s_005453,1.0,1,Celeb_DF
s_005463,1.0,1,Celeb_DF
s_005504,1.0,1,Celeb_DF
s_005617,1.0,1,Celeb_DF
s_005901,1.0,1,Celeb_DF
s_006125,1.0,1,Celeb_DF
s_006141,1.0,1,Celeb_DF
s_006204,1.0,1,Celeb_DF
s_006207,1.0,1,Celeb_DF
s_006275,1.0,1,Celeb_DF
s_006279,1.0,1,Celeb_DF
s_006297,1.0,1,Celeb_DF
s_006369,0.0006961822509765625,0,Celeb_DF
s_006441,7.200241088867188e-05,0,Celeb_DF
s_006453,0.00012242794036865234,0,Celeb_DF
s_006493,3.790855407714844e-05,0,Celeb_DF
s_006497,5.066394805908203e-05,0,Celeb_DF
s_006522,0.99951171875,0,Celeb_DF
s_006544,2.3186206817626953e-05,0,Celeb_DF
s_006557,0.00018095970153808594,0,Celeb_DF
s_006580,1.0,0,Celeb_DF
s_006603,0.0001214742660522461,0,Celeb_DF
s_006631,1.0,1,DeeperForensics
s_006650,1.0,1,DeeperForensics
s_006699,1.0,1,DeeperForensics
s_006740,1.0,1,DeeperForensics
s_006741,1.0,1,DeeperForensics
s_006756,1.0,1,DeeperForensics
s_006766,1.0,1,DeeperForensics
s_006797,1.0,1,DeeperForensics
s_006806,1.0,1,DeeperForensics
s_006842,1.0,1,DeeperForensics
s_006853,1.0,1,DeeperForensics
s_006881,1.0,1,DeeperForensics
s_006928,1.0,1,DeeperForensics
s_006935,1.0,1,DeeperForensics
s_006936,1.0,1,DeeperForensics
s_006953,1.0,1,DeeperForensics
s_006975,1.0,1,DeeperForensics
s_006983,1.0,1,DeeperForensics
s_006985,1.0,1,DeeperForensics
s_007042,1.0,1,DeeperForensics
s_007044,1.0,1,DeeperForensics
s_007082,1.0,1,DeeperForensics
s_007129,1.0,1,DeeperForensics
s_007159,1.0,1,DeeperForensics
s_007167,1.0,1,DeeperForensics
s_007168,1.0,1,DeeperForensics
s_007226,1.0,1,DeeperForensics
s_007256,1.0,1,DeeperForensics
s_007297,1.0,1,DeeperForensics
s_007299,1.0,1,DeeperForensics
s_007302,1.0,1,DeeperForensics
s_007320,1.0,1,DeeperForensics
s_007333,1.0,1,DeeperForensics
s_007378,1.0,1,DeeperForensics
s_007397,1.0,1,DeeperForensics
s_007400,1.0,1,DeeperForensics
s_007425,1.0,1,DeeperForensics
s_007428,1.0,1,DeeperForensics
s_007462,1.0,1,DeeperForensics
s_007474,1.0,1,DeeperForensics
s_007493,1.0,1,DeeperForensics
s_007548,1.0,1,DeeperForensics
s_007586,1.0,1,DeeperForensics
s_007617,1.0,1,DeeperForensics
s_007629,1.0,1,DeeperForensics
s_007693,1.0,1,DeeperForensics
s_007758,1.0,1,DeeperForensics
s_007759,1.0,1,DeeperForensics
s_007789,1.0,1,DeeperForensics
s_007791,0.9990234375,1,DeeperForensics
s_007799,1.0,1,DeeperForensics
s_007805,1.0,1,DeeperForensics
s_007812,1.0,1,DeeperForensics
s_007846,1.0,1,DeeperForensics
s_007871,1.0,1,DeeperForensics
s_007872,1.0,1,DeeperForensics
s_007874,1.0,1,DeeperForensics
s_007923,1.0,1,DeeperForensics
s_007947,1.0,1,DeeperForensics
s_007961,1.0,1,DeeperForensics
s_008000,1.0,1,DeeperForensics
s_008082,1.0,1,DeeperForensics
s_008112,1.0,1,DeeperForensics
s_008140,1.0,1,DeeperForensics
s_008185,1.0,1,DeeperForensics
s_008204,1.0,1,DeeperForensics
s_008313,1.0,1,DeeperForensics
s_008338,1.0,1,DeeperForensics
s_008426,1.0,1,DeeperForensics
s_008477,1.0,1,DeeperForensics
s_008502,1.0,1,DeeperForensics
s_008531,1.0,1,DeeperForensics
s_008541,1.0,1,DeeperForensics
s_008572,1.0,1,DeeperForensics
s_008620,1.0,1,DeeperForensics
s_008624,1.0,1,DeeperForensics
s_008642,1.0,1,DeeperForensics
s_008649,1.0,1,DeeperForensics
s_008697,1.0,1,DeeperForensics
s_008718,1.0,1,DeeperForensics
s_008741,1.0,1,DeeperForensics
s_008742,1.0,1,DeeperForensics
s_008755,1.0,1,DeeperForensics
s_008791,1.0,1,DeeperForensics
s_008806,1.0,1,DeeperForensics
s_008839,1.0,1,DeeperForensics
s_008844,1.0,1,DeeperForensics
s_008853,1.0,1,DeeperForensics
s_008861,1.0,1,DeeperForensics
s_008862,1.0,1,DeeperForensics
s_008870,1.0,1,DeeperForensics
s_008873,1.0,1,DeeperForensics
s_008875,1.0,1,DeeperForensics
s_008876,1.0,1,DeeperForensics
s_008877,1.0,1,DeeperForensics
s_008887,1.0,1,DeeperForensics
s_008891,1.0,1,DeeperForensics
s_008892,1.0,1,DeeperForensics
s_008938,1.0,1,DeeperForensics
s_008952,1.0,1,DeeperForensics
s_008977,1.0,1,DeeperForensics
s_008984,1.0,1,DeeperForensics
s_008988,1.0,1,DeeperForensics
s_009041,1.0,1,DeeperForensics
s_009042,1.0,1,DeeperForensics
s_009045,1.0,1,DeeperForensics
s_009114,1.0,1,DeeperForensics
s_009141,1.0,1,DeeperForensics
s_009145,1.0,1,DeeperForensics
s_009172,1.0,1,DeeperForensics
s_009216,1.0,1,DeeperForensics
s_009219,1.0,1,DeeperForensics
s_009255,1.0,1,DeeperForensics
s_009257,1.0,1,DeeperForensics
s_009275,1.0,1,DeeperForensics
s_009278,1.0,1,DeeperForensics
s_009333,1.0,1,DeeperForensics
s_009339,1.0,1,DeeperForensics
s_009360,1.0,1,DeeperForensics
s_009373,1.0,1,DeeperForensics
s_009382,1.0,1,DeeperForensics
s_009384,1.0,1,DeeperForensics
s_009404,1.0,1,DeeperForensics
s_009409,1.0,1,DeeperForensics
s_009419,1.0,1,DeeperForensics
s_009420,1.0,1,DeeperForensics
s_009470,1.0,1,DeeperForensics
s_009538,1.0,1,DeeperForensics
s_009567,1.0,1,DeeperForensics
s_009568,1.0,1,DeeperForensics
s_009595,1.0,1,DeeperForensics
s_009615,1.0,1,DeeperForensics
s_009622,1.0,1,DeeperForensics
s_009624,1.0,1,DeeperForensics
s_009632,1.0,1,DeeperForensics
s_009635,1.0,1,DeeperForensics
s_009706,1.0,1,DeeperForensics
s_009721,1.0,1,DeeperForensics
s_009726,1.0,1,DeeperForensics
s_009740,1.0,1,DeeperForensics
s_009748,1.0,1,DeeperForensics
s_009771,1.0,1,DeeperForensics
s_009780,1.0,1,DeeperForensics
s_009814,1.0,1,DeeperForensics
s_009816,1.0,1,DeeperForensics
s_009839,1.0,1,DeeperForensics
s_009901,1.0,1,DeeperForensics
s_009955,1.0,1,DeeperForensics
s_009962,1.0,1,DeeperForensics
s_009992,1.0,1,DeeperForensics
s_010017,1.0,1,DeeperForensics
s_010065,1.0,1,DeeperForensics
s_010098,1.0,1,DeeperForensics
s_010106,1.0,1,DeeperForensics
s_010111,1.0,1,DeeperForensics
s_010131,1.0,1,DeeperForensics
s_010134,1.0,1,DeeperForensics
s_010139,1.0,1,DeeperForensics
s_010174,1.0,1,DeeperForensics
s_010200,1.0,1,DeeperForensics
s_010209,1.0,1,DeeperForensics
s_010214,1.0,1,DeeperForensics
s_010227,1.0,1,DeeperForensics
s_010234,1.0,1,DeeperForensics
s_010235,1.0,1,DeeperForensics
s_010257,1.0,1,DeeperForensics
s_010261,1.0,1,DeeperForensics
s_010266,1.0,1,DeeperForensics
s_010272,1.0,1,DeeperForensics
s_010274,1.0,1,DeeperForensics
s_010320,1.0,1,DeeperForensics
s_010322,1.0,1,DeeperForensics
s_010325,1.0,1,DeeperForensics
s_010398,1.0,1,DeeperForensics
s_010419,1.0,1,DeeperForensics
s_010430,1.0,1,DeeperForensics
s_010431,1.0,1,DeeperForensics
s_010471,1.0,1,DeeperForensics
s_010481,1.0,1,DeeperForensics
s_010511,1.0,1,DeeperForensics
s_010567,1.0,1,DeeperForensics
s_010619,1.0,1,DeeperForensics
s_010633,1.0,1,DeeperForensics
s_010658,1.0,1,DeeperForensics
s_010669,1.0,1,DeeperForensics
s_010743,1.0,1,DeeperForensics
s_010759,1.0,1,DeeperForensics
s_010761,1.0,1,DeeperForensics
s_010767,1.0,1,DeeperForensics
s_010792,1.0,1,DeeperForensics
s_010815,1.0,1,DeeperForensics
s_010846,1.0,1,DeeperForensics
s_010851,1.0,1,DeeperForensics
s_010857,1.0,1,DeeperForensics
s_010898,1.0,1,DeeperForensics
s_010900,1.0,1,DeeperForensics
s_010961,1.0,1,DeeperForensics
s_010963,1.0,1,DeeperForensics
s_011006,1.0,1,DeeperForensics
s_011055,1.0,1,DeeperForensics
s_011056,1.0,1,DeeperForensics
s_011066,1.0,1,DeeperForensics
s_011067,1.0,1,DeeperForensics
s_011076,1.0,1,DeeperForensics
s_011188,1.0,1,DeeperForensics
s_011202,1.0,1,DeeperForensics
s_011266,1.0,1,DeeperForensics
s_011290,1.0,1,DeeperForensics
s_011292,1.0,1,DeeperForensics
s_011304,1.0,1,DeeperForensics
s_011329,1.0,1,DeeperForensics
s_011348,1.0,1,DeeperForensics
s_011372,1.0,1,DeeperForensics
s_011421,1.0,1,DeeperForensics
s_011467,1.0,1,DeeperForensics
s_011491,1.0,1,DeeperForensics
s_011492,1.0,1,DeeperForensics
s_011540,1.0,1,DeeperForensics
s_011544,1.0,1,DeeperForensics
s_011569,1.0,1,DeeperForensics
s_011631,2.4437904357910156e-06,0,DeeperForensics
s_011657,2.3245811462402344e-06,0,DeeperForensics
s_011676,2.2649765014648438e-06,0,DeeperForensics
s_011705,2.3245811462402344e-06,0,DeeperForensics
s_011708,2.562999725341797e-06,0,DeeperForensics
s_011725,2.2649765014648438e-06,0,DeeperForensics
s_011749,2.7418136596679688e-06,0,DeeperForensics
s_011794,2.4437904357910156e-06,0,DeeperForensics
s_011795,2.384185791015625e-06,0,DeeperForensics
s_011810,2.562999725341797e-06,0,DeeperForensics
s_011842,2.562999725341797e-06,0,DeeperForensics
s_011845,2.4437904357910156e-06,0,DeeperForensics
s_011877,2.4437904357910156e-06,0,DeeperForensics
s_011905,2.562999725341797e-06,0,DeeperForensics
s_011911,2.3245811462402344e-06,0,DeeperForensics
s_011915,2.562999725341797e-06,0,DeeperForensics
s_011967,2.5033950805664062e-06,0,DeeperForensics
s_011972,2.4437904357910156e-06,0,DeeperForensics
s_011973,2.2649765014648438e-06,0,DeeperForensics
s_011974,2.4437904357910156e-06,0,DeeperForensics
s_011981,2.3245811462402344e-06,0,DeeperForensics
s_012001,2.3245811462402344e-06,0,DeeperForensics
s_012027,2.3245811462402344e-06,0,DeeperForensics
s_012055,2.4437904357910156e-06,0,DeeperForensics
s_012071,2.5033950805664062e-06,0,DeeperForensics
s_012119,2.6226043701171875e-06,0,DeeperForensics
s_012130,2.384185791015625e-06,0,DeeperForensics
s_012145,2.3245811462402344e-06,0,DeeperForensics
s_012160,2.3245811462402344e-06,0,DeeperForensics
s_012162,2.3245811462402344e-06,0,DeeperForensics
s_012166,2.205371856689453e-06,0,DeeperForensics
s_012174,2.4437904357910156e-06,0,DeeperForensics
s_012194,2.682209014892578e-06,0,DeeperForensics
s_012196,2.5033950805664062e-06,0,DeeperForensics
s_012198,3.159046173095703e-06,0,DeeperForensics
s_012203,2.3245811462402344e-06,0,DeeperForensics
s_012209,2.4437904357910156e-06,0,DeeperForensics
s_012225,2.4437904357910156e-06,0,DeeperForensics
s_012231,2.3245811462402344e-06,0,DeeperForensics
s_012247,2.682209014892578e-06,0,DeeperForensics
s_012254,2.562999725341797e-06,0,DeeperForensics
s_012257,2.2649765014648438e-06,0,DeeperForensics
s_012260,2.384185791015625e-06,0,DeeperForensics
s_012261,2.562999725341797e-06,0,DeeperForensics
s_012263,2.682209014892578e-06,0,DeeperForensics
s_012271,2.2649765014648438e-06,0,DeeperForensics
s_012273,2.3245811462402344e-06,0,DeeperForensics
s_012277,2.205371856689453e-06,0,DeeperForensics
s_012279,2.3245811462402344e-06,0,DeeperForensics
s_012285,2.562999725341797e-06,0,DeeperForensics
s_012291,2.562999725341797e-06,0,DeeperForensics
s_012299,2.3245811462402344e-06,0,DeeperForensics
s_012300,2.384185791015625e-06,0,DeeperForensics
s_012303,2.5033950805664062e-06,0,DeeperForensics
s_012307,2.5033950805664062e-06,0,DeeperForensics
s_012308,2.4437904357910156e-06,0,DeeperForensics
s_012331,2.384185791015625e-06,0,DeeperForensics
s_012332,2.5033950805664062e-06,0,DeeperForensics
s_012369,2.4437904357910156e-06,0,DeeperForensics
s_012370,3.5762786865234375e-06,0,DeeperForensics
s_012379,2.2649765014648438e-06,0,DeeperForensics
s_012388,2.562999725341797e-06,0,DeeperForensics
s_012392,2.562999725341797e-06,0,DeeperForensics
s_012413,2.562999725341797e-06,0,DeeperForensics
s_012420,2.682209014892578e-06,0,DeeperForensics
s_012425,2.4437904357910156e-06,0,DeeperForensics
s_012437,2.6226043701171875e-06,0,DeeperForensics
s_012438,2.3245811462402344e-06,0,DeeperForensics
s_012450,2.3245811462402344e-06,0,DeeperForensics
s_012468,3.3974647521972656e-06,0,DeeperForensics
s_012484,2.1457672119140625e-06,0,DeeperForensics
s_012490,2.5033950805664062e-06,0,DeeperForensics
s_012491,2.2649765014648438e-06,0,DeeperForensics
s_012511,2.5033950805664062e-06,0,DeeperForensics
s_012513,2.2649765014648438e-06,0,DeeperForensics
s_012529,2.3245811462402344e-06,0,DeeperForensics
s_012536,2.3245811462402344e-06,0,DeeperForensics
s_012537,2.2649765014648438e-06,0,DeeperForensics
s_012538,2.5033950805664062e-06,0,DeeperForensics
s_012540,2.3245811462402344e-06,0,DeeperForensics
s_012543,2.562999725341797e-06,0,DeeperForensics
s_012549,2.384185791015625e-06,0,DeeperForensics
s_012576,3.0994415283203125e-06,0,DeeperForensics
s_012583,2.384185791015625e-06,0,DeeperForensics
s_012585,2.4437904357910156e-06,0,DeeperForensics
s_012611,2.4437904357910156e-06,0,DeeperForensics
s_012615,2.4437904357910156e-06,0,DeeperForensics
s_012616,2.384185791015625e-06,0,DeeperForensics
s_012618,2.5033950805664062e-06,0,DeeperForensics
s_012629,2.7418136596679688e-06,0,DeeperForensics
s_012633,2.8014183044433594e-06,0,DeeperForensics
s_012642,2.3245811462402344e-06,0,DeeperForensics
s_012646,2.5033950805664062e-06,0,DeeperForensics
s_012663,2.3245811462402344e-06,0,DeeperForensics
s_012693,2.3245811462402344e-06,0,DeeperForensics
s_012699,2.3245811462402344e-06,0,DeeperForensics
s_012708,2.5033950805664062e-06,0,DeeperForensics
s_012716,2.86102294921875e-06,0,DeeperForensics
s_012725,2.4437904357910156e-06,0,DeeperForensics
s_012743,2.682209014892578e-06,0,DeeperForensics
s_012749,2.3245811462402344e-06,0,DeeperForensics
s_012755,2.4437904357910156e-06,0,DeeperForensics
s_012763,2.562999725341797e-06,0,DeeperForensics
s_012764,2.562999725341797e-06,0,DeeperForensics
s_012786,2.384185791015625e-06,0,DeeperForensics
s_012814,2.5033950805664062e-06,0,DeeperForensics
s_012818,2.2649765014648438e-06,0,DeeperForensics
s_012819,2.4437904357910156e-06,0,DeeperForensics
s_012828,2.6226043701171875e-06,0,DeeperForensics
s_012856,2.562999725341797e-06,0,DeeperForensics
s_012857,2.4437904357910156e-06,0,DeeperForensics
s_012862,2.2649765014648438e-06,0,DeeperForensics
s_012866,2.2649765014648438e-06,0,DeeperForensics
s_012889,2.4437904357910156e-06,0,DeeperForensics
s_012900,2.3245811462402344e-06,0,DeeperForensics
s_012901,2.3245811462402344e-06,0,DeeperForensics
s_012976,2.4437904357910156e-06,0,DeeperForensics
s_012982,2.205371856689453e-06,0,DeeperForensics
s_012987,2.384185791015625e-06,0,DeeperForensics
s_013040,2.3245811462402344e-06,0,DeeperForensics
s_013074,2.5033950805664062e-06,0,DeeperForensics
s_013087,2.4437904357910156e-06,0,DeeperForensics
s_013111,2.3245811462402344e-06,0,DeeperForensics
s_013114,2.384185791015625e-06,0,DeeperForensics
s_013118,2.3245811462402344e-06,0,DeeperForensics
s_013138,2.5033950805664062e-06,0,DeeperForensics
s_013139,2.5033950805664062e-06,0,DeeperForensics
s_013151,2.384185791015625e-06,0,DeeperForensics
s_013172,2.4437904357910156e-06,0,DeeperForensics
s_013185,2.3245811462402344e-06,0,DeeperForensics
s_013203,2.4437904357910156e-06,0,DeeperForensics
s_013214,2.5033950805664062e-06,0,DeeperForensics
s_013219,2.9206275939941406e-06,0,DeeperForensics
s_013221,2.4437904357910156e-06,0,DeeperForensics
s_013231,2.2649765014648438e-06,0,DeeperForensics
s_013232,2.1457672119140625e-06,0,DeeperForensics
s_013234,2.562999725341797e-06,0,DeeperForensics
s_013252,2.384185791015625e-06,0,DeeperForensics
s_013257,2.2649765014648438e-06,0,DeeperForensics
s_013261,2.562999725341797e-06,0,DeeperForensics
s_013262,2.5033950805664062e-06,0,DeeperForensics
s_013267,2.205371856689453e-06,0,DeeperForensics
s_013269,2.3245811462402344e-06,0,DeeperForensics
s_013302,2.3245811462402344e-06,0,DeeperForensics
s_013313,2.2649765014648438e-06,0,DeeperForensics
s_013315,2.2649765014648438e-06,0,DeeperForensics
s_013318,2.6226043701171875e-06,0,DeeperForensics
s_013324,2.86102294921875e-06,0,DeeperForensics
s_013326,2.562999725341797e-06,0,DeeperForensics
s_013352,2.7418136596679688e-06,0,DeeperForensics
s_013358,2.2649765014648438e-06,0,DeeperForensics
s_013362,2.205371856689453e-06,0,DeeperForensics
s_013369,2.6226043701171875e-06,0,DeeperForensics
s_013407,2.4437904357910156e-06,0,DeeperForensics
s_013421,2.682209014892578e-06,0,DeeperForensics
s_013424,2.3245811462402344e-06,0,DeeperForensics
s_013427,2.682209014892578e-06,0,DeeperForensics
s_013429,2.3245811462402344e-06,0,DeeperForensics
s_013440,2.384185791015625e-06,0,DeeperForensics
s_013446,2.2649765014648438e-06,0,DeeperForensics
s_013450,2.5033950805664062e-06,0,DeeperForensics
s_013463,2.2649765014648438e-06,0,DeeperForensics
s_013465,2.2649765014648438e-06,0,DeeperForensics
s_013467,2.1457672119140625e-06,0,DeeperForensics
s_013480,2.3245811462402344e-06,0,DeeperForensics
s_013487,2.562999725341797e-06,0,DeeperForensics
s_013493,2.3245811462402344e-06,0,DeeperForensics
s_013508,2.5033950805664062e-06,0,DeeperForensics
s_013518,2.6226043701171875e-06,0,DeeperForensics
s_013523,2.3245811462402344e-06,0,DeeperForensics
s_013524,2.2649765014648438e-06,0,DeeperForensics
s_013555,2.4437904357910156e-06,0,DeeperForensics
s_013563,2.4437904357910156e-06,0,DeeperForensics
s_013592,2.384185791015625e-06,0,DeeperForensics
s_013610,2.2649765014648438e-06,0,DeeperForensics
s_013622,2.2649765014648438e-06,0,DeeperForensics
s_013626,2.5033950805664062e-06,0,DeeperForensics
s_013632,2.3245811462402344e-06,0,DeeperForensics
s_013636,2.3245811462402344e-06,0,DeeperForensics
s_013638,2.3245811462402344e-06,0,DeeperForensics
s_013655,2.9206275939941406e-06,0,DeeperForensics
s_013678,2.3245811462402344e-06,0,DeeperForensics
s_013704,2.5033950805664062e-06,0,DeeperForensics
s_013737,2.8014183044433594e-06,0,DeeperForensics
s_013743,2.3245811462402344e-06,0,DeeperForensics
s_013746,2.384185791015625e-06,0,DeeperForensics
s_013756,2.2649765014648438e-06,0,DeeperForensics
s_013783,2.2649765014648438e-06,0,DeeperForensics
s_013784,2.205371856689453e-06,0,DeeperForensics
s_013789,2.205371856689453e-06,0,DeeperForensics
s_013790,2.3245811462402344e-06,0,DeeperForensics
s_013799,2.1457672119140625e-06,0,DeeperForensics
s_013803,2.3245811462402344e-06,0,DeeperForensics
s_013820,2.1457672119140625e-06,0,DeeperForensics
s_013825,2.2649765014648438e-06,0,DeeperForensics
s_013834,2.205371856689453e-06,0,DeeperForensics
s_013896,2.682209014892578e-06,0,DeeperForensics
s_013906,2.3245811462402344e-06,0,DeeperForensics
s_013907,2.682209014892578e-06,0,DeeperForensics
s_013908,2.384185791015625e-06,0,DeeperForensics
s_013932,2.4437904357910156e-06,0,DeeperForensics
s_013933,2.1457672119140625e-06,0,DeeperForensics
s_013944,2.384185791015625e-06,0,DeeperForensics
s_013945,2.6226043701171875e-06,0,DeeperForensics
s_013955,2.384185791015625e-06,0,DeeperForensics
s_013963,2.562999725341797e-06,0,DeeperForensics
s_013977,2.5033950805664062e-06,0,DeeperForensics
s_013984,2.8014183044433594e-06,0,DeeperForensics
s_013987,2.6226043701171875e-06,0,DeeperForensics
s_013988,2.384185791015625e-06,0,DeeperForensics
s_013997,2.4437904357910156e-06,0,DeeperForensics
s_014002,2.4437904357910156e-06,0,DeeperForensics
s_014004,2.2649765014648438e-06,0,DeeperForensics
s_014009,2.4437904357910156e-06,0,DeeperForensics
s_014017,2.205371856689453e-06,0,DeeperForensics
s_014023,2.4437904357910156e-06,0,DeeperForensics
s_014036,2.86102294921875e-06,0,DeeperForensics
s_014050,2.3245811462402344e-06,0,DeeperForensics
s_014052,2.0265579223632812e-06,0,DeeperForensics
s_014061,2.3245811462402344e-06,0,DeeperForensics
s_014070,2.3245811462402344e-06,0,DeeperForensics
s_014073,2.3245811462402344e-06,0,DeeperForensics
s_014077,2.2649765014648438e-06,0,DeeperForensics
s_014086,2.4437904357910156e-06,0,DeeperForensics
s_014087,2.384185791015625e-06,0,DeeperForensics
s_014093,2.3245811462402344e-06,0,DeeperForensics
s_014103,2.2649765014648438e-06,0,DeeperForensics
s_014108,2.2649765014648438e-06,0,DeeperForensics
s_014120,2.2649765014648438e-06,0,DeeperForensics
s_014122,2.3245811462402344e-06,0,DeeperForensics
s_014130,2.3245811462402344e-06,0,DeeperForensics
s_014134,2.682209014892578e-06,0,DeeperForensics
s_014150,2.1457672119140625e-06,0,DeeperForensics
s_014164,2.682209014892578e-06,0,DeeperForensics
s_014165,2.86102294921875e-06,0,DeeperForensics
s_014193,2.5033950805664062e-06,0,DeeperForensics
s_014197,2.2649765014648438e-06,0,DeeperForensics
s_014200,2.384185791015625e-06,0,DeeperForensics
s_014201,2.2649765014648438e-06,0,DeeperForensics
s_014217,2.4437904357910156e-06,0,DeeperForensics
s_014218,2.2649765014648438e-06,0,DeeperForensics
s_014246,2.3245811462402344e-06,0,DeeperForensics
s_014251,3.159046173095703e-06,0,DeeperForensics
s_014255,2.9206275939941406e-06,0,DeeperForensics
s_014265,2.5033950805664062e-06,0,DeeperForensics
s_014267,2.3245811462402344e-06,0,DeeperForensics
s_014282,2.205371856689453e-06,0,DeeperForensics
s_014295,2.205371856689453e-06,0,DeeperForensics
s_014299,2.3245811462402344e-06,0,DeeperForensics
s_014305,2.4437904357910156e-06,0,DeeperForensics
s_014316,2.2649765014648438e-06,0,DeeperForensics
s_014327,2.3245811462402344e-06,0,DeeperForensics
s_014332,2.562999725341797e-06,0,DeeperForensics
s_014351,2.4437904357910156e-06,0,DeeperForensics
s_014366,2.1457672119140625e-06,0,DeeperForensics
s_014389,2.562999725341797e-06,0,DeeperForensics
s_014397,2.6226043701171875e-06,0,DeeperForensics
s_014411,2.562999725341797e-06,0,DeeperForensics
s_014412,2.3245811462402344e-06,0,DeeperForensics
s_014413,2.3245811462402344e-06,0,DeeperForensics
s_014417,2.562999725341797e-06,0,DeeperForensics
s_014424,2.3245811462402344e-06,0,DeeperForensics
s_014431,2.384185791015625e-06,0,DeeperForensics
s_014437,2.3245811462402344e-06,0,DeeperForensics
s_014440,2.7418136596679688e-06,0,DeeperForensics
s_014452,2.384185791015625e-06,0,DeeperForensics
s_014456,2.682209014892578e-06,0,DeeperForensics
s_014473,2.384185791015625e-06,0,DeeperForensics
s_014503,2.5033950805664062e-06,0,DeeperForensics
s_014520,2.6226043701171875e-06,0,DeeperForensics
s_014552,2.6226043701171875e-06,0,DeeperForensics
s_014553,2.86102294921875e-06,0,DeeperForensics
s_014568,2.384185791015625e-06,0,DeeperForensics
s_014577,2.3245811462402344e-06,0,DeeperForensics
s_014585,2.4437904357910156e-06,0,DeeperForensics
s_014586,2.5033950805664062e-06,0,DeeperForensics
s_014599,2.4437904357910156e-06,0,DeeperForensics
s_014611,2.3245811462402344e-06,0,DeeperForensics
s_014621,2.562999725341797e-06,0,DeeperForensics
s_014663,2.205371856689453e-06,0,DeeperForensics
s_014687,2.5033950805664062e-06,0,DeeperForensics
s_014704,2.384185791015625e-06,0,DeeperForensics
s_014715,2.562999725341797e-06,0,DeeperForensics
s_014716,2.562999725341797e-06,0,DeeperForensics
s_014739,2.6226043701171875e-06,0,DeeperForensics
s_014762,2.5033950805664062e-06,0,DeeperForensics
s_014763,2.562999725341797e-06,0,DeeperForensics
s_014798,2.384185791015625e-06,0,DeeperForensics
s_014822,2.3245811462402344e-06,0,DeeperForensics
s_014829,2.4437904357910156e-06,0,DeeperForensics
s_014837,2.384185791015625e-06,0,DeeperForensics
s_014850,2.86102294921875e-06,0,DeeperForensics
s_014854,2.4437904357910156e-06,0,DeeperForensics
s_014871,2.6226043701171875e-06,0,DeeperForensics
s_014898,2.2649765014648438e-06,0,DeeperForensics
s_014905,7.3909759521484375e-06,0,DeeperForensics
s_014914,2.3245811462402344e-06,0,DeeperForensics
s_014918,2.5033950805664062e-06,0,DeeperForensics
s_014927,2.086162567138672e-06,0,DeeperForensics
s_014928,2.1457672119140625e-06,0,DeeperForensics
s_014931,2.384185791015625e-06,0,DeeperForensics
s_014942,2.2649765014648438e-06,0,DeeperForensics
s_014948,2.1457672119140625e-06,0,DeeperForensics
s_014973,2.4437904357910156e-06,0,DeeperForensics
s_014994,2.3245811462402344e-06,0,DeeperForensics
s_015032,2.205371856689453e-06,0,DeeperForensics
s_015044,2.7418136596679688e-06,0,DeeperForensics
s_015130,2.5033950805664062e-06,0,DeeperForensics
s_015138,2.562999725341797e-06,0,DeeperForensics
s_015148,2.3245811462402344e-06,0,DeeperForensics
s_015158,2.384185791015625e-06,0,DeeperForensics
s_015169,2.205371856689453e-06,0,DeeperForensics
s_015186,2.6226043701171875e-06,0,DeeperForensics
s_015215,2.4437904357910156e-06,0,DeeperForensics
s_015256,2.5033950805664062e-06,0,DeeperForensics
s_015289,2.562999725341797e-06,0,DeeperForensics
s_015302,3.5762786865234375e-06,0,DeeperForensics
s_015306,2.9206275939941406e-06,0,DeeperForensics
s_015312,2.384185791015625e-06,0,DeeperForensics
s_015316,2.562999725341797e-06,0,DeeperForensics
s_015327,2.5033950805664062e-06,0,DeeperForensics
s_015404,2.6226043701171875e-06,0,DeeperForensics
s_015425,2.5033950805664062e-06,0,DeeperForensics
s_015430,2.9206275939941406e-06,0,DeeperForensics
s_015431,2.4437904357910156e-06,0,DeeperForensics
s_015446,2.562999725341797e-06,0,DeeperForensics
s_015452,2.4437904357910156e-06,0,DeeperForensics
s_015512,2.2649765014648438e-06,0,DeeperForensics
s_015543,2.4437904357910156e-06,0,DeeperForensics
s_015552,2.6226043701171875e-06,0,DeeperForensics
s_015563,2.5033950805664062e-06,0,DeeperForensics
s_015576,2.8014183044433594e-06,0,DeeperForensics
s_015613,2.384185791015625e-06,0,DeeperForensics
s_015614,2.7418136596679688e-06,0,DeeperForensics
s_015655,2.5033950805664062e-06,0,DeeperForensics
s_015703,2.6226043701171875e-06,0,DeeperForensics
s_015722,2.562999725341797e-06,0,DeeperForensics
s_015733,2.6226043701171875e-06,0,DeeperForensics
s_015761,2.86102294921875e-06,0,DeeperForensics
s_015808,2.2649765014648438e-06,0,DeeperForensics
s_015824,2.5033950805664062e-06,0,DeeperForensics
s_015830,2.9206275939941406e-06,0,DeeperForensics
s_015884,2.3245811462402344e-06,0,DeeperForensics
s_015896,2.3245811462402344e-06,0,DeeperForensics
s_015906,2.086162567138672e-06,0,DeeperForensics
s_015908,2.384185791015625e-06,0,DeeperForensics
s_015910,2.3245811462402344e-06,0,DeeperForensics
s_015911,2.2649765014648438e-06,0,DeeperForensics
s_015927,2.6226043701171875e-06,0,DeeperForensics
s_015933,3.516674041748047e-06,0,DeeperForensics
s_015938,2.3245811462402344e-06,0,DeeperForensics
s_015950,2.3245811462402344e-06,0,DeeperForensics
s_015977,2.2649765014648438e-06,0,DeeperForensics
s_015982,2.9206275939941406e-06,0,DeeperForensics
s_015994,2.2649765014648438e-06,0,DeeperForensics
s_016001,2.1457672119140625e-06,0,DeeperForensics
s_016005,2.3245811462402344e-06,0,DeeperForensics
s_016009,2.1457672119140625e-06,0,DeeperForensics
s_016044,2.205371856689453e-06,0,DeeperForensics
s_016046,2.562999725341797e-06,0,DeeperForensics
s_016047,2.205371856689453e-06,0,DeeperForensics
s_016057,2.205371856689453e-06,0,DeeperForensics
s_016060,2.5033950805664062e-06,0,DeeperForensics
s_016077,2.2649765014648438e-06,0,DeeperForensics
s_016078,2.384185791015625e-06,0,DeeperForensics
s_016081,2.3245811462402344e-06,0,DeeperForensics
s_016089,2.1457672119140625e-06,0,DeeperForensics
s_016093,2.4437904357910156e-06,0,DeeperForensics
s_016103,2.205371856689453e-06,0,DeeperForensics
s_016110,2.5033950805664062e-06,0,DeeperForensics
s_016122,2.384185791015625e-06,0,DeeperForensics
s_016175,3.159046173095703e-06,0,DeeperForensics
s_016202,2.3245811462402344e-06,0,DeeperForensics
s_016207,2.5033950805664062e-06,0,DeeperForensics
s_016234,2.4437904357910156e-06,0,DeeperForensics
s_016264,2.562999725341797e-06,0,DeeperForensics
s_016277,2.205371856689453e-06,0,DeeperForensics
s_016312,2.2649765014648438e-06,0,DeeperForensics
s_016321,2.682209014892578e-06,0,DeeperForensics
s_016330,2.3245811462402344e-06,0,DeeperForensics
s_016331,2.3245811462402344e-06,0,DeeperForensics
s_016341,2.9206275939941406e-06,0,DeeperForensics
s_016343,2.384185791015625e-06,0,DeeperForensics
s_016351,2.3245811462402344e-06,0,DeeperForensics
s_016355,2.9206275939941406e-06,0,DeeperForensics
s_016357,2.86102294921875e-06,0,DeeperForensics
s_016377,2.562999725341797e-06,0,DeeperForensics
s_016408,2.2649765014648438e-06,0,DeeperForensics
s_016410,2.3245811462402344e-06,0,DeeperForensics
s_016416,2.205371856689453e-06,0,DeeperForensics
s_016417,2.1457672119140625e-06,0,DeeperForensics
s_016418,2.7418136596679688e-06,0,DeeperForensics
s_016423,2.3245811462402344e-06,0,DeeperForensics
s_016445,2.5033950805664062e-06,0,DeeperForensics
s_016451,2.86102294921875e-06,0,DeeperForensics
s_016467,2.1457672119140625e-06,0,DeeperForensics
s_016474,2.1457672119140625e-06,0,DeeperForensics
s_016501,2.3245811462402344e-06,0,DeeperForensics
s_016502,2.2649765014648438e-06,0,DeeperForensics
s_016507,3.039836883544922e-06,0,DeeperForensics
s_016509,2.205371856689453e-06,0,DeeperForensics
s_016521,2.682209014892578e-06,0,DeeperForensics
s_016525,2.4437904357910156e-06,0,DeeperForensics
s_016555,2.3245811462402344e-06,0,DeeperForensics
s_016558,2.2649765014648438e-06,0,DeeperForensics
s_016570,2.9206275939941406e-06,0,DeeperForensics
s_016574,2.5033950805664062e-06,0,DeeperForensics
s_016592,2.4437904357910156e-06,0,DeeperForensics
s_016605,2.1457672119140625e-06,0,DeeperForensics
s_016606,2.1457672119140625e-06,0,DeeperForensics
s_016621,2.2649765014648438e-06,0,DeeperForensics
s_016622,2.562999725341797e-06,0,DeeperForensics
s_016639,2.2649765014648438e-06,0,DeeperForensics
s_016641,2.205371856689453e-06,0,DeeperForensics
s_016648,2.3245811462402344e-06,0,DeeperForensics
s_016663,2.205371856689453e-06,0,DeeperForensics
s_016672,2.4437904357910156e-06,0,DeeperForensics
s_016681,2.6226043701171875e-06,0,DeeperForensics
s_016686,2.4437904357910156e-06,0,DeeperForensics
s_016692,2.205371856689453e-06,0,DeeperForensics
s_016700,2.3245811462402344e-06,0,DeeperForensics
s_016712,2.3245811462402344e-06,0,DeeperForensics
s_016738,2.4437904357910156e-06,0,DeeperForensics
s_016742,2.562999725341797e-06,0,DeeperForensics
s_016749,2.8014183044433594e-06,0,DeeperForensics
s_016761,2.3245811462402344e-06,0,DeeperForensics
s_016772,2.3245811462402344e-06,0,DeeperForensics
s_016784,2.7418136596679688e-06,0,DeeperForensics
s_016799,2.6226043701171875e-06,0,DeeperForensics
s_016820,2.4437904357910156e-06,0,DeeperForensics
s_016821,2.7418136596679688e-06,0,DeeperForensics
s_016824,2.8014183044433594e-06,0,DeeperForensics
s_016836,2.4437904357910156e-06,0,DeeperForensics
s_016860,2.562999725341797e-06,0,DeeperForensics
s_016887,2.4437904357910156e-06,0,DeeperForensics
s_016907,2.3245811462402344e-06,0,DeeperForensics
s_016909,2.4437904357910156e-06,0,DeeperForensics
s_016912,2.384185791015625e-06,0,DeeperForensics
s_016947,2.4437904357910156e-06,0,DeeperForensics
s_016951,2.7418136596679688e-06,0,DeeperForensics
s_016957,2.562999725341797e-06,0,DeeperForensics
s_016965,2.5033950805664062e-06,0,DeeperForensics
s_016968,2.3245811462402344e-06,0,DeeperForensics
s_017011,2.7418136596679688e-06,0,DeeperForensics
s_017014,2.6226043701171875e-06,0,DeeperForensics
s_017019,2.5033950805664062e-06,0,DeeperForensics
s_017035,2.5033950805664062e-06,0,DeeperForensics
s_017055,2.2649765014648438e-06,0,DeeperForensics
s_017056,2.562999725341797e-06,0,DeeperForensics
s_017096,2.3245811462402344e-06,0,DeeperForensics
s_017098,2.4437904357910156e-06,0,DeeperForensics
s_017129,2.5033950805664062e-06,0,DeeperForensics
s_017130,2.384185791015625e-06,0,DeeperForensics
s_017143,2.562999725341797e-06,0,DeeperForensics
s_017176,2.682209014892578e-06,0,DeeperForensics
s_017179,2.4437904357910156e-06,0,DeeperForensics
s_017185,2.3245811462402344e-06,0,DeeperForensics
s_017187,2.3245811462402344e-06,0,DeeperForensics
s_017188,2.384185791015625e-06,0,DeeperForensics
s_017192,3.039836883544922e-06,0,DeeperForensics
s_017220,3.159046173095703e-06,0,DeeperForensics
s_017223,2.4437904357910156e-06,0,DeeperForensics
s_017233,2.5033950805664062e-06,0,DeeperForensics
s_017234,2.4437904357910156e-06,0,DeeperForensics
s_017256,2.384185791015625e-06,0,DeeperForensics
s_017268,2.3245811462402344e-06,0,DeeperForensics
s_017272,2.384185791015625e-06,0,DeeperForensics
s_017279,2.5033950805664062e-06,0,DeeperForensics
s_017284,2.3245811462402344e-06,0,DeeperForensics
s_017295,2.4437904357910156e-06,0,DeeperForensics
s_017302,2.3245811462402344e-06,0,DeeperForensics
s_017305,2.384185791015625e-06,0,DeeperForensics
s_017356,2.4437904357910156e-06,0,DeeperForensics
s_017363,2.682209014892578e-06,0,DeeperForensics
s_017364,2.682209014892578e-06,0,DeeperForensics
s_017375,2.384185791015625e-06,0,DeeperForensics
s_017413,2.5033950805664062e-06,0,DeeperForensics
s_017435,2.3245811462402344e-06,0,DeeperForensics
s_017442,2.086162567138672e-06,0,DeeperForensics
s_017444,2.2649765014648438e-06,0,DeeperForensics
s_017445,2.2649765014648438e-06,0,DeeperForensics
s_017449,2.4437904357910156e-06,0,DeeperForensics
s_017460,2.562999725341797e-06,0,DeeperForensics
s_017461,2.5033950805664062e-06,0,DeeperForensics
s_017468,2.3245811462402344e-06,0,DeeperForensics
s_017471,2.7418136596679688e-06,0,DeeperForensics
s_017472,2.562999725341797e-06,0,DeeperForensics
s_017501,2.7418136596679688e-06,0,DeeperForensics
s_017507,2.3245811462402344e-06,0,DeeperForensics
s_017521,2.205371856689453e-06,0,DeeperForensics
s_017522,2.8014183044433594e-06,0,DeeperForensics
s_017532,2.9206275939941406e-06,0,DeeperForensics
s_017541,2.3245811462402344e-06,0,DeeperForensics
s_017546,2.384185791015625e-06,0,DeeperForensics
s_017551,2.2649765014648438e-06,0,DeeperForensics
s_017552,2.384185791015625e-06,0,DeeperForensics
s_017553,2.384185791015625e-06,0,DeeperForensics
s_017569,2.5033950805664062e-06,0,DeeperForensics
s_017572,2.682209014892578e-06,0,DeeperForensics
s_017577,2.2649765014648438e-06,0,DeeperForensics
s_017580,2.384185791015625e-06,0,DeeperForensics
s_017594,2.384185791015625e-06,0,DeeperForensics
s_017625,2.2649765014648438e-06,0,DeeperForensics
s_017632,2.2649765014648438e-06,0,DeeperForensics
s_017648,2.384185791015625e-06,0,DeeperForensics
s_017666,2.4437904357910156e-06,0,DeeperForensics
s_017668,2.3245811462402344e-06,0,DeeperForensics
s_017693,2.384185791015625e-06,0,DeeperForensics
s_017698,2.3245811462402344e-06,0,DeeperForensics
s_017704,2.384185791015625e-06,0,DeeperForensics
s_017711,2.4437904357910156e-06,0,DeeperForensics
s_017713,2.4437904357910156e-06,0,DeeperForensics
s_017721,2.4437904357910156e-06,0,DeeperForensics
s_017722,2.1457672119140625e-06,0,DeeperForensics
s_017725,2.5033950805664062e-06,0,DeeperForensics
s_017791,2.1457672119140625e-06,0,DeeperForensics
s_017794,2.384185791015625e-06,0,DeeperForensics
s_017804,2.562999725341797e-06,0,DeeperForensics
s_017810,2.205371856689453e-06,0,DeeperForensics
s_017838,2.6226043701171875e-06,0,DeeperForensics
s_017850,2.4437904357910156e-06,0,DeeperForensics
s_017864,2.3245811462402344e-06,0,DeeperForensics
s_017866,2.086162567138672e-06,0,DeeperForensics
s_017882,2.384185791015625e-06,0,DeeperForensics
s_017893,2.3245811462402344e-06,0,DeeperForensics
s_017904,2.4437904357910156e-06,0,DeeperForensics
s_017906,2.4437904357910156e-06,0,DeeperForensics
s_017945,2.5033950805664062e-06,0,DeeperForensics
s_017962,2.4437904357910156e-06,0,DeeperForensics
s_017963,2.3245811462402344e-06,0,DeeperForensics
s_017978,2.6226043701171875e-06,0,DeeperForensics
s_018018,2.2649765014648438e-06,0,DeeperForensics
s_018022,2.2649765014648438e-06,0,DeeperForensics
s_018026,2.6226043701171875e-06,0,DeeperForensics
s_018048,2.384185791015625e-06,0,DeeperForensics
s_018081,2.5033950805664062e-06,0,DeeperForensics
s_018083,2.6226043701171875e-06,0,DeeperForensics
s_018106,2.3245811462402344e-06,0,DeeperForensics
s_018107,2.5033950805664062e-06,0,DeeperForensics
s_018110,2.682209014892578e-06,0,DeeperForensics
s_018120,2.4437904357910156e-06,0,DeeperForensics
s_018121,2.562999725341797e-06,0,DeeperForensics
s_018123,2.384185791015625e-06,0,DeeperForensics
s_018133,2.384185791015625e-06,0,DeeperForensics
s_018147,2.205371856689453e-06,0,DeeperForensics
s_018163,2.3245811462402344e-06,0,DeeperForensics
s_018165,2.4437904357910156e-06,0,DeeperForensics
s_018179,2.1457672119140625e-06,0,DeeperForensics
s_018187,2.384185791015625e-06,0,DeeperForensics
s_018210,2.3245811462402344e-06,0,DeeperForensics
s_018211,2.3245811462402344e-06,0,DeeperForensics
s_018223,2.2649765014648438e-06,0,DeeperForensics
s_018228,2.2649765014648438e-06,0,DeeperForensics
s_018242,2.205371856689453e-06,0,DeeperForensics
s_018244,2.3245811462402344e-06,0,DeeperForensics
s_018249,2.562999725341797e-06,0,DeeperForensics
s_018273,3.039836883544922e-06,0,DeeperForensics
s_018277,2.4437904357910156e-06,0,DeeperForensics
s_018323,2.562999725341797e-06,0,DeeperForensics
s_018324,2.5033950805664062e-06,0,DeeperForensics
s_018325,2.384185791015625e-06,0,DeeperForensics
s_018326,2.2649765014648438e-06,0,DeeperForensics
s_018329,2.384185791015625e-06,0,DeeperForensics
s_018330,2.8014183044433594e-06,0,DeeperForensics
s_018332,2.4437904357910156e-06,0,DeeperForensics
s_018334,2.086162567138672e-06,0,DeeperForensics
s_018340,2.2649765014648438e-06,0,DeeperForensics
s_018348,2.086162567138672e-06,0,DeeperForensics
s_018361,2.205371856689453e-06,0,DeeperForensics
s_018363,2.086162567138672e-06,0,DeeperForensics
s_018366,2.4437904357910156e-06,0,DeeperForensics
s_018384,2.1457672119140625e-06,0,DeeperForensics
s_018429,2.3245811462402344e-06,0,DeeperForensics
s_018452,2.3245811462402344e-06,0,DeeperForensics
s_018453,2.3245811462402344e-06,0,DeeperForensics
s_018456,2.6226043701171875e-06,0,DeeperForensics
s_018464,2.4437904357910156e-06,0,DeeperForensics
s_018475,2.1457672119140625e-06,0,DeeperForensics
s_018476,2.3245811462402344e-06,0,DeeperForensics
s_018487,2.6226043701171875e-06,0,DeeperForensics
s_018513,2.9206275939941406e-06,0,DeeperForensics
s_018517,2.7418136596679688e-06,0,DeeperForensics
s_018526,2.562999725341797e-06,0,DeeperForensics
s_018573,2.562999725341797e-06,0,DeeperForensics
s_018582,2.6226043701171875e-06,0,DeeperForensics
s_018587,2.5033950805664062e-06,0,DeeperForensics
s_018599,2.562999725341797e-06,0,DeeperForensics
s_018630,2.4437904357910156e-06,0,DeeperForensics
s_018638,3.993511199951172e-06,0,DeeperForensics
s_018659,2.4437904357910156e-06,0,DeeperForensics
s_018716,5.4836273193359375e-06,0,DeeperForensics
s_018788,2.682209014892578e-06,0,DeeperForensics
s_018791,2.562999725341797e-06,0,DeeperForensics
s_018792,2.4437904357910156e-06,0,DeeperForensics
s_018798,2.4437904357910156e-06,0,DeeperForensics
s_018819,2.4437904357910156e-06,0,DeeperForensics
s_018841,2.562999725341797e-06,0,DeeperForensics
s_018883,3.039836883544922e-06,0,DeeperForensics
s_018887,2.3245811462402344e-06,0,DeeperForensics
s_018893,2.3245811462402344e-06,0,DeeperForensics
s_018901,2.2649765014648438e-06,0,DeeperForensics
s_018908,2.384185791015625e-06,0,DeeperForensics
s_018933,2.3245811462402344e-06,0,DeeperForensics
s_018936,2.4437904357910156e-06,0,DeeperForensics
s_018957,2.205371856689453e-06,0,DeeperForensics
s_018964,2.2649765014648438e-06,0,DeeperForensics
s_018975,2.2649765014648438e-06,0,DeeperForensics
s_018994,2.086162567138672e-06,0,DeeperForensics
s_019033,2.3245811462402344e-06,0,DeeperForensics
s_019045,2.2649765014648438e-06,0,DeeperForensics
s_019052,2.3245811462402344e-06,0,DeeperForensics
s_019163,2.4437904357910156e-06,0,DeeperForensics
s_019167,2.562999725341797e-06,0,DeeperForensics
s_019176,2.1457672119140625e-06,0,DeeperForensics
s_019181,2.6226043701171875e-06,0,DeeperForensics
s_019187,2.2649765014648438e-06,0,DeeperForensics
s_019189,2.384185791015625e-06,0,DeeperForensics
s_019202,2.205371856689453e-06,0,DeeperForensics
s_019220,2.086162567138672e-06,0,DeeperForensics
s_019241,2.384185791015625e-06,0,DeeperForensics
s_019254,2.562999725341797e-06,0,DeeperForensics
s_019257,2.3245811462402344e-06,0,DeeperForensics
s_019265,2.4437904357910156e-06,0,DeeperForensics
s_019274,2.86102294921875e-06,0,DeeperForensics
s_019281,2.8014183044433594e-06,0,DeeperForensics
s_019313,2.5033950805664062e-06,0,DeeperForensics
s_019320,2.6226043701171875e-06,0,DeeperForensics
s_019330,2.562999725341797e-06,0,DeeperForensics
s_019335,2.8014183044433594e-06,0,DeeperForensics
s_019362,2.562999725341797e-06,0,DeeperForensics
s_019381,2.682209014892578e-06,0,DeeperForensics
s_019416,2.9206275939941406e-06,0,DeeperForensics
s_019429,2.384185791015625e-06,0,DeeperForensics
s_019454,2.2649765014648438e-06,0,DeeperForensics
s_019456,2.6226043701171875e-06,0,DeeperForensics
s_019461,2.3245811462402344e-06,0,DeeperForensics
s_019465,2.7418136596679688e-06,0,DeeperForensics
s_019483,2.3245811462402344e-06,0,DeeperForensics
s_019497,2.5033950805664062e-06,0,DeeperForensics
s_019505,2.562999725341797e-06,0,DeeperForensics
s_019509,2.6226043701171875e-06,0,DeeperForensics
s_019517,2.7418136596679688e-06,0,DeeperForensics
s_019518,2.562999725341797e-06,0,DeeperForensics
s_019520,2.682209014892578e-06,0,DeeperForensics
s_019532,2.6226043701171875e-06,0,DeeperForensics
s_019533,2.562999725341797e-06,0,DeeperForensics
s_019540,2.562999725341797e-06,0,DeeperForensics
s_019544,2.562999725341797e-06,0,DeeperForensics
s_019546,2.4437904357910156e-06,0,DeeperForensics
s_019556,2.682209014892578e-06,0,DeeperForensics
s_019572,2.6226043701171875e-06,0,DeeperForensics
s_019602,2.5033950805664062e-06,0,DeeperForensics
s_019609,2.4437904357910156e-06,0,DeeperForensics
s_019616,2.7418136596679688e-06,0,DeeperForensics
s_019637,2.562999725341797e-06,0,DeeperForensics
s_019647,2.9206275939941406e-06,0,DeeperForensics
s_019659,2.6226043701171875e-06,0,DeeperForensics
s_019661,2.8014183044433594e-06,0,DeeperForensics
s_019662,2.6226043701171875e-06,0,DeeperForensics
s_019663,2.5033950805664062e-06,0,DeeperForensics
s_019680,2.6226043701171875e-06,0,DeeperForensics
s_019684,2.6226043701171875e-06,0,DeeperForensics
s_019690,2.7418136596679688e-06,0,DeeperForensics
s_019710,2.562999725341797e-06,0,DeeperForensics
s_019717,2.682209014892578e-06,0,DeeperForensics
s_019718,2.86102294921875e-06,0,DeeperForensics
s_019724,2.86102294921875e-06,0,DeeperForensics
s_019727,2.7418136596679688e-06,0,DeeperForensics
s_019733,2.5033950805664062e-06,0,DeeperForensics
s_019736,2.4437904357910156e-06,0,DeeperForensics
s_019754,2.562999725341797e-06,0,DeeperForensics
s_019762,2.4437904357910156e-06,0,DeeperForensics
s_019780,2.5033950805664062e-06,0,DeeperForensics
s_019814,2.682209014892578e-06,0,DeeperForensics
s_019840,2.86102294921875e-06,0,DeeperForensics
s_019844,3.039836883544922e-06,0,DeeperForensics
s_019855,2.9206275939941406e-06,0,DeeperForensics
s_019858,2.9802322387695312e-06,0,DeeperForensics
s_019882,2.6226043701171875e-06,0,DeeperForensics
s_019890,3.159046173095703e-06,0,DeeperForensics
s_019906,3.159046173095703e-06,0,DeeperForensics
s_019913,3.2782554626464844e-06,0,DeeperForensics
s_019915,3.039836883544922e-06,0,DeeperForensics
s_019936,2.7418136596679688e-06,0,DeeperForensics
s_019955,2.9206275939941406e-06,0,DeeperForensics
s_019965,2.8014183044433594e-06,0,DeeperForensics
s_019976,2.86102294921875e-06,0,DeeperForensics
s_019983,2.7418136596679688e-06,0,DeeperForensics
s_019987,2.682209014892578e-06,0,DeeperForensics
s_019992,2.7418136596679688e-06,0,DeeperForensics
s_019995,2.562999725341797e-06,0,DeeperForensics
s_020000,2.9206275939941406e-06,0,DeeperForensics
s_020002,3.5762786865234375e-06,0,DeeperForensics
s_020003,3.0994415283203125e-06,0,DeeperForensics
s_020009,3.2186508178710938e-06,0,DeeperForensics
s_020010,3.159046173095703e-06,0,DeeperForensics
s_020021,3.2186508178710938e-06,0,DeeperForensics
s_020029,3.2186508178710938e-06,0,DeeperForensics
s_020035,3.516674041748047e-06,0,DeeperForensics
s_020037,2.6226043701171875e-06,0,DeeperForensics
s_020038,2.86102294921875e-06,0,DeeperForensics
s_020064,3.2782554626464844e-06,0,DeeperForensics
s_020086,2.7418136596679688e-06,0,DeeperForensics
s_020102,2.9206275939941406e-06,0,DeeperForensics
s_020120,2.7418136596679688e-06,0,DeeperForensics
s_020135,2.682209014892578e-06,0,DeeperForensics
s_020143,2.562999725341797e-06,0,DeeperForensics
s_020160,2.682209014892578e-06,0,DeeperForensics
s_020161,2.86102294921875e-06,0,DeeperForensics
s_020169,3.337860107421875e-06,0,DeeperForensics
s_020205,2.9802322387695312e-06,0,DeeperForensics
s_020206,2.682209014892578e-06,0,DeeperForensics
s_020210,2.8014183044433594e-06,0,DeeperForensics
s_020213,3.0994415283203125e-06,0,DeeperForensics
s_020224,2.9206275939941406e-06,0,DeeperForensics
s_020239,2.384185791015625e-06,0,DeeperForensics
s_020247,2.4437904357910156e-06,0,DeeperForensics
s_020258,2.5033950805664062e-06,0,DeeperForensics
s_020280,2.6226043701171875e-06,0,DeeperForensics
s_020289,2.5033950805664062e-06,0,DeeperForensics
s_020353,2.384185791015625e-06,0,DeeperForensics
s_020361,2.384185791015625e-06,0,DeeperForensics
s_020364,2.2649765014648438e-06,0,DeeperForensics
s_020365,2.086162567138672e-06,0,DeeperForensics
s_020387,2.86102294921875e-06,0,DeeperForensics
s_020389,2.384185791015625e-06,0,DeeperForensics
s_020414,2.086162567138672e-06,0,DeeperForensics
s_020422,2.7418136596679688e-06,0,DeeperForensics
s_020427,2.3245811462402344e-06,0,DeeperForensics
s_020440,2.3245811462402344e-06,0,DeeperForensics
s_020462,2.2649765014648438e-06,0,DeeperForensics
s_020470,2.205371856689453e-06,0,DeeperForensics
s_020471,2.8014183044433594e-06,0,DeeperForensics
s_020480,2.4437904357910156e-06,0,DeeperForensics
s_020489,2.384185791015625e-06,0,DeeperForensics
s_020491,2.3245811462402344e-06,0,DeeperForensics
s_020501,2.562999725341797e-06,0,DeeperForensics
s_020522,2.384185791015625e-06,0,DeeperForensics
s_020528,2.4437904357910156e-06,0,DeeperForensics
s_020556,2.4437904357910156e-06,0,DeeperForensics
s_020566,2.2649765014648438e-06,0,DeeperForensics
s_020567,2.9206275939941406e-06,0,DeeperForensics
s_020582,2.5033950805664062e-06,0,DeeperForensics
s_020585,2.1457672119140625e-06,0,DeeperForensics
s_020603,2.6226043701171875e-06,0,DeeperForensics
s_020622,2.1457672119140625e-06,0,DeeperForensics
s_020644,4.649162292480469e-06,0,DeeperForensics
s_020653,2.2649765014648438e-06,0,DeeperForensics
s_020658,2.6226043701171875e-06,0,DeeperForensics
s_020668,2.5033950805664062e-06,0,DeeperForensics
s_020671,2.2649765014648438e-06,0,DeeperForensics
s_020675,2.205371856689453e-06,0,DeeperForensics
s_020676,2.1457672119140625e-06,0,DeeperForensics
s_020678,2.205371856689453e-06,0,DeeperForensics
s_020683,2.3245811462402344e-06,0,DeeperForensics
s_020687,2.7418136596679688e-06,0,DeeperForensics
s_020717,2.384185791015625e-06,0,DeeperForensics
s_020737,2.205371856689453e-06,0,DeeperForensics
s_020744,2.205371856689453e-06,0,DeeperForensics
s_020746,2.3245811462402344e-06,0,DeeperForensics
s_020752,2.384185791015625e-06,0,DeeperForensics
s_020772,2.2649765014648438e-06,0,DeeperForensics
s_020778,2.562999725341797e-06,0,DeeperForensics
s_020779,2.6226043701171875e-06,0,DeeperForensics
s_020784,2.2649765014648438e-06,0,DeeperForensics
s_020798,2.5033950805664062e-06,0,DeeperForensics
s_020800,2.3245811462402344e-06,0,DeeperForensics
s_020811,2.562999725341797e-06,0,DeeperForensics
s_020812,2.7418136596679688e-06,0,DeeperForensics
s_020832,2.5033950805664062e-06,0,DeeperForensics
s_020836,2.5033950805664062e-06,0,DeeperForensics
s_020842,2.7418136596679688e-06,0,DeeperForensics
s_020847,2.6226043701171875e-06,0,DeeperForensics
s_020868,3.6954879760742188e-06,0,DeeperForensics
s_020873,3.516674041748047e-06,0,DeeperForensics
s_020876,2.86102294921875e-06,0,DeeperForensics
s_020881,2.6226043701171875e-06,0,DeeperForensics
s_020902,3.039836883544922e-06,0,DeeperForensics
s_020908,3.7550926208496094e-06,0,DeeperForensics
s_020913,3.814697265625e-06,0,DeeperForensics
s_020921,2.4437904357910156e-06,0,DeeperForensics
s_020927,2.8014183044433594e-06,0,DeeperForensics
s_020929,2.682209014892578e-06,0,DeeperForensics
s_020934,2.682209014892578e-06,0,DeeperForensics
s_020943,2.682209014892578e-06,0,DeeperForensics
s_020945,2.7418136596679688e-06,0,DeeperForensics
s_020952,2.682209014892578e-06,0,DeeperForensics
s_020956,2.86102294921875e-06,0,DeeperForensics
s_020957,2.562999725341797e-06,0,DeeperForensics
s_020968,2.6226043701171875e-06,0,DeeperForensics
s_020974,2.5033950805664062e-06,0,DeeperForensics
s_020977,2.8014183044433594e-06,0,DeeperForensics
s_020982,2.86102294921875e-06,0,DeeperForensics
s_020988,2.4437904357910156e-06,0,DeeperForensics
s_021035,3.337860107421875e-06,0,DeeperForensics
s_021044,2.9206275939941406e-06,0,DeeperForensics
s_021053,3.337860107421875e-06,0,DeeperForensics
s_021063,3.159046173095703e-06,0,DeeperForensics
s_021070,2.562999725341797e-06,0,DeeperForensics
s_021084,2.9802322387695312e-06,0,DeeperForensics
s_021089,2.3245811462402344e-06,0,DeeperForensics
s_021097,3.2186508178710938e-06,0,DeeperForensics
s_021114,2.682209014892578e-06,0,DeeperForensics
s_021135,2.7418136596679688e-06,0,DeeperForensics
s_021162,3.3974647521972656e-06,0,DeeperForensics
s_021178,2.562999725341797e-06,0,DeeperForensics
s_021181,3.4570693969726562e-06,0,DeeperForensics
s_021182,2.5033950805664062e-06,0,DeeperForensics
s_021187,2.5033950805664062e-06,0,DeeperForensics
s_021193,2.6226043701171875e-06,0,DeeperForensics
s_021229,2.4437904357910156e-06,0,DeeperForensics
s_021232,2.682209014892578e-06,0,DeeperForensics
s_021316,2.9206275939941406e-06,0,DeeperForensics
s_021317,2.86102294921875e-06,0,DeeperForensics
s_021353,2.562999725341797e-06,0,DeeperForensics
s_021361,2.4437904357910156e-06,0,DeeperForensics
s_021371,2.3245811462402344e-06,0,DeeperForensics
s_021382,2.9802322387695312e-06,0,DeeperForensics
s_021384,2.9206275939941406e-06,0,DeeperForensics
s_021385,2.6226043701171875e-06,0,DeeperForensics
s_021394,2.6226043701171875e-06,0,DeeperForensics
s_021400,2.682209014892578e-06,0,DeeperForensics
s_021414,2.5033950805664062e-06,0,DeeperForensics
s_021415,2.384185791015625e-06,0,DeeperForensics
s_021416,2.5033950805664062e-06,0,DeeperForensics
s_021421,2.7418136596679688e-06,0,DeeperForensics
s_021438,2.384185791015625e-06,0,DeeperForensics
s_021442,2.4437904357910156e-06,0,DeeperForensics
s_021456,2.1457672119140625e-06,0,DeeperForensics
s_021465,2.682209014892578e-06,0,DeeperForensics
s_021476,2.6226043701171875e-06,0,DeeperForensics
s_021493,2.8014183044433594e-06,0,DeeperForensics
s_021500,2.7418136596679688e-06,0,DeeperForensics
s_021511,2.4437904357910156e-06,0,DeeperForensics
s_021515,2.6226043701171875e-06,0,DeeperForensics
s_021528,2.562999725341797e-06,0,DeeperForensics
s_021539,2.384185791015625e-06,0,DeeperForensics
s_021569,2.8014183044433594e-06,0,DeeperForensics
s_021577,2.682209014892578e-06,0,DeeperForensics
s_021593,3.933906555175781e-06,0,DeeperForensics
s_021597,2.8014183044433594e-06,0,DeeperForensics
s_021602,2.562999725341797e-06,0,DeeperForensics
s_021604,2.9206275939941406e-06,0,DeeperForensics
s_021613,2.562999725341797e-06,0,DeeperForensics
s_021617,3.159046173095703e-06,0,DeeperForensics
s_021635,2.7418136596679688e-06,0,DeeperForensics
s_021639,2.6226043701171875e-06,0,DeeperForensics
s_021660,3.7550926208496094e-06,0,DeeperForensics
s_021673,3.039836883544922e-06,0,DeeperForensics
s_021675,2.562999725341797e-06,0,DeeperForensics
s_021679,2.4437904357910156e-06,0,DeeperForensics
s_021696,2.3245811462402344e-06,0,DeeperForensics
s_021712,2.6226043701171875e-06,0,DeeperForensics
s_021735,2.3245811462402344e-06,0,DeeperForensics
s_021742,2.2649765014648438e-06,0,DeeperForensics
s_021747,2.5033950805664062e-06,0,DeeperForensics
s_021750,2.4437904357910156e-06,0,DeeperForensics
s_021751,2.4437904357910156e-06,0,DeeperForensics
s_021752,2.5033950805664062e-06,0,DeeperForensics
s_021777,2.4437904357910156e-06,0,DeeperForensics
s_021781,2.384185791015625e-06,0,DeeperForensics
s_021789,2.682209014892578e-06,0,DeeperForensics
s_021793,2.2649765014648438e-06,0,DeeperForensics
s_021796,2.3245811462402344e-06,0,DeeperForensics
s_021809,2.562999725341797e-06,0,DeeperForensics
s_021817,2.86102294921875e-06,0,DeeperForensics
s_021824,2.5033950805664062e-06,0,DeeperForensics
s_021826,2.8014183044433594e-06,0,DeeperForensics
s_021837,2.4437904357910156e-06,0,DeeperForensics
s_021840,2.5033950805664062e-06,0,DeeperForensics
s_021844,2.384185791015625e-06,0,DeeperForensics
s_021857,2.86102294921875e-06,0,DeeperForensics
s_021873,2.4437904357910156e-06,0,DeeperForensics
s_021880,2.682209014892578e-06,0,DeeperForensics
s_021881,2.8014183044433594e-06,0,DeeperForensics
s_021887,2.562999725341797e-06,0,DeeperForensics
s_021905,2.3245811462402344e-06,0,DeeperForensics
s_021911,2.1457672119140625e-06,0,DeeperForensics
s_021921,2.8014183044433594e-06,0,DeeperForensics
s_021935,2.9802322387695312e-06,0,DeeperForensics
s_021947,2.3245811462402344e-06,0,DeeperForensics
s_021963,2.682209014892578e-06,0,DeeperForensics
s_021966,2.4437904357910156e-06,0,DeeperForensics
s_021971,2.5033950805664062e-06,0,DeeperForensics
s_021995,2.205371856689453e-06,0,DeeperForensics
s_022005,2.86102294921875e-06,0,DeeperForensics
s_022006,2.6226043701171875e-06,0,DeeperForensics
s_022019,3.159046173095703e-06,0,DeeperForensics
s_022020,2.6226043701171875e-06,0,DeeperForensics
s_022024,2.3245811462402344e-06,0,DeeperForensics
s_022032,4.0531158447265625e-06,0,DeeperForensics
s_022038,2.205371856689453e-06,0,DeeperForensics
s_022040,2.5033950805664062e-06,0,DeeperForensics
s_022048,2.9206275939941406e-06,0,DeeperForensics
s_022055,2.7418136596679688e-06,0,DeeperForensics
s_022060,2.086162567138672e-06,0,DeeperForensics
s_022065,3.516674041748047e-06,0,DeeperForensics
s_022067,2.086162567138672e-06,0,DeeperForensics
s_022075,2.4437904357910156e-06,0,DeeperForensics
s_022080,5.900859832763672e-06,0,DeeperForensics
s_022087,3.0994415283203125e-06,0,DeeperForensics
s_022109,2.086162567138672e-06,0,DeeperForensics
s_022110,2.3245811462402344e-06,0,DeeperForensics
s_022142,3.635883331298828e-06,0,DeeperForensics
s_022152,2.205371856689453e-06,0,DeeperForensics
s_022167,2.562999725341797e-06,0,DeeperForensics
s_022185,2.5033950805664062e-06,0,DeeperForensics
s_022195,2.682209014892578e-06,0,DeeperForensics
s_022198,2.562999725341797e-06,0,DeeperForensics
s_022209,2.4437904357910156e-06,0,DeeperForensics
s_022232,2.384185791015625e-06,0,DeeperForensics
s_022239,2.682209014892578e-06,0,DeeperForensics
s_022240,3.2186508178710938e-06,0,DeeperForensics
s_022262,2.3245811462402344e-06,0,DeeperForensics
s_022272,2.3245811462402344e-06,0,DeeperForensics
s_022281,4.947185516357422e-06,0,DeeperForensics
s_022291,2.4437904357910156e-06,0,DeeperForensics
s_022300,2.8014183044433594e-06,0,DeeperForensics
s_022309,2.384185791015625e-06,0,DeeperForensics
s_022334,2.2649765014648438e-06,0,DeeperForensics
s_022338,2.562999725341797e-06,0,DeeperForensics
s_022363,3.337860107421875e-06,0,DeeperForensics
s_022399,2.4437904357910156e-06,0,DeeperForensics
s_022400,2.6226043701171875e-06,0,DeeperForensics
s_022416,2.2649765014648438e-06,0,DeeperForensics
s_022484,3.2782554626464844e-06,0,DeeperForensics
s_022499,2.384185791015625e-06,0,DeeperForensics
s_022507,2.1457672119140625e-06,0,DeeperForensics
s_022509,3.2782554626464844e-06,0,DeeperForensics
s_022514,3.039836883544922e-06,0,DeeperForensics
s_022516,2.562999725341797e-06,0,DeeperForensics
s_022518,3.159046173095703e-06,0,DeeperForensics
s_022525,2.682209014892578e-06,0,DeeperForensics
s_022542,3.0994415283203125e-06,0,DeeperForensics
s_022554,2.562999725341797e-06,0,DeeperForensics
s_022571,2.2649765014648438e-06,0,DeeperForensics
s_022577,3.2186508178710938e-06,0,DeeperForensics
s_022602,2.3245811462402344e-06,0,DeeperForensics
s_022604,2.682209014892578e-06,0,DeeperForensics
s_022615,2.9206275939941406e-06,0,DeeperForensics
s_022618,2.86102294921875e-06,0,DeeperForensics
s_022629,2.9802322387695312e-06,0,DeeperForensics
s_022633,3.0994415283203125e-06,0,DeeperForensics
s_022649,2.3245811462402344e-06,0,DeeperForensics
s_022654,3.2782554626464844e-06,0,DeeperForensics
s_022657,3.516674041748047e-06,0,DeeperForensics
s_022669,2.2649765014648438e-06,0,DeeperForensics
s_022679,2.3245811462402344e-06,0,DeeperForensics
s_022696,2.5033950805664062e-06,0,DeeperForensics
s_022698,2.5033950805664062e-06,0,DeeperForensics
s_022701,2.3245811462402344e-06,0,DeeperForensics
s_022706,2.562999725341797e-06,0,DeeperForensics
s_022713,2.8014183044433594e-06,0,DeeperForensics
s_022718,2.5033950805664062e-06,0,DeeperForensics
s_022765,2.205371856689453e-06,0,DeeperForensics
s_022782,2.562999725341797e-06,0,DeeperForensics
s_022786,2.3245811462402344e-06,0,DeeperForensics
s_022794,2.86102294921875e-06,0,DeeperForensics
s_022807,2.7418136596679688e-06,0,DeeperForensics
s_022818,2.682209014892578e-06,0,DeeperForensics
s_022832,2.6226043701171875e-06,0,DeeperForensics
s_022852,2.562999725341797e-06,0,DeeperForensics
s_022857,2.4437904357910156e-06,0,DeeperForensics
s_022872,3.159046173095703e-06,0,DeeperForensics
s_022874,2.384185791015625e-06,0,DeeperForensics
s_022880,3.3974647521972656e-06,0,DeeperForensics
s_022887,2.86102294921875e-06,0,DeeperForensics
s_022900,3.0994415283203125e-06,0,DeeperForensics
s_022912,2.384185791015625e-06,0,DeeperForensics
s_022944,2.6226043701171875e-06,0,DeeperForensics
s_022962,2.4437904357910156e-06,0,DeeperForensics
s_022974,2.5033950805664062e-06,0,DeeperForensics
s_022978,3.814697265625e-06,0,DeeperForensics
s_022991,3.2186508178710938e-06,0,DeeperForensics
s_022995,2.6226043701171875e-06,0,DeeperForensics
s_023006,3.2186508178710938e-06,0,DeeperForensics
s_023013,4.172325134277344e-06,0,DeeperForensics
s_023019,4.76837158203125e-06,0,DeeperForensics
s_023023,2.8014183044433594e-06,0,DeeperForensics
s_023037,2.682209014892578e-06,0,DeeperForensics
s_023047,1.9669532775878906e-06,0,DeeperForensics
s_023059,3.159046173095703e-06,0,DeeperForensics
s_023065,2.5033950805664062e-06,0,DeeperForensics
s_023086,2.384185791015625e-06,0,DeeperForensics
s_023088,3.159046173095703e-06,0,DeeperForensics
s_023116,2.9206275939941406e-06,0,DeeperForensics
s_023131,2.205371856689453e-06,0,DeeperForensics
s_023143,3.039836883544922e-06,0,DeeperForensics
s_023149,2.6226043701171875e-06,0,DeeperForensics
s_023151,2.9206275939941406e-06,0,DeeperForensics
s_023161,2.4437904357910156e-06,0,DeeperForensics
s_023205,2.384185791015625e-06,0,DeeperForensics
s_023206,2.562999725341797e-06,0,DeeperForensics
s_023209,2.562999725341797e-06,0,DeeperForensics
s_023228,2.4437904357910156e-06,0,DeeperForensics
s_023240,2.5033950805664062e-06,0,DeeperForensics
s_023242,2.6226043701171875e-06,0,DeeperForensics
s_023297,2.562999725341797e-06,0,DeeperForensics
s_023299,2.9206275939941406e-06,0,DeeperForensics
s_023300,2.86102294921875e-06,0,DeeperForensics
s_023325,2.562999725341797e-06,0,DeeperForensics
s_023333,2.3245811462402344e-06,0,DeeperForensics
s_023339,2.4437904357910156e-06,0,DeeperForensics
s_023364,2.384185791015625e-06,0,DeeperForensics
s_023367,2.4437904357910156e-06,0,DeeperForensics
s_023378,2.384185791015625e-06,0,DeeperForensics
s_023392,2.5033950805664062e-06,0,DeeperForensics
s_023409,2.384185791015625e-06,0,DeeperForensics
s_023443,2.5033950805664062e-06,0,DeeperForensics
s_023448,2.682209014892578e-06,0,DeeperForensics
s_023481,2.384185791015625e-06,0,DeeperForensics
s_023486,3.874301910400391e-06,0,DeeperForensics
s_023504,2.6226043701171875e-06,0,DeeperForensics
s_023516,2.2649765014648438e-06,0,DeeperForensics
s_023523,2.2649765014648438e-06,0,DeeperForensics
s_023562,2.3245811462402344e-06,0,DeeperForensics
s_023580,2.562999725341797e-06,0,DeeperForensics
s_023586,2.4437904357910156e-06,0,DeeperForensics
s_023594,2.562999725341797e-06,0,DeeperForensics
s_023599,2.8014183044433594e-06,0,DeeperForensics
s_023612,5.900859832763672e-06,0,DeeperForensics
s_023618,2.384185791015625e-06,0,DeeperForensics
s_023621,2.384185791015625e-06,0,DeeperForensics
s_023626,3.337860107421875e-06,0,DeeperForensics
s_023633,3.993511199951172e-06,0,DeeperForensics
s_023653,2.4437904357910156e-06,0,DeeperForensics
s_023682,2.205371856689453e-06,0,DeeperForensics
s_023706,2.9206275939941406e-06,0,DeeperForensics
s_023714,2.2649765014648438e-06,0,DeeperForensics
s_023739,2.2649765014648438e-06,0,DeeperForensics
s_023745,2.3245811462402344e-06,0,DeeperForensics
s_023748,2.7418136596679688e-06,0,DeeperForensics
s_023749,2.6226043701171875e-06,0,DeeperForensics
s_023757,2.86102294921875e-06,0,DeeperForensics
s_023776,2.562999725341797e-06,0,DeeperForensics
s_023782,2.562999725341797e-06,0,DeeperForensics
s_023790,2.682209014892578e-06,0,DeeperForensics
s_023791,2.682209014892578e-06,0,DeeperForensics
s_023793,2.8014183044433594e-06,0,DeeperForensics
s_023803,2.4437904357910156e-06,0,DeeperForensics
s_023804,2.4437904357910156e-06,0,DeeperForensics
s_023829,2.2649765014648438e-06,0,DeeperForensics
s_023850,2.4437904357910156e-06,0,DeeperForensics
s_023854,2.3245811462402344e-06,0,DeeperForensics
s_023865,2.3245811462402344e-06,0,DeeperForensics
s_023873,3.0994415283203125e-06,0,DeeperForensics
s_023889,2.3245811462402344e-06,0,DeeperForensics
s_023903,2.562999725341797e-06,0,DeeperForensics
s_023921,2.5033950805664062e-06,0,DeeperForensics
s_023922,2.86102294921875e-06,0,DeeperForensics
s_023935,2.5033950805664062e-06,0,DeeperForensics
s_023938,2.682209014892578e-06,0,DeeperForensics
s_023947,2.5033950805664062e-06,0,DeeperForensics
s_023960,2.6226043701171875e-06,0,DeeperForensics
s_023965,2.8014183044433594e-06,0,DeeperForensics
s_023969,2.4437904357910156e-06,0,DeeperForensics
s_023994,2.562999725341797e-06,0,DeeperForensics
s_024010,2.3245811462402344e-06,0,DeeperForensics
s_024021,2.562999725341797e-06,0,DeeperForensics
s_024025,2.562999725341797e-06,0,DeeperForensics
s_024049,2.6226043701171875e-06,0,DeeperForensics
s_024062,2.2649765014648438e-06,0,DeeperForensics
s_024067,3.0994415283203125e-06,0,DeeperForensics
s_024076,2.384185791015625e-06,0,DeeperForensics
s_024099,2.384185791015625e-06,0,DeeperForensics
s_024104,2.205371856689453e-06,0,DeeperForensics
s_024124,2.5033950805664062e-06,0,DeeperForensics
s_024147,2.5033950805664062e-06,0,DeeperForensics
s_024177,2.8014183044433594e-06,0,DeeperForensics
s_024187,2.4437904357910156e-06,0,DeeperForensics
s_024197,2.3245811462402344e-06,0,DeeperForensics
s_024224,2.4437904357910156e-06,0,DeeperForensics
s_024227,2.562999725341797e-06,0,DeeperForensics
s_024244,2.2649765014648438e-06,0,DeeperForensics
s_024258,2.384185791015625e-06,0,DeeperForensics
s_024260,2.4437904357910156e-06,0,DeeperForensics
s_024283,2.3245811462402344e-06,0,DeeperForensics
s_024328,2.384185791015625e-06,0,DeeperForensics
s_024339,2.3245811462402344e-06,0,DeeperForensics
s_024345,2.5033950805664062e-06,0,DeeperForensics
s_024361,2.3245811462402344e-06,0,DeeperForensics
s_024367,2.2649765014648438e-06,0,DeeperForensics
s_024369,2.2649765014648438e-06,0,DeeperForensics
s_024370,2.7418136596679688e-06,0,DeeperForensics
s_024398,2.7418136596679688e-06,0,DeeperForensics
s_024400,2.562999725341797e-06,0,DeeperForensics
s_024414,2.4437904357910156e-06,0,DeeperForensics
s_024418,2.3245811462402344e-06,0,DeeperForensics
s_024421,2.562999725341797e-06,0,DeeperForensics
s_024443,2.4437904357910156e-06,0,DeeperForensics
s_024453,2.384185791015625e-06,0,DeeperForensics
s_024463,2.562999725341797e-06,0,DeeperForensics
s_024468,2.9206275939941406e-06,0,DeeperForensics
s_024475,3.159046173095703e-06,0,DeeperForensics
s_024489,3.159046173095703e-06,0,DeeperForensics
s_024492,2.562999725341797e-06,0,DeeperForensics
s_024498,2.384185791015625e-06,0,DeeperForensics
s_024510,2.384185791015625e-06,0,DeeperForensics
s_024516,2.682209014892578e-06,0,DeeperForensics
s_024531,2.2649765014648438e-06,0,DeeperForensics
s_024533,2.4437904357910156e-06,0,DeeperForensics
s_024537,2.5033950805664062e-06,0,DeeperForensics
s_024539,2.3245811462402344e-06,0,DeeperForensics
s_024584,2.2649765014648438e-06,0,DeeperForensics
s_024586,2.6226043701171875e-06,0,DeeperForensics
s_024609,2.4437904357910156e-06,0,DeeperForensics
s_024634,2.9802322387695312e-06,0,DeeperForensics
s_024647,2.4437904357910156e-06,0,DeeperForensics
s_024651,2.4437904357910156e-06,0,DeeperForensics
s_024662,2.9206275939941406e-06,0,DeeperForensics
s_024673,2.4437904357910156e-06,0,DeeperForensics
s_024677,2.384185791015625e-06,0,DeeperForensics
s_024697,2.4437904357910156e-06,0,DeeperForensics
s_024700,2.5033950805664062e-06,0,DeeperForensics
s_024721,2.5033950805664062e-06,0,DeeperForensics
s_024731,2.384185791015625e-06,0,DeeperForensics
s_024733,2.384185791015625e-06,0,DeeperForensics
s_024749,2.562999725341797e-06,0,DeeperForensics
s_024756,2.5033950805664062e-06,0,DeeperForensics
s_024760,2.384185791015625e-06,0,DeeperForensics
s_024764,2.5033950805664062e-06,0,DeeperForensics
s_024777,2.562999725341797e-06,0,DeeperForensics
s_024790,2.3245811462402344e-06,0,DeeperForensics
s_024796,2.6226043701171875e-06,0,DeeperForensics
s_024830,2.384185791015625e-06,0,DeeperForensics
s_024832,2.3245811462402344e-06,0,DeeperForensics
s_024833,2.4437904357910156e-06,0,DeeperForensics
s_024848,2.5033950805664062e-06,0,DeeperForensics
s_024860,2.5033950805664062e-06,0,DeeperForensics
s_024873,2.2649765014648438e-06,0,DeeperForensics
s_024879,2.1457672119140625e-06,0,DeeperForensics
s_024881,2.5033950805664062e-06,0,DeeperForensics
s_024899,2.3245811462402344e-06,0,DeeperForensics
s_024906,2.2649765014648438e-06,0,DeeperForensics
s_024935,2.2649765014648438e-06,0,DeeperForensics
s_024949,2.205371856689453e-06,0,DeeperForensics
s_024957,2.384185791015625e-06,0,DeeperForensics
s_024966,2.4437904357910156e-06,0,DeeperForensics
s_024984,2.384185791015625e-06,0,DeeperForensics
s_024994,2.5033950805664062e-06,0,DeeperForensics
s_025000,2.562999725341797e-06,0,DeeperForensics
s_025001,2.682209014892578e-06,0,DeeperForensics
s_025019,2.6226043701171875e-06,0,DeeperForensics
s_025026,2.562999725341797e-06,0,DeeperForensics
s_025053,2.384185791015625e-06,0,DeeperForensics
s_025058,2.6226043701171875e-06,0,DeeperForensics
s_025083,2.4437904357910156e-06,0,DeeperForensics
s_025085,2.2649765014648438e-06,0,DeeperForensics
s_025111,2.5033950805664062e-06,0,DeeperForensics
s_025119,2.2649765014648438e-06,0,DeeperForensics
s_025123,2.2649765014648438e-06,0,DeeperForensics
s_025131,2.682209014892578e-06,0,DeeperForensics
s_025139,2.5033950805664062e-06,0,DeeperForensics
s_025145,2.6226043701171875e-06,0,DeeperForensics
s_025147,2.3245811462402344e-06,0,DeeperForensics
s_025153,2.384185791015625e-06,0,DeeperForensics
s_025158,2.3245811462402344e-06,0,DeeperForensics
s_025166,2.4437904357910156e-06,0,DeeperForensics
s_025173,2.5033950805664062e-06,0,DeeperForensics
s_025175,2.2649765014648438e-06,0,DeeperForensics
s_025193,2.384185791015625e-06,0,DeeperForensics
s_025195,2.3245811462402344e-06,0,DeeperForensics
s_025200,2.384185791015625e-06,0,DeeperForensics
s_025208,2.562999725341797e-06,0,DeeperForensics
s_025211,2.384185791015625e-06,0,DeeperForensics
s_025243,2.2649765014648438e-06,0,DeeperForensics
s_025251,2.4437904357910156e-06,0,DeeperForensics
s_025258,2.2649765014648438e-06,0,DeeperForensics
s_025274,2.4437904357910156e-06,0,DeeperForensics
s_025279,2.3245811462402344e-06,0,DeeperForensics
s_025280,2.3245811462402344e-06,0,DeeperForensics
s_025312,2.86102294921875e-06,0,DeeperForensics
s_025333,2.2649765014648438e-06,0,DeeperForensics
s_025347,2.2649765014648438e-06,0,DeeperForensics
s_025350,2.5033950805664062e-06,0,DeeperForensics
s_025351,2.384185791015625e-06,0,DeeperForensics
s_025371,2.6226043701171875e-06,0,DeeperForensics
s_025376,2.5033950805664062e-06,0,DeeperForensics
s_025389,2.4437904357910156e-06,0,DeeperForensics
s_025415,3.159046173095703e-06,0,DeeperForensics
s_025428,2.682209014892578e-06,0,DeeperForensics
s_025435,2.562999725341797e-06,0,DeeperForensics
s_025438,2.384185791015625e-06,0,DeeperForensics
s_025478,2.5033950805664062e-06,0,DeeperForensics
s_025489,2.384185791015625e-06,0,DeeperForensics
s_025490,2.8014183044433594e-06,0,DeeperForensics
s_025511,2.7418136596679688e-06,0,DeeperForensics
s_025527,2.8014183044433594e-06,0,DeeperForensics
s_025530,3.337860107421875e-06,0,DeeperForensics
s_025532,2.4437904357910156e-06,0,DeeperForensics
s_025550,2.3245811462402344e-06,0,DeeperForensics
s_025585,2.4437904357910156e-06,0,DeeperForensics
s_025603,2.384185791015625e-06,0,DeeperForensics
s_025608,2.562999725341797e-06,0,DeeperForensics
s_025611,2.4437904357910156e-06,0,DeeperForensics
s_025656,2.9206275939941406e-06,0,DeeperForensics
s_025658,2.4437904357910156e-06,0,DeeperForensics
s_025659,2.4437904357910156e-06,0,DeeperForensics
s_025667,2.682209014892578e-06,0,DeeperForensics
s_025677,2.6226043701171875e-06,0,DeeperForensics
s_025690,2.5033950805664062e-06,0,DeeperForensics
s_025693,2.4437904357910156e-06,0,DeeperForensics
s_025701,2.562999725341797e-06,0,DeeperForensics
s_025728,2.5033950805664062e-06,0,DeeperForensics
s_025756,2.384185791015625e-06,0,DeeperForensics
s_025783,2.3245811462402344e-06,0,DeeperForensics
s_025784,2.384185791015625e-06,0,DeeperForensics
s_025802,3.039836883544922e-06,0,DeeperForensics
s_025803,3.159046173095703e-06,0,DeeperForensics
s_025824,2.86102294921875e-06,0,DeeperForensics
s_025839,2.682209014892578e-06,0,DeeperForensics
s_025842,3.516674041748047e-06,0,DeeperForensics
s_025848,2.682209014892578e-06,0,DeeperForensics
s_025855,5.4836273193359375e-06,0,DeeperForensics
s_025859,5.543231964111328e-06,0,DeeperForensics
s_025906,4.947185516357422e-06,0,DeeperForensics
s_025911,3.6954879760742188e-06,0,DeeperForensics
s_025921,4.470348358154297e-06,0,DeeperForensics
s_025925,9.298324584960938e-06,0,DeeperForensics
s_025929,5.662441253662109e-06,0,DeeperForensics
s_025950,5.662441253662109e-06,0,DeeperForensics
s_025957,4.112720489501953e-06,0,DeeperForensics
s_025982,2.9802322387695312e-06,0,DeeperForensics
s_025992,4.112720489501953e-06,0,DeeperForensics
s_025994,2.4437904357910156e-06,0,DeeperForensics
s_026034,4.589557647705078e-06,0,DeeperForensics
s_026062,4.470348358154297e-06,0,DeeperForensics
s_026071,2.682209014892578e-06,0,DeeperForensics
s_026072,2.86102294921875e-06,0,DeeperForensics
s_026077,4.0531158447265625e-06,0,DeeperForensics
s_026101,2.9206275939941406e-06,0,DeeperForensics
s_026103,2.86102294921875e-06,0,DeeperForensics
s_026141,2.682209014892578e-06,0,DeeperForensics
s_026157,3.039836883544922e-06,0,DeeperForensics
s_026168,2.6226043701171875e-06,0,DeeperForensics
s_026175,2.7418136596679688e-06,0,DeeperForensics
s_026180,2.7418136596679688e-06,0,DeeperForensics
s_026190,2.682209014892578e-06,0,DeeperForensics
s_026198,2.4437904357910156e-06,0,DeeperForensics
s_026213,2.682209014892578e-06,0,DeeperForensics
s_026231,2.8014183044433594e-06,0,DeeperForensics
s_026235,2.682209014892578e-06,0,DeeperForensics
s_026237,3.039836883544922e-06,0,DeeperForensics
s_026250,2.86102294921875e-06,0,DeeperForensics
s_026276,2.682209014892578e-06,0,DeeperForensics
s_026282,2.7418136596679688e-06,0,DeeperForensics
s_026296,2.5033950805664062e-06,0,DeeperForensics
s_026304,2.562999725341797e-06,0,DeeperForensics
s_026312,2.9206275939941406e-06,0,DeeperForensics
s_026317,4.76837158203125e-06,0,DeeperForensics
s_026319,3.159046173095703e-06,0,DeeperForensics
s_026322,2.8014183044433594e-06,0,DeeperForensics
s_026330,3.2782554626464844e-06,0,DeeperForensics
s_026331,3.814697265625e-06,0,DeeperForensics
s_026346,2.9206275939941406e-06,0,DeeperForensics
s_026347,2.5033950805664062e-06,0,DeeperForensics
s_026353,2.6226043701171875e-06,0,DeeperForensics
s_026357,2.7418136596679688e-06,0,DeeperForensics
s_026373,2.86102294921875e-06,0,DeeperForensics
s_026374,2.8014183044433594e-06,0,DeeperForensics
s_026409,2.7418136596679688e-06,0,DeeperForensics
s_026422,2.5033950805664062e-06,0,DeeperForensics
s_026427,2.682209014892578e-06,0,DeeperForensics
s_026435,2.384185791015625e-06,0,DeeperForensics
s_026439,2.384185791015625e-06,0,DeeperForensics
s_026454,2.6226043701171875e-06,0,DeeperForensics
s_026464,2.5033950805664062e-06,0,DeeperForensics
s_026472,2.9206275939941406e-06,0,DeeperForensics
s_026475,2.6226043701171875e-06,0,DeeperForensics
s_026479,2.7418136596679688e-06,0,DeeperForensics
s_026482,2.682209014892578e-06,0,DeeperForensics
s_026496,2.6226043701171875e-06,0,DeeperForensics
s_026504,2.6226043701171875e-06,0,DeeperForensics
s_026506,2.6226043701171875e-06,0,DeeperForensics
s_026520,2.562999725341797e-06,0,DeeperForensics
s_026526,2.5033950805664062e-06,0,DeeperForensics
s_026528,2.682209014892578e-06,0,DeeperForensics
s_026535,2.682209014892578e-06,0,DeeperForensics
s_026541,2.562999725341797e-06,0,DeeperForensics
s_026544,2.682209014892578e-06,0,DeeperForensics
s_026547,2.562999725341797e-06,0,DeeperForensics
s_026607,2.5033950805664062e-06,0,DeeperForensics
s_026608,2.682209014892578e-06,0,DeeperForensics
s_026614,2.6226043701171875e-06,0,DeeperForensics
s_026615,2.562999725341797e-06,0,DeeperForensics
s_026632,2.562999725341797e-06,0,DeeperForensics
s_026636,3.5762786865234375e-06,0,DeeperForensics
s_026643,2.682209014892578e-06,0,DeeperForensics
s_026647,2.682209014892578e-06,0,DeeperForensics
s_026650,3.0994415283203125e-06,0,DeeperForensics
s_026680,2.3245811462402344e-06,0,DeeperForensics
s_026689,2.6226043701171875e-06,0,DeeperForensics
s_026695,2.4437904357910156e-06,0,DeeperForensics
s_026696,2.7418136596679688e-06,0,DeeperForensics
s_026705,2.6226043701171875e-06,0,DeeperForensics
s_026728,2.4437904357910156e-06,0,DeeperForensics
s_026747,2.6226043701171875e-06,0,DeeperForensics
s_026758,2.4437904357910156e-06,0,DeeperForensics
s_026766,2.8014183044433594e-06,0,DeeperForensics
s_026769,2.86102294921875e-06,0,DeeperForensics
s_026772,2.3245811462402344e-06,0,DeeperForensics
s_026778,2.2649765014648438e-06,0,DeeperForensics
s_026780,2.6226043701171875e-06,0,DeeperForensics
s_026784,2.5033950805664062e-06,0,DeeperForensics
s_026804,2.562999725341797e-06,0,DeeperForensics
s_026811,2.5033950805664062e-06,0,DeeperForensics
s_026815,2.562999725341797e-06,0,DeeperForensics
s_026817,2.562999725341797e-06,0,DeeperForensics
s_026831,2.4437904357910156e-06,0,DeeperForensics
s_026838,2.562999725341797e-06,0,DeeperForensics
s_026861,2.6226043701171875e-06,0,DeeperForensics
s_026881,2.5033950805664062e-06,0,DeeperForensics
s_026909,2.384185791015625e-06,0,DeeperForensics
s_026920,3.337860107421875e-06,0,DeeperForensics
s_026944,2.562999725341797e-06,0,DeeperForensics
s_026947,2.5033950805664062e-06,0,DeeperForensics
s_026948,2.562999725341797e-06,0,DeeperForensics
s_026950,2.3245811462402344e-06,0,DeeperForensics
s_026955,2.562999725341797e-06,0,DeeperForensics
s_026958,2.5033950805664062e-06,0,DeeperForensics
s_026965,2.562999725341797e-06,0,DeeperForensics
s_026968,2.6226043701171875e-06,0,DeeperForensics
s_026983,2.682209014892578e-06,0,DeeperForensics
s_026987,2.682209014892578e-06,0,DeeperForensics
s_026993,2.7418136596679688e-06,0,DeeperForensics
s_026997,2.7418136596679688e-06,0,DeeperForensics
s_027020,2.5033950805664062e-06,0,DeeperForensics
s_027022,2.6226043701171875e-06,0,DeeperForensics
s_027025,2.682209014892578e-06,0,DeeperForensics
s_027027,2.8014183044433594e-06,0,DeeperForensics
s_027031,3.039836883544922e-06,0,DeeperForensics
s_027049,2.6226043701171875e-06,0,DeeperForensics
s_027062,2.4437904357910156e-06,0,DeeperForensics
s_027067,2.5033950805664062e-06,0,DeeperForensics
s_027078,2.7418136596679688e-06,0,DeeperForensics
s_027097,2.86102294921875e-06,0,DeeperForensics
s_027116,2.562999725341797e-06,0,DeeperForensics
s_027132,2.4437904357910156e-06,0,DeeperForensics
s_027146,2.8014183044433594e-06,0,DeeperForensics
s_027155,2.9802322387695312e-06,0,DeeperForensics
s_027157,2.86102294921875e-06,0,DeeperForensics
s_027190,2.7418136596679688e-06,0,DeeperForensics
s_027191,2.5033950805664062e-06,0,DeeperForensics
s_027239,2.562999725341797e-06,0,DeeperForensics
s_027241,2.682209014892578e-06,0,DeeperForensics
s_027251,2.5033950805664062e-06,0,DeeperForensics
s_027273,3.2186508178710938e-06,0,DeeperForensics
s_027279,2.682209014892578e-06,0,DeeperForensics
s_027296,2.5033950805664062e-06,0,DeeperForensics
s_027321,2.682209014892578e-06,0,DeeperForensics
s_027322,2.86102294921875e-06,0,DeeperForensics
s_027326,2.8014183044433594e-06,0,DeeperForensics
s_027337,2.562999725341797e-06,0,DeeperForensics
s_027338,2.562999725341797e-06,0,DeeperForensics
s_027340,2.562999725341797e-06,0,DeeperForensics
s_027344,2.6226043701171875e-06,0,DeeperForensics
s_027385,3.159046173095703e-06,0,DeeperForensics
s_027405,2.562999725341797e-06,0,DeeperForensics
s_027407,2.562999725341797e-06,0,DeeperForensics
s_027422,2.384185791015625e-06,0,DeeperForensics
s_027428,2.5033950805664062e-06,0,DeeperForensics
s_027429,2.4437904357910156e-06,0,DeeperForensics
s_027431,2.682209014892578e-06,0,DeeperForensics
s_027448,2.384185791015625e-06,0,DeeperForensics
s_027460,2.4437904357910156e-06,0,DeeperForensics
s_027461,2.4437904357910156e-06,0,DeeperForensics
s_027475,2.682209014892578e-06,0,DeeperForensics
s_027489,2.682209014892578e-06,0,DeeperForensics
s_027505,2.86102294921875e-06,0,DeeperForensics
s_027506,2.562999725341797e-06,0,DeeperForensics
s_027511,2.9802322387695312e-06,0,DeeperForensics
s_027516,2.3245811462402344e-06,0,DeeperForensics
s_027528,2.384185791015625e-06,0,DeeperForensics
s_027539,2.562999725341797e-06,0,DeeperForensics
s_027551,2.6226043701171875e-06,0,DeeperForensics
s_027560,2.3245811462402344e-06,0,DeeperForensics
s_027561,2.3245811462402344e-06,0,DeeperForensics
s_027567,2.4437904357910156e-06,0,DeeperForensics
s_027569,2.562999725341797e-06,0,DeeperForensics
s_027571,2.3245811462402344e-06,0,DeeperForensics
s_027596,2.682209014892578e-06,0,DeeperForensics
s_027600,2.562999725341797e-06,0,DeeperForensics
s_027603,2.562999725341797e-06,0,DeeperForensics
s_027609,2.4437904357910156e-06,0,DeeperForensics
s_043201,1.0,0,DFD
s_043307,1.0,0,DFD
s_043535,1.0,1,DFDC
s_043631,1.0,1,DFDC
s_043751,1.0,1,DFDC
s_043818,1.0,1,DFDC
s_043977,1.0,1,DFDC
s_044025,1.0,1,DFDC
s_044046,1.0,1,DFDC
s_044399,1.0,1,DFDC
s_044514,1.0,1,DFDC
s_044515,1.0,1,DFDC
s_044539,1.0,1,DFDC
s_044811,1.0,1,DFDC
s_044997,1.0,1,DFDC
s_045220,1.0,1,DFDC
s_045723,1.0,1,DFDC
s_046021,1.0,1,DFDC
s_046219,1.0,1,DFDC
s_046291,1.0,1,DFDC
s_046531,1.0,1,DFDC
s_046758,1.0,1,DFDC
s_046899,1.0,1,DFDC
s_047182,1.0,1,DFDC
s_047458,1.0,1,DFDC
s_047560,1.0,1,DFDC
s_047656,1.0,1,DFDC
s_047714,1.0,1,DFDC
s_047865,1.0,1,DFDC
s_048002,1.0,1,DFDC
s_048547,1.0,1,DFDC
s_048577,1.0,1,DFDC
s_048588,1.0,1,DFDC
s_048605,1.0,1,DFDC
s_048662,1.0,1,DFDC
s_049471,1.0,1,DFDC
s_049480,1.0,1,DFDC
s_049577,1.0,1,DFDC
s_049727,1.0,1,DFDC
s_049917,1.0,1,DFDC
s_049942,1.0,1,DFDC
s_050145,1.0,1,DFDC
s_050168,1.0,1,DFDC
s_050455,1.0,1,DFDC
s_050625,1.0,1,DFDC
s_050966,1.0,1,DFDC
s_051097,1.0,1,DFDC
s_051884,1.0,1,DFDC
s_051893,1.0,1,DFDC
s_052129,1.0,1,DFDC
s_052639,1.0,1,DFDC
s_053129,1.0,1,DFDC
s_053175,1.0,1,DFDC
s_053420,1.0,1,DFDC
s_053534,1.0,1,DFDC
s_054030,1.0,1,DFDC
s_054557,1.0,1,DFDC
s_054773,1.0,1,DFDC
s_054996,1.0,1,DFDC
s_055138,1.0,1,DFDC
s_055506,1.0,1,DFDC
s_055532,1.0,1,DFDC
s_055659,1.0,1,DFDC
s_055682,1.0,1,DFDC
s_055731,1.0,1,DFDC
s_055858,1.0,1,DFDC
s_055891,1.0,1,DFDC
s_056151,1.0,1,DFDC
s_056176,1.0,1,DFDC
s_056306,1.0,1,DFDC
s_056444,1.0,1,DFDC
s_056728,1.0,1,DFDC
s_056843,1.0,1,DFDC
s_057534,1.0,1,DFDC
s_057689,1.0,1,DFDC
s_057836,1.0,1,DFDC
s_058053,1.0,1,DFDC
s_058128,1.0,1,DFDC
s_058216,1.0,1,DFDC
s_058261,1.0,1,DFDC
s_058486,1.0,1,DFDC
s_059028,1.0,1,DFDC
s_059499,1.0,1,DFDC
s_059902,1.0,1,DFDC
s_060469,1.0,1,DFDC
s_061085,1.0,0,DFDC
s_061133,0.00428009033203125,0,DFDC
s_061744,0.1258544921875,0,DFDC
s_061785,1.0,0,DFDC
s_062146,0.07489013671875,0,DFDC
s_062150,1.0,0,DFDC
s_062224,1.0,0,DFDC
s_062261,1.0,0,DFDC
s_062503,0.95166015625,0,DFDC
s_062793,1.0,0,DFDC
s_062796,0.0008459091186523438,0,DFDC
s_064034,0.99951171875,1,FaceForensics++
s_064342,1.0,1,FaceForensics++
s_064364,1.0,1,FaceForensics++
s_064378,1.0,1,FaceForensics++
s_064394,1.0,1,FaceForensics++
s_064408,1.0,1,FaceForensics++
s_064435,1.0,1,FaceForensics++
s_064474,1.0,1,FaceForensics++
s_064490,1.0,1,FaceForensics++
s_064569,1.0,1,FaceForensics++
s_064596,1.0,1,FaceForensics++
s_064638,1.0,1,FaceForensics++
s_064688,1.0,1,FaceForensics++
s_064711,1.0,1,FaceForensics++
s_064738,1.0,1,FaceForensics++
s_064759,1.0,1,FaceForensics++
s_064779,1.0,1,FaceForensics++
s_064784,1.0,1,FaceForensics++
s_064787,1.0,1,FaceForensics++
s_064798,1.0,1,FaceForensics++
s_064812,1.0,1,FaceForensics++
s_064852,1.0,1,FaceForensics++
s_064855,1.0,1,FaceForensics++
s_064876,1.0,1,FaceForensics++
s_064936,1.0,1,FaceForensics++
s_064942,1.0,1,FaceForensics++
s_064961,1.0,1,FaceForensics++
s_064986,1.0,1,FaceForensics++
s_064995,1.0,1,FaceForensics++
s_065007,1.0,1,FaceForensics++
s_065059,1.0,1,FaceForensics++
s_065069,1.0,1,FaceForensics++
s_065076,1.0,1,FaceForensics++
s_065093,1.0,1,FaceForensics++
s_065164,1.0,1,FaceForensics++
s_065171,1.0,1,FaceForensics++
s_065173,1.0,1,FaceForensics++
s_065183,1.0,1,FaceForensics++
s_065190,1.0,1,FaceForensics++
s_065197,1.0,1,FaceForensics++
s_065237,1.0,1,FaceForensics++
s_065270,1.0,1,FaceForensics++
s_065281,1.0,1,FaceForensics++
s_065288,1.0,1,FaceForensics++
s_065289,1.0,1,FaceForensics++
s_065322,1.0,1,FaceForensics++
s_065341,1.0,1,FaceForensics++
s_065347,1.0,1,FaceForensics++
s_065364,1.0,1,FaceForensics++
s_065374,1.0,1,FaceForensics++
s_065383,1.0,1,FaceForensics++
s_065403,1.0,1,FaceForensics++
s_065415,1.0,1,FaceForensics++
s_065434,1.0,1,FaceForensics++
s_065436,1.0,1,FaceForensics++
s_065464,1.0,1,FaceForensics++
s_065488,1.0,1,FaceForensics++
s_065499,1.0,1,FaceForensics++
s_065523,1.0,1,FaceForensics++
s_065628,1.0,1,FaceForensics++
s_065653,1.0,1,FaceForensics++
s_065661,1.0,1,FaceForensics++
s_065671,1.0,1,FaceForensics++
s_065691,1.0,1,FaceForensics++
s_065710,1.0,1,FaceForensics++
s_065765,1.0,1,FaceForensics++
s_065781,1.0,1,FaceForensics++
s_065785,1.0,1,FaceForensics++
s_065796,1.0,1,FaceForensics++
s_065798,1.0,1,FaceForensics++
s_065825,1.0,1,FaceForensics++
s_065840,1.0,1,FaceForensics++
s_065842,1.0,1,FaceForensics++
s_065845,1.0,1,FaceForensics++
s_065892,1.0,1,FaceForensics++
s_065906,1.0,1,FaceForensics++
s_065924,1.0,1,FaceForensics++
s_065938,1.0,1,FaceForensics++
s_065940,1.0,1,FaceForensics++
s_065956,1.0,1,FaceForensics++
s_065961,1.0,1,FaceForensics++
s_065966,1.0,1,FaceForensics++
s_065983,1.0,1,FaceForensics++
s_065991,1.0,1,FaceForensics++
s_065992,1.0,1,FaceForensics++
s_066025,1.0,1,FaceForensics++
s_066091,1.0,1,FaceForensics++
s_066146,1.0,1,FaceForensics++
s_066170,1.0,1,FaceForensics++
s_066200,1.0,1,FaceForensics++
s_066205,1.0,1,FaceForensics++
s_066206,1.0,1,FaceForensics++
s_066230,1.0,1,FaceForensics++
s_066263,1.0,1,FaceForensics++
s_066307,1.0,1,FaceForensics++
s_066366,1.0,1,FaceForensics++
s_066385,1.0,1,FaceForensics++
s_066430,1.0,1,FaceForensics++
s_066434,1.0,1,FaceForensics++
s_066444,1.0,1,FaceForensics++
s_066477,1.0,1,FaceForensics++
s_066479,1.0,1,FaceForensics++
s_066487,1.0,1,FaceForensics++
s_066492,1.0,1,FaceForensics++
s_066504,1.0,1,FaceForensics++
s_066527,0.9990234375,1,FaceForensics++
s_066546,1.0,1,FaceForensics++
s_066570,0.99951171875,1,FaceForensics++
s_066601,1.0,1,FaceForensics++
s_066602,1.0,1,FaceForensics++
s_066603,1.0,1,FaceForensics++
s_066671,1.0,1,FaceForensics++
s_066736,1.0,1,FaceForensics++
s_066737,1.0,1,FaceForensics++
s_066753,1.0,1,FaceForensics++
s_066774,1.0,1,FaceForensics++
s_066779,1.0,1,FaceForensics++
s_066785,1.0,1,FaceForensics++
s_066806,1.0,1,FaceForensics++
s_066876,1.0,1,FaceForensics++
s_066931,1.0,1,FaceForensics++
s_066938,1.0,1,FaceForensics++
s_066991,1.0,1,FaceForensics++
s_067025,1.0,1,FaceForensics++
s_067038,1.0,1,FaceForensics++
s_067053,1.0,1,FaceForensics++
s_067064,1.0,1,FaceForensics++
s_067174,1.0,1,FaceForensics++
s_067179,1.0,1,FaceForensics++
s_067204,1.0,1,FaceForensics++
s_067225,1.0,1,FaceForensics++
s_067241,1.0,1,FaceForensics++
s_067284,1.0,1,FaceForensics++
s_067326,1.0,1,FaceForensics++
s_067329,1.0,1,FaceForensics++
s_067344,1.0,1,FaceForensics++
s_067347,1.0,1,FaceForensics++
s_067350,1.0,1,FaceForensics++
s_067354,1.0,1,FaceForensics++
s_067365,1.0,1,FaceForensics++
s_067366,1.0,1,FaceForensics++
s_067390,1.0,1,FaceForensics++
s_067394,1.0,1,FaceForensics++
s_067408,1.0,1,FaceForensics++
s_067409,1.0,1,FaceForensics++
s_067420,1.0,1,FaceForensics++
s_067424,1.0,1,FaceForensics++
s_067433,1.0,1,FaceForensics++
s_067436,1.0,1,FaceForensics++
s_067455,1.0,1,FaceForensics++
s_067465,1.0,1,FaceForensics++
s_067475,1.0,1,FaceForensics++
s_067478,1.0,1,FaceForensics++
s_067500,1.0,1,FaceForensics++
s_067533,1.0,1,FaceForensics++
s_067536,1.0,1,FaceForensics++
s_067575,1.0,1,FaceForensics++
s_067593,1.0,1,FaceForensics++
s_067628,1.0,1,FaceForensics++
s_067633,1.0,1,FaceForensics++
s_067648,1.0,1,FaceForensics++
s_067661,1.0,1,FaceForensics++
s_067680,1.0,1,FaceForensics++
s_067688,1.0,1,FaceForensics++
s_067690,1.0,1,FaceForensics++
s_067696,1.0,1,FaceForensics++
s_067700,1.0,1,FaceForensics++
s_067723,1.0,1,FaceForensics++
s_067730,1.0,1,FaceForensics++
s_067731,1.0,1,FaceForensics++
s_067751,1.0,1,FaceForensics++
s_067762,1.0,1,FaceForensics++
s_067780,1.0,1,FaceForensics++
s_067781,0.8896484375,1,FaceForensics++
s_067792,1.0,1,FaceForensics++
s_067802,1.0,1,FaceForensics++
s_067841,1.0,1,FaceForensics++
s_067842,1.0,1,FaceForensics++
s_067845,1.0,1,FaceForensics++
s_067876,1.0,1,FaceForensics++
s_067892,1.0,1,FaceForensics++
s_067929,1.0,1,FaceForensics++
s_067936,1.0,1,FaceForensics++
s_067996,1.0,1,FaceForensics++
s_068003,1.0,1,FaceForensics++
s_068029,1.0,1,FaceForensics++
s_068052,1.0,1,FaceForensics++
s_068061,1.0,1,FaceForensics++
s_068084,1.0,1,FaceForensics++
s_068093,1.0,1,FaceForensics++
s_068106,1.0,1,FaceForensics++
s_068117,1.0,1,FaceForensics++
s_068127,1.0,1,FaceForensics++
s_068165,1.0,1,FaceForensics++
s_068182,1.0,1,FaceForensics++
s_068221,1.0,1,FaceForensics++
s_068228,1.0,1,FaceForensics++
s_068284,1.0,1,FaceForensics++
s_068299,1.0,1,FaceForensics++
s_068309,1.0,1,FaceForensics++
s_068310,1.0,1,FaceForensics++
s_068322,1.0,1,FaceForensics++
s_068343,1.0,1,FaceForensics++
s_068349,1.0,1,FaceForensics++
s_068360,1.0,1,FaceForensics++
s_068385,1.0,1,FaceForensics++
s_068394,1.0,1,FaceForensics++
s_068395,1.0,1,FaceForensics++
s_068414,1.0,1,FaceForensics++
s_068418,1.0,1,FaceForensics++
s_068420,1.0,1,FaceForensics++
s_068434,0.0002613067626953125,1,FaceForensics++
s_068435,1.0,1,FaceForensics++
s_068436,1.0,1,FaceForensics++
s_068445,1.0,1,FaceForensics++
s_068464,1.0,1,FaceForensics++
s_068493,0.0003249645233154297,1,FaceForensics++
s_068506,1.0,1,FaceForensics++
s_068512,1.0,1,FaceForensics++
s_068522,1.0,1,FaceForensics++
s_068523,1.0,1,FaceForensics++
s_068550,0.99951171875,1,FaceForensics++
s_068572,1.0,1,FaceForensics++
s_068574,1.0,1,FaceForensics++
s_068580,1.0,1,FaceForensics++
s_068593,1.0,1,FaceForensics++
s_068609,1.0,1,FaceForensics++
s_068661,1.0,1,FaceForensics++
s_068662,1.0,1,FaceForensics++
s_068727,1.0,1,FaceForensics++
s_068732,1.0,1,FaceForensics++
s_068759,1.0,1,FaceForensics++
s_068790,1.0,1,FaceForensics++
s_068799,1.0,1,FaceForensics++
s_068814,0.0002269744873046875,1,FaceForensics++
s_068828,1.0,1,FaceForensics++
s_068830,1.0,1,FaceForensics++
s_068836,1.0,1,FaceForensics++
s_068863,1.0,1,FaceForensics++
s_068889,1.0,1,FaceForensics++
s_068901,1.0,1,FaceForensics++
s_068906,1.0,1,FaceForensics++
s_068908,1.0,1,FaceForensics++
s_068921,1.0,1,FaceForensics++
s_068975,1.0,1,FaceForensics++
s_068991,1.0,1,FaceForensics++
s_069016,1.0,1,FaceForensics++
s_069032,1.0,1,FaceForensics++
s_069039,1.0,1,FaceForensics++
s_069091,1.0,1,FaceForensics++
s_069144,1.0,1,FaceForensics++
s_069145,1.0,1,FaceForensics++
s_069171,1.0,1,FaceForensics++
s_069188,1.0,1,FaceForensics++
s_069218,1.0,1,FaceForensics++
s_069222,1.0,1,FaceForensics++
s_069244,0.99951171875,1,FaceForensics++
s_069281,1.0,1,FaceForensics++
s_069351,1.0,0,FaceForensics++
s_069352,0.0003249645233154297,0,FaceForensics++
s_069367,1.0,0,FaceForensics++
s_069372,1.0,0,FaceForensics++
s_069386,1.0,0,FaceForensics++
s_069411,0.0262603759765625,0,FaceForensics++
s_069413,0.0005817413330078125,0,FaceForensics++
s_069415,0.00010973215103149414,0,FaceForensics++
s_069435,1.0,0,FaceForensics++
s_069443,1.0,0,FaceForensics++
s_069450,0.0029468536376953125,0,FaceForensics++
s_069470,0.00319671630859375,0,FaceForensics++
s_069479,0.0006265640258789062,0,FaceForensics++
s_069486,1.0,0,FaceForensics++
s_069526,0.006313323974609375,0,FaceForensics++
s_069532,0.97509765625,0,FaceForensics++
s_069541,1.0,0,FaceForensics++
s_069567,1.0,0,FaceForensics++
s_069574,0.0004513263702392578,0,FaceForensics++
s_069580,0.00070953369140625,0,FaceForensics++
s_069590,1.0,0,FaceForensics++
s_069593,1.0,0,FaceForensics++
s_069595,0.0002982616424560547,0,FaceForensics++
s_069615,0.98193359375,0,FaceForensics++
s_069636,0.0021991729736328125,0,FaceForensics++
s_069638,1.0,0,FaceForensics++
s_069654,0.0003249645233154297,0,FaceForensics++
s_069667,0.00048041343688964844,0,FaceForensics++
s_069738,0.99951171875,0,FaceForensics++
s_069770,0.0010366439819335938,0,FaceForensics++
s_069779,1.0,0,FaceForensics++
s_069792,0.99951171875,0,FaceForensics++
s_069797,1.0,0,FaceForensics++
s_069802,1.0,0,FaceForensics++
s_069810,0.99755859375,0,FaceForensics++
s_069812,0.99462890625,0,FaceForensics++
s_069844,1.0,0,FaceForensics++
s_069889,1.0,0,FaceForensics++
s_069956,0.0017271041870117188,0,FaceForensics++
s_069959,0.00014770030975341797,0,FaceForensics++
s_070003,0.0007352828979492188,0,FaceForensics++
s_070034,1.0,0,FaceForensics++
s_070038,1.0,0,FaceForensics++
s_070040,0.0001926422119140625,0,FaceForensics++
s_070064,0.01036834716796875,0,FaceForensics++
s_070070,1.0,0,FaceForensics++
s_070124,0.0003407001495361328,0,FaceForensics++
s_070127,1.0,0,FaceForensics++
s_070133,0.0002434253692626953,0,FaceForensics++
s_070157,0.0032482147216796875,0,FaceForensics++
s_070169,1.0,0,FaceForensics++
s_070187,7.969141006469727e-05,0,FaceForensics++
s_070192,0.0011510848999023438,0,FaceForensics++
s_070218,0.020721435546875,0,FaceForensics++
s_070222,1.0,0,FaceForensics++
s_070236,0.99951171875,0,FaceForensics++
s_070295,0.74755859375,0,FaceForensics++
s_070321,0.99853515625,0,FaceForensics++
s_070335,1.0,1,HiDF
s_070336,1.0,1,HiDF
s_070340,1.0,1,HiDF
s_070349,1.0,1,HiDF
s_070356,1.0,1,HiDF
s_070358,0.99951171875,1,HiDF
s_070360,1.0,1,HiDF
s_070376,1.0,1,HiDF
s_070379,1.0,1,HiDF
s_070406,1.0,1,HiDF
s_070429,1.0,1,HiDF
s_070448,1.0,1,HiDF
s_070481,1.0,1,HiDF
s_070484,1.0,1,HiDF
s_070488,1.0,1,HiDF
s_070521,1.0,1,HiDF
s_070541,1.0,1,HiDF
s_070546,1.0,1,HiDF
s_070562,1.0,1,HiDF
s_070581,1.0,1,HiDF
s_070589,1.0,1,HiDF
s_070592,1.0,1,HiDF
s_070593,1.0,1,HiDF
s_070596,1.0,1,HiDF
s_070602,1.0,1,HiDF
s_070632,1.0,1,HiDF
s_070654,1.0,1,HiDF
s_070657,1.0,1,HiDF
s_070681,1.0,1,HiDF
s_070698,1.0,1,HiDF
s_070704,1.0,1,HiDF
s_070730,1.0,1,HiDF
s_070733,1.0,1,HiDF
s_070737,1.0,1,HiDF
s_070743,1.0,1,HiDF
s_070744,1.0,1,HiDF
s_070747,1.0,1,HiDF
s_070759,1.0,1,HiDF
s_070761,1.0,1,HiDF
s_070775,1.0,1,HiDF
s_070787,1.0,1,HiDF
s_070788,1.0,1,HiDF
s_070802,1.0,1,HiDF
s_070804,1.0,1,HiDF
s_070811,1.0,1,HiDF
s_070812,1.0,1,HiDF
s_070825,1.0,1,HiDF
s_070833,1.0,1,HiDF
s_070848,1.0,1,HiDF
s_070868,0.99951171875,1,HiDF
s_070878,1.0,1,HiDF
s_070883,0.9990234375,1,HiDF
s_070887,1.0,1,HiDF
s_070903,1.0,1,HiDF
s_070917,1.0,1,HiDF
s_070929,1.0,1,HiDF
s_070944,1.0,1,HiDF
s_070945,1.0,1,HiDF
s_070948,1.0,1,HiDF
s_070978,1.0,1,HiDF
s_070999,1.0,1,HiDF
s_071021,1.0,1,HiDF
s_071026,1.0,1,HiDF
s_071030,1.0,1,HiDF
s_071032,1.0,1,HiDF
s_071052,0.0005483627319335938,1,HiDF
s_071053,1.0,1,HiDF
s_071073,1.0,1,HiDF
s_071075,1.0,1,HiDF
s_071082,1.0,1,HiDF
s_071096,1.0,1,HiDF
s_071100,1.0,1,HiDF
s_071117,1.0,1,HiDF
s_071126,1.0,1,HiDF
s_071137,1.0,1,HiDF
s_071145,1.0,1,HiDF
s_071146,1.0,1,HiDF
s_071148,1.0,1,HiDF
s_071150,1.0,1,HiDF
s_071152,1.0,1,HiDF
s_071169,1.0,1,HiDF
s_071192,1.0,1,HiDF
s_071200,1.0,1,HiDF
s_071216,1.0,1,HiDF
s_071226,1.0,1,HiDF
s_071233,1.0,1,HiDF
s_071251,1.0,1,HiDF
s_071266,1.0,1,HiDF
s_071269,1.0,1,HiDF
s_071295,1.0,1,HiDF
s_071315,1.0,1,HiDF
s_071330,1.0,1,HiDF
s_071384,0.99560546875,1,HiDF
s_071390,1.0,1,HiDF
s_071393,1.0,1,HiDF
s_071396,1.0,1,HiDF
s_071402,1.0,1,HiDF
s_071406,1.0,1,HiDF
s_071425,1.0,1,HiDF
s_071431,1.0,1,HiDF
s_071445,1.0,1,HiDF
s_071464,1.0,1,HiDF
s_071473,1.0,1,HiDF
s_071504,1.0,1,HiDF
s_071509,1.0,1,HiDF
s_071524,1.0,1,HiDF
s_071525,1.0,1,HiDF
s_071531,1.0,1,HiDF
s_071536,1.0,1,HiDF
s_071540,1.0,1,HiDF
s_071541,1.0,1,HiDF
s_071561,1.0,1,HiDF
s_071563,1.0,1,HiDF
s_071569,1.0,1,HiDF
s_071574,1.0,1,HiDF
s_071575,1.0,1,HiDF
s_071584,2.9325485229492188e-05,1,HiDF
s_071595,1.0,1,HiDF
s_071605,1.0,1,HiDF
s_071611,1.0,1,HiDF
s_071631,1.0,1,HiDF
s_071638,1.0,1,HiDF
s_071662,1.0,1,HiDF
s_071667,1.0,1,HiDF
s_071671,1.0,1,HiDF
s_071696,1.0,1,HiDF
s_071699,1.0,1,HiDF
s_071709,1.0,1,HiDF
s_071730,1.0,1,HiDF
s_071738,1.0,1,HiDF
s_071743,1.0,1,HiDF
s_071762,1.0,1,HiDF
s_071808,1.0,1,HiDF
s_071815,1.0,1,HiDF
s_071820,1.0,1,HiDF
s_071829,1.0,1,HiDF
s_071863,1.0,1,HiDF
s_071875,1.0,1,HiDF
s_071880,1.0,1,HiDF
s_071907,1.0,1,HiDF
s_071911,1.0,1,HiDF
s_071917,1.0,1,HiDF
s_071928,1.0,1,HiDF
s_071931,1.0,1,HiDF
s_071935,1.0,1,HiDF
s_071944,1.0,1,HiDF
s_071956,1.0,1,HiDF
s_071960,1.0,1,HiDF
s_072002,1.0,1,HiDF
s_072037,1.0,1,HiDF
s_072048,1.0,1,HiDF
s_072072,1.0,1,HiDF
s_072103,1.0,1,HiDF
s_072109,1.0,1,HiDF
s_072121,1.0,1,HiDF
s_072143,1.0,1,HiDF
s_072150,1.0,1,HiDF
s_072158,1.0,1,HiDF
s_072163,1.0,1,HiDF
s_072164,1.0,1,HiDF
s_072185,1.0,1,HiDF
s_072212,1.0,1,HiDF
s_072234,1.0,1,HiDF
s_072245,1.0,1,HiDF
s_072266,1.0,1,HiDF
s_072271,1.0,1,HiDF
s_072275,1.0,1,HiDF
s_072299,1.0,1,HiDF
s_072309,1.0,1,HiDF
s_072329,1.0,1,HiDF
s_072346,1.0,1,HiDF
s_072368,1.0,1,HiDF
s_072370,1.0,1,HiDF
s_072395,1.0,1,HiDF
s_072411,1.0,1,HiDF
s_072413,1.0,1,HiDF
s_072420,1.0,1,HiDF
s_072424,1.0,1,HiDF
s_072428,1.0,1,HiDF
s_072432,1.0,1,HiDF
s_072434,1.0,1,HiDF
s_072446,1.0,1,HiDF
s_072453,1.0,1,HiDF
s_072458,1.0,1,HiDF
s_072473,1.0,1,HiDF
s_072487,1.0,1,HiDF
s_072506,1.0,1,HiDF
s_072509,1.0,1,HiDF
s_072512,1.0,1,HiDF
s_072513,1.0,1,HiDF
s_072519,1.0,1,HiDF
s_072529,1.0,1,HiDF
s_072544,1.0,1,HiDF
s_072550,1.0,1,HiDF
s_072553,1.0,1,HiDF
s_072564,1.0,1,HiDF
s_072600,1.0,1,HiDF
s_072610,1.0,1,HiDF
s_072629,1.0,1,HiDF
s_072638,1.0,1,HiDF
s_072648,1.0,1,HiDF
s_072650,1.0,1,HiDF
s_072651,1.0,1,HiDF
s_072653,1.0,1,HiDF
s_072654,0.005161285400390625,1,HiDF
s_072668,1.0,1,HiDF
s_072685,1.0,1,HiDF
s_072720,1.0,1,HiDF
s_072728,1.0,1,HiDF
s_072733,1.0,1,HiDF
s_072735,1.0,1,HiDF
s_072746,1.0,1,HiDF
s_072767,1.0,1,HiDF
s_072771,1.0,1,HiDF
s_072790,1.0,1,HiDF
s_072791,1.0,1,HiDF
s_072794,1.0,1,HiDF
s_072801,1.0,1,HiDF
s_072814,1.0,1,HiDF
s_072821,1.0,1,HiDF
s_072824,1.0,1,HiDF
s_072834,1.0,1,HiDF
s_072839,1.0,1,HiDF
s_072848,1.0,1,HiDF
s_072880,1.0,1,HiDF
s_072882,1.0,1,HiDF
s_072923,1.0,1,HiDF
s_072925,1.0,1,HiDF
s_072954,1.0,1,HiDF
s_072962,1.0,1,HiDF
s_072973,1.0,1,HiDF
s_072975,1.0,1,HiDF
s_073007,1.0,1,HiDF
s_073032,1.0,1,HiDF
s_073039,1.0,1,HiDF
s_073060,1.0,1,HiDF
s_073092,1.0,1,HiDF
s_073101,1.0,1,HiDF
s_073128,1.0,1,HiDF
s_073134,1.0,1,HiDF
s_073161,1.0,1,HiDF
s_073164,1.0,1,HiDF
s_073173,1.0,1,HiDF
s_073185,1.0,1,HiDF
s_073187,1.0,1,HiDF
s_073191,1.0,1,HiDF
s_073193,1.0,1,HiDF
s_073218,1.0,1,HiDF
s_073245,1.0,1,HiDF
s_073252,1.0,1,HiDF
s_073257,1.0,1,HiDF
s_073267,1.0,1,HiDF
s_073280,1.0,1,HiDF
s_073294,1.0,1,HiDF
s_073303,1.0,1,HiDF
s_073329,1.0,1,HiDF
s_073339,1.0,1,HiDF
s_073361,1.0,1,HiDF
s_073371,1.0,1,HiDF
s_073375,1.0,1,HiDF
s_073381,1.0,1,HiDF
s_073384,1.0,1,HiDF
s_073390,1.0,1,HiDF
s_073431,1.0,1,HiDF
s_073442,1.0,1,HiDF
s_073454,1.0,1,HiDF
s_073508,1.0,1,HiDF
s_073514,1.0,1,HiDF
s_073522,1.0,1,HiDF
s_073523,1.0,1,HiDF
s_073538,1.0,1,HiDF
s_073546,1.0,1,HiDF
s_073547,1.0,1,HiDF
s_073567,1.0,1,HiDF
s_073584,1.0,1,HiDF
s_073640,1.0,1,HiDF
s_073664,1.0,1,HiDF
s_073676,1.0,1,HiDF
s_073693,1.0,1,HiDF
s_073700,1.0,1,HiDF
s_073701,1.0,1,HiDF
s_073730,1.0,1,HiDF
s_073742,1.0,1,HiDF
s_073746,1.0,1,HiDF
s_073760,1.0,1,HiDF
s_073777,1.0,1,HiDF
s_073798,1.0,1,HiDF
s_073810,1.0,1,HiDF
s_073816,1.0,1,HiDF
s_073822,1.0,1,HiDF
s_073824,1.0,1,HiDF
s_073829,1.0,1,HiDF
s_073847,1.0,1,HiDF
s_073866,1.0,1,HiDF
s_073888,1.0,1,HiDF
s_073889,1.0,1,HiDF
s_073901,1.0,1,HiDF
s_073902,1.0,1,HiDF
s_073915,1.0,1,HiDF
s_073925,1.0,1,HiDF
s_073938,1.0,1,HiDF
s_073949,1.0,1,HiDF
s_073955,1.0,1,HiDF
s_074010,1.0,1,HiDF
s_074012,1.0,1,HiDF
s_074021,1.0,1,HiDF
s_074022,1.0,1,HiDF
s_074057,1.0,1,HiDF
s_074058,1.0,1,HiDF
s_074066,1.0,1,HiDF
s_074067,1.0,1,HiDF
s_074075,1.0,1,HiDF
s_074077,1.0,1,HiDF
s_074102,1.0,1,HiDF
s_074111,1.0,1,HiDF
s_074123,1.0,1,HiDF
s_074135,1.0,1,HiDF
s_074141,1.0,1,HiDF
s_074142,1.0,1,HiDF
s_074144,1.0,1,HiDF
s_074165,1.0,1,HiDF
s_074172,1.0,1,HiDF
s_074187,1.0,1,HiDF
s_074206,1.0,1,HiDF
s_074225,1.0,1,HiDF
s_074244,1.0,1,HiDF
s_074245,1.0,1,HiDF
s_074257,1.0,1,HiDF
s_074261,1.0,1,HiDF
s_074264,1.0,1,HiDF
s_074275,1.0,1,HiDF
s_074276,1.0,1,HiDF
s_074283,1.0,1,HiDF
s_074293,1.0,1,HiDF
s_074353,1.0,1,HiDF
s_074429,1.0,1,HiDF
s_074434,1.0,1,HiDF
s_074456,1.0,1,HiDF
s_074484,1.0,1,HiDF
s_074487,1.0,1,HiDF
s_074508,1.0,1,HiDF
s_074511,1.0,1,HiDF
s_074548,1.0,1,HiDF
s_074568,1.0,1,HiDF
s_074577,1.0,1,HiDF
s_074615,1.0,1,HiDF
s_074663,1.0,1,HiDF
s_074714,1.1861324310302734e-05,0,HiDF
s_074723,3.534555435180664e-05,0,HiDF
s_074728,3.975629806518555e-05,0,HiDF
s_074749,7.545948028564453e-05,0,HiDF
s_074752,0.00012052059173583984,0,HiDF
s_074758,0.9990234375,0,HiDF
s_074759,0.0008425712585449219,0,HiDF
s_074769,2.586841583251953e-05,0,HiDF
s_074779,2.5093555450439453e-05,0,HiDF
s_074794,1.239776611328125e-05,0,HiDF
s_074804,2.5451183319091797e-05,0,HiDF
s_074810,2.6464462280273438e-05,0,HiDF
s_074829,7.724761962890625e-05,0,HiDF
s_074836,0.00022339820861816406,0,HiDF
s_074838,0.001094818115234375,0,HiDF
s_074849,1.2993812561035156e-05,0,HiDF
s_074872,2.390146255493164e-05,0,HiDF
s_074875,7.253885269165039e-05,0,HiDF
s_074882,1.3709068298339844e-05,0,HiDF
s_074894,0.0050201416015625,0,HiDF
s_074909,1.0371208190917969e-05,0,HiDF
s_074912,5.519390106201172e-05,0,HiDF
s_074959,4.100799560546875e-05,0,HiDF
s_074970,0.0003514289855957031,0,HiDF
s_074979,1.3709068298339844e-05,0,HiDF
s_075003,0.0003514289855957031,0,HiDF
s_075015,5.8770179748535156e-05,0,HiDF
s_075022,6.759166717529297e-05,0,HiDF
s_075026,2.2649765014648438e-05,0,HiDF
s_075050,0.998046875,0,HiDF
s_075057,0.00031757354736328125,0,HiDF
s_075064,2.8848648071289062e-05,0,HiDF
s_075078,1.1920928955078125e-05,0,HiDF
s_075080,3.11732292175293e-05,0,HiDF
s_075089,0.0001080632209777832,0,HiDF
s_075128,1.621246337890625e-05,0,HiDF
s_075150,0.0004992485046386719,0,HiDF
s_075161,0.0006213188171386719,0,HiDF
s_075164,6.35385513305664e-05,0,HiDF
s_075165,0.00023055076599121094,0,HiDF
s_075167,5.829334259033203e-05,0,HiDF
s_075175,6.455183029174805e-05,0,HiDF
s_075187,6.866455078125e-05,0,HiDF
s_075194,0.001918792724609375,0,HiDF
s_075204,4.684925079345703e-05,0,HiDF
s_075215,4.363059997558594e-05,0,HiDF
s_075217,0.0005793571472167969,0,HiDF
s_075231,0.00021660327911376953,0,HiDF
s_075236,0.00014650821685791016,0,HiDF
s_075241,1.138448715209961e-05,0,HiDF
s_075245,1.4066696166992188e-05,0,HiDF
s_075253,0.00012731552124023438,0,HiDF
s_075259,1.0,0,HiDF
s_075260,0.00011771917343139648,0,HiDF
s_075284,4.035234451293945e-05,0,HiDF
s_075302,3.427267074584961e-05,0,HiDF
s_075307,6.157159805297852e-05,0,HiDF
s_075331,1.7523765563964844e-05,0,HiDF
s_075336,0.00012433528900146484,0,HiDF
s_075353,0.00012731552124023438,0,HiDF
s_075404,1.531839370727539e-05,0,HiDF
s_075409,2.2649765014648438e-05,0,HiDF
s_075431,1.6808509826660156e-05,0,HiDF
s_075455,1.0788440704345703e-05,0,HiDF
s_075471,1.7940998077392578e-05,0,HiDF
s_075475,1.0,0,HiDF
s_075476,1.0,0,HiDF
s_075484,6.157159805297852e-05,0,HiDF
s_075513,1.1563301086425781e-05,0,HiDF
s_075558,1.2636184692382812e-05,0,HiDF
s_075566,0.9951171875,0,HiDF
s_075570,0.0011835098266601562,0,HiDF
s_075594,3.790855407714844e-05,0,HiDF
s_075611,9.03010368347168e-05,0,HiDF
s_075625,2.3543834686279297e-05,0,HiDF
s_075626,1.0,0,HiDF
s_075636,2.300739288330078e-05,0,HiDF
s_075658,0.0011739730834960938,0,HiDF
s_075661,1.430511474609375e-05,0,HiDF
s_075663,8.481740951538086e-05,0,HiDF
s_075668,0.0032100677490234375,0,HiDF
s_075672,0.9990234375,0,HiDF
s_075695,4.756450653076172e-05,0,HiDF
s_075707,0.0002491474151611328,0,HiDF
s_075725,9.417533874511719e-06,0,HiDF
s_075734,8.481740951538086e-05,0,HiDF
s_075742,2.5451183319091797e-05,0,HiDF
s_075744,0.0005440711975097656,0,HiDF
s_075745,1.996755599975586e-05,0,HiDF
s_075807,5.3882598876953125e-05,0,HiDF
s_075843,3.5643577575683594e-05,0,HiDF
s_075850,0.00014770030975341797,0,HiDF
s_075853,1.430511474609375e-05,0,HiDF
s_075858,1.9669532775878906e-05,0,HiDF
s_075859,1.5437602996826172e-05,0,HiDF
s_075860,1.4841556549072266e-05,0,HiDF
s_075868,1.1324882507324219e-05,0,HiDF
s_075894,1.6570091247558594e-05,0,HiDF
s_075897,2.5093555450439453e-05,0,HiDF
s_075906,1.5437602996826172e-05,0,HiDF
s_075930,0.0015249252319335938,0,HiDF
s_075958,2.7120113372802734e-05,0,HiDF
s_075961,5.346536636352539e-05,0,HiDF
s_075978,5.829334259033203e-05,0,HiDF
s_076009,1.430511474609375e-05,0,HiDF
s_076041,4.9114227294921875e-05,0,HiDF
s_076047,7.599592208862305e-05,0,HiDF
s_076088,0.0004107952117919922,0,HiDF
s_076104,5.608797073364258e-05,0,HiDF
s_076109,1.8477439880371094e-05,0,HiDF
s_076115,2.485513687133789e-05,0,HiDF
s_076131,9.316205978393555e-05,0,HiDF
s_076133,2.014636993408203e-05,0,HiDF
s_076142,2.7298927307128906e-05,0,HiDF
s_076150,3.510713577270508e-05,0,HiDF
s_076153,2.1278858184814453e-05,0,HiDF
s_076163,6.401538848876953e-05,0,HiDF
s_076174,0.0002148151397705078,0,HiDF
s_076187,6.252527236938477e-05,0,HiDF
s_076203,2.6881694793701172e-05,0,HiDF
s_076215,2.1636486053466797e-05,0,HiDF
s_076245,2.4318695068359375e-05,0,HiDF
s_076279,1.6450881958007812e-05,0,HiDF
s_076290,7.545948028564453e-05,0,HiDF
s_076292,2.092123031616211e-05,0,HiDF
s_076307,1.0,0,HiDF
s_076317,5.8770179748535156e-05,0,HiDF
s_076339,9.059906005859375e-06,0,HiDF
s_076340,4.100799560546875e-05,0,HiDF
s_076353,4.947185516357422e-05,0,HiDF
s_076354,2.390146255493164e-05,0,HiDF
s_076357,1.2993812561035156e-05,0,HiDF
s_076367,2.6464462280273438e-05,0,HiDF
s_076371,1.0,0,HiDF
s_076373,0.00015592575073242188,0,HiDF
s_076381,1.150369644165039e-05,0,HiDF
s_076394,1.4841556549072266e-05,0,HiDF
s_076403,0.00033545494079589844,0,HiDF
s_076407,6.35385513305664e-05,0,HiDF
s_076426,0.00026726722717285156,0,HiDF
s_076502,2.4497509002685547e-05,0,HiDF
s_076504,1.9371509552001953e-05,0,HiDF
s_076512,1.9073486328125e-05,0,HiDF
s_076513,3.790855407714844e-05,0,HiDF
s_076585,0.0002694129943847656,0,HiDF
s_076595,9.459257125854492e-05,0,HiDF
s_076600,0.00015115737915039062,0,HiDF
s_076616,2.467632293701172e-05,0,HiDF
s_076617,0.00014197826385498047,0,HiDF
s_076623,2.9802322387695312e-05,0,HiDF
s_076641,1.9550323486328125e-05,0,HiDF
s_076662,2.9325485229492188e-05,0,HiDF
s_076692,4.83393669128418e-05,0,HiDF
s_076697,5.066394805908203e-05,0,HiDF
s_076723,0.000263214111328125,0,HiDF
s_076742,3.916025161743164e-05,0,HiDF
s_076769,0.97265625,0,HiDF
s_076782,4.4345855712890625e-05,0,HiDF
s_076791,8.028745651245117e-05,0,HiDF
s_076808,3.618001937866211e-05,0,HiDF
s_076815,5.3882598876953125e-05,0,HiDF
s_076830,1.519918441772461e-05,0,HiDF
s_076833,1.7523765563964844e-05,0,HiDF
s_076849,8.749961853027344e-05,0,HiDF
s_076871,0.00033664703369140625,0,HiDF
s_076878,2.372264862060547e-05,0,HiDF
s_076892,1.9848346710205078e-05,0,HiDF
s_076935,0.00014317035675048828,0,HiDF
s_076946,0.00031495094299316406,0,HiDF
s_076965,7.367134094238281e-05,0,HiDF
s_077018,2.9325485229492188e-05,0,HiDF
s_077036,0.0002269744873046875,0,HiDF
s_077042,2.86102294921875e-05,0,HiDF
s_077046,0.0002613067626953125,0,HiDF
s_077059,2.753734588623047e-05,0,HiDF
s_077101,2.372264862060547e-05,0,HiDF
s_077111,3.618001937866211e-05,0,HiDF
s_077131,1.0,0,HiDF
s_077207,0.0001302957534790039,0,HiDF
s_077219,8.094310760498047e-05,0,HiDF
s_077220,3.9458274841308594e-05,0,HiDF
s_077239,2.3186206817626953e-05,0,HiDF
s_077251,8.153915405273438e-05,0,HiDF
s_077254,0.0005464553833007812,0,HiDF
s_077272,3.707408905029297e-05,0,HiDF
s_077276,1.2814998626708984e-05,0,HiDF
s_077282,3.0219554901123047e-05,0,HiDF
s_077290,8.219480514526367e-05,0,HiDF
s_077301,2.300739288330078e-05,0,HiDF
s_077305,0.99609375,0,HiDF
s_077306,2.6464462280273438e-05,0,HiDF
s_077326,7.486343383789062e-05,0,HiDF
s_077330,2.4318695068359375e-05,0,HiDF
s_077337,1.895427703857422e-05,0,HiDF
s_077374,9.387731552124023e-05,0,HiDF
s_077379,5.346536636352539e-05,0,HiDF
s_077405,4.2319297790527344e-05,0,HiDF
s_077412,1.519918441772461e-05,0,HiDF
s_077422,0.5458984375,0,HiDF
s_077461,3.707408905029297e-05,0,HiDF
s_077463,0.00011593103408813477,0,HiDF
s_077476,3.594160079956055e-05,0,HiDF
s_077481,0.99951171875,0,HiDF
s_077483,7.569789886474609e-06,0,HiDF
s_077495,4.4345855712890625e-05,0,HiDF
s_077501,4.00543212890625e-05,0,HiDF
s_077532,8.350610733032227e-05,0,HiDF
s_077540,0.00021660327911376953,0,HiDF
s_077545,2.7298927307128906e-05,0,HiDF
s_077546,4.756450653076172e-05,0,HiDF
s_077553,4.2319297790527344e-05,0,HiDF
s_077571,1.6689300537109375e-05,0,HiDF
s_077623,1.1205673217773438e-05,0,HiDF
s_077657,1.6570091247558594e-05,0,HiDF
s_077659,2.467632293701172e-05,0,HiDF
s_077684,1.996755599975586e-05,0,HiDF
s_077687,1.430511474609375e-05,0,HiDF
s_077698,3.820657730102539e-05,0,HiDF
s_077745,1.1742115020751953e-05,0,HiDF
s_077750,2.753734588623047e-05,0,HiDF
s_077751,4.2319297790527344e-05,0,HiDF
s_077753,1.9371509552001953e-05,0,HiDF
s_077755,1.7523765563964844e-05,0,HiDF
s_077771,5.066394805908203e-05,0,HiDF
s_077775,4.166364669799805e-05,0,HiDF
s_077784,2.0802021026611328e-05,0,HiDF
s_077824,0.00011867284774780273,0,HiDF
s_077843,2.9087066650390625e-05,0,HiDF
s_077853,1.996755599975586e-05,0,HiDF
s_077861,5.3882598876953125e-05,0,HiDF
s_077877,0.98876953125,0,HiDF
s_077894,0.0007581710815429688,0,HiDF
s_077905,0.00011235475540161133,0,HiDF
s_077910,7.31348991394043e-05,0,HiDF
s_077931,0.00029587745666503906,0,HiDF
s_077953,2.956390380859375e-05,0,HiDF
s_078015,5.4776668548583984e-05,0,HiDF
s_078032,6.759166717529297e-05,0,HiDF
s_078070,3.11732292175293e-05,0,HiDF
s_078084,0.0002715587615966797,0,HiDF
s_078090,0.0029582977294921875,0,HiDF
s_078116,0.0001609325408935547,0,HiDF
s_078123,9.03010368347168e-05,0,HiDF
s_078155,5.227327346801758e-05,0,HiDF
s_078182,1.0,0,HiDF
s_078191,0.00021314620971679688,0,HiDF
s_078202,6.812810897827148e-05,0,HiDF
s_078221,9.953975677490234e-06,0,HiDF
s_078276,3.319978713989258e-05,0,HiDF
s_078288,4.3332576751708984e-05,0,HiDF
s_078291,1.4483928680419922e-05,0,HiDF
s_078306,7.3909759521484375e-06,0,HiDF
s_078314,5.7816505432128906e-05,0,HiDF
s_078323,1.329183578491211e-05,0,HiDF
s_078329,1.4483928680419922e-05,0,HiDF
s_078331,5.692243576049805e-05,0,HiDF
s_078334,6.252527236938477e-05,0,HiDF
s_078338,0.0004673004150390625,0,HiDF
s_078345,2.6881694793701172e-05,0,HiDF
s_078353,3.349781036376953e-05,0,HiDF
s_078370,4.297494888305664e-05,0,HiDF
s_078398,5.1856040954589844e-05,0,HiDF
s_078417,0.0016679763793945312,0,HiDF
s_078423,4.792213439941406e-05,0,HiDF
s_078424,3.975629806518555e-05,0,HiDF
s_078429,2.1755695343017578e-05,0,HiDF
s_078433,0.765625,0,HiDF
s_078439,7.033348083496094e-06,0,HiDF
s_078445,2.753734588623047e-05,0,HiDF
s_078460,0.0002269744873046875,0,HiDF
s_078465,0.0002613067626953125,0,HiDF
s_078496,0.9990234375,0,HiDF
s_078509,1.2218952178955078e-05,0,HiDF
s_078515,2.2649765014648438e-05,0,HiDF
s_078532,0.0008897781372070312,0,HiDF
s_078573,4.035234451293945e-05,0,HiDF
s_078575,1.6808509826660156e-05,0,HiDF
s_078576,1.6689300537109375e-05,0,HiDF
s_078581,3.11732292175293e-05,0,HiDF
s_078587,7.086992263793945e-05,0,HiDF
s_078588,3.427267074584961e-05,0,HiDF
s_078597,4.470348358154297e-05,0,HiDF
s_078612,2.0444393157958984e-05,0,HiDF
s_078637,2.3186206817626953e-05,0,HiDF
s_078639,2.956390380859375e-05,0,HiDF
s_078640,3.5643577575683594e-05,0,HiDF
s_078649,0.00011771917343139648,0,HiDF
s_078652,3.427267074584961e-05,0,HiDF
s_078658,3.349781036376953e-05,0,HiDF
s_078660,2.0802021026611328e-05,0,HiDF
s_078710,8.416175842285156e-05,0,HiDF
s_078719,0.0022335052490234375,0,HiDF
s_078721,0.00021314620971679688,0,HiDF
s_078816,0.0012493133544921875,0,HiDF
s_078822,0.00010389089584350586,0,HiDF
s_078885,7.659196853637695e-05,0,HiDF
s_078903,3.11732292175293e-05,0,HiDF
s_078925,0.0002415180206298828,0,HiDF
s_078958,0.0003249645233154297,0,HiDF
s_078959,2.9325485229492188e-05,0,HiDF
s_078986,6.35385513305664e-05,0,HiDF
s_078987,0.0003726482391357422,0,HiDF
s_079022,0.00038743019104003906,0,HiDF
s_079055,1.0,1,UADFV
s_079058,1.0,1,UADFV
s_079063,1.0,1,UADFV
s_079095,1.0,1,UADFV
s_079096,1.0,1,UADFV
s_079122,1.3828277587890625e-05,0,UADFV
s_079135,0.0002378225326538086,0,UADFV
s_079138,0.98876953125,0,UADFV
s_079144,0.0001767873764038086,0,UADFV
