video_id,probability,label,source
s_000009,0.9990234375,1,AI_DEEPFAKE
s_000013,0.97021484375,1,AI_DEEPFAKE
s_000017,0.99755859375,1,AI_DEEPFAKE
s_000027,0.736328125,1,AI_DEEPFAKE
s_000060,0.99951171875,1,AI_DEEPFAKE
s_000112,0.99658203125,0,Celeb_DF
s_000144,0.962890625,0,Celeb_DF
s_000154,0.9990234375,0,Celeb_DF
s_000171,0.9013671875,0,Celeb_DF
s_000213,0.99951171875,0,Celeb_DF
s_000217,0.6416015625,0,Celeb_DF
s_000242,0.99755859375,0,Celeb_DF
s_000254,0.99853515625,0,Celeb_DF
s_000384,0.99951171875,0,Celeb_DF
s_000406,0.9990234375,0,Celeb_DF
s_000484,0.99658203125,0,Celeb_DF
s_000660,1.0,0,Celeb_DF
s_000798,0.99951171875,1,Celeb_DF
s_000825,0.9990234375,1,Celeb_DF
s_000833,0.99267578125,1,Celeb_DF
s_000839,0.998046875,1,Celeb_DF
s_000922,0.99658203125,1,Celeb_DF
s_000997,0.99365234375,1,Celeb_DF
s_001029,0.99658203125,1,Celeb_DF
s_001305,0.9921875,1,Celeb_DF
s_001309,0.9853515625,1,Celeb_DF
s_001321,0.9921875,1,Celeb_DF
s_001331,0.9970703125,1,Celeb_DF
s_001345,0.98095703125,1,Celeb_DF
s_001371,0.998046875,1,Celeb_DF
s_001374,0.9921875,1,Celeb_DF
s_001376,0.99462890625,1,Celeb_DF
s_001380,0.99853515625,1,Celeb_DF
s_001383,0.99658203125,1,Celeb_DF
s_001419,0.9970703125,1,Celeb_DF
s_001420,0.9921875,1,Celeb_DF
s_001484,0.9931640625,1,Celeb_DF
s_001488,0.9541015625,1,Celeb_DF
s_001600,0.98681640625,1,Celeb_DF
s_001605,0.9775390625,1,Celeb_DF
s_001630,0.98828125,1,Celeb_DF
s_001635,0.98583984375,1,Celeb_DF
s_001677,0.98974609375,1,Celeb_DF
s_001691,0.99609375,1,Celeb_DF
s_001697,0.98486328125,1,Celeb_DF
s_001762,0.98291015625,1,Celeb_DF
s_001861,0.98779296875,1,Celeb_DF
s_001891,0.9931640625,1,Celeb_DF
s_001957,0.9931640625,1,Celeb_DF
s_002009,0.99853515625,1,Celeb_DF
s_002101,0.98486328125,1,Celeb_DF
s_002102,0.9970703125,1,Celeb_DF
s_002105,0.97900390625,1,Celeb_DF
s_002163,0.96533203125,1,Celeb_DF
s_002254,0.99560546875,1,Celeb_DF
s_002264,0.99853515625,1,Celeb_DF
s_002269,0.9990234375,1,Celeb_DF
s_002273,0.9931640625,1,Celeb_DF
s_002294,0.9677734375,1,Celeb_DF
s_002313,0.99853515625,1,Celeb_DF
s_002317,0.98291015625,1,Celeb_DF
s_002323,0.99658203125,1,Celeb_DF
s_002343,0.9990234375,1,Celeb_DF
s_002358,0.955078125,1,Celeb_DF
s_002376,0.99169921875,1,Celeb_DF
s_002380,0.99755859375,1,Celeb_DF
s_002381,0.96337890625,1,Celeb_DF
s_002387,0.9990234375,1,Celeb_DF
s_002421,0.984375,1,Celeb_DF
s_002462,0.98779296875,1,Celeb_DF
s_002489,0.9892578125,1,Celeb_DF
s_002517,0.9990234375,1,Celeb_DF
s_002523,0.9970703125,1,Celeb_DF
s_002563,0.9990234375,1,Celeb_DF
s_002679,0.0007381439208984375,1,Celeb_DF
s_002856,0.9853515625,1,Celeb_DF
s_002879,0.97021484375,1,Celeb_DF
s_002881,0.9970703125,1,Celeb_DF
s_002909,0.9970703125,1,Celeb_DF
s_002912,0.99462890625,1,Celeb_DF
s_002913,0.99951171875,1,Celeb_DF
s_002928,0.99853515625,1,Celeb_DF
s_002949,0.9609375,1,Celeb_DF
s_002958,0.98779296875,1,Celeb_DF
s_002961,0.97412109375,1,Celeb_DF
s_002987,0.96923828125,1,Celeb_DF
s_002996,0.99169921875,1,Celeb_DF
s_003248,0.99853515625,1,Celeb_DF
s_003269,0.9990234375,1,Celeb_DF
s_003297,0.99951171875,1,Celeb_DF
s_003312,0.99462890625,1,Celeb_DF
s_003363,0.99951171875,1,Celeb_DF
s_003390,0.9990234375,1,Celeb_DF
s_003426,0.998046875,1,Celeb_DF
s_003453,0.99755859375,1,Celeb_DF
s_003641,0.99853515625,1,Celeb_DF
s_003650,0.99853515625,1,Celeb_DF
s_003736,0.99169921875,1,Celeb_DF
s_003789,0.990234375,1,Celeb_DF
s_003907,0.99560546875,1,Celeb_DF
s_003984,0.99755859375,1,Celeb_DF
s_004025,0.99365234375,1,Celeb_DF
s_004027,0.998046875,1,Celeb_DF
s_004107,0.99853515625,1,Celeb_DF
s_004176,0.98388671875,1,Celeb_DF
s_004186,0.98193359375,1,Celeb_DF
s_004215,0.99658203125,1,Celeb_DF
s_004237,0.9921875,1,Celeb_DF
s_004238,0.9990234375,1,Celeb_DF
s_004257,0.9990234375,1,Celeb_DF
s_004273,0.99755859375,1,Celeb_DF
s_004281,0.99755859375,1,Celeb_DF
s_004297,0.9970703125,1,Celeb_DF
s_004298,0.994140625,1,Celeb_DF
s_004302,0.99072265625,1,Celeb_DF
s_004309,0.99853515625,1,Celeb_DF
s_004318,0.978515625,1,Celeb_DF
s_004325,0.98046875,1,Celeb_DF
s_004326,0.99169921875,1,Celeb_DF
s_004349,0.998046875,1,Celeb_DF
s_004355,0.98828125,1,Celeb_DF
s_004369,0.9970703125,1,Celeb_DF
s_004372,0.99755859375,1,Celeb_DF
s_004373,0.99609375,1,Celeb_DF
s_004376,0.9970703125,1,Celeb_DF
s_004378,0.99462890625,1,Celeb_DF
s_004470,0.99365234375,1,Celeb_DF
s_004629,0.94287109375,1,Celeb_DF
s_004675,0.97216796875,1,Celeb_DF
s_004681,0.96142578125,1,Celeb_DF
s_004726,0.99609375,1,Celeb_DF
s_004754,0.9892578125,1,Celeb_DF
s_004794,0.99609375,1,Celeb_DF
s_004828,0.98388671875,1,Celeb_DF
s_004868,0.974609375,1,Celeb_DF
s_004907,0.96337890625,1,Celeb_DF
s_004935,0.9931640625,1,Celeb_DF
s_005077,0.99462890625,1,Celeb_DF
s_005183,0.99951171875,1,Celeb_DF
s_005195,0.99560546875,1,Celeb_DF
s_005423,0.994140625,1,Celeb_DF
s_005453,0.9951171875,1,Celeb_DF
s_005463,0.986328125,1,Celeb_DF
s_005504,0.95849609375,1,Celeb_DF
s_005617,0.9892578125,1,Celeb_DF
s_005901,0.9990234375,1,Celeb_DF
s_006125,0.9990234375,1,Celeb_DF
s_006141,0.98828125,1,Celeb_DF
s_006204,0.99755859375,1,Celeb_DF
s_006207,0.98828125,1,Celeb_DF
s_006275,0.9990234375,1,Celeb_DF
s_006279,0.9990234375,1,Celeb_DF
s_006297,0.998046875,1,Celeb_DF
s_006369,0.9833984375,0,Celeb_DF
s_006441,0.99560546875,0,Celeb_DF
s_006453,0.96435546875,0,Celeb_DF
s_006493,0.9990234375,0,Celeb_DF
s_006497,0.99755859375,0,Celeb_DF
s_006522,0.95947265625,0,Celeb_DF
s_006544,0.9990234375,0,Celeb_DF
s_006557,1.0,0,Celeb_DF
s_006580,0.0009436607360839844,0,Celeb_DF
s_006603,0.99951171875,0,Celeb_DF
s_006631,0.97705078125,1,DeeperForensics
s_006650,0.99755859375,1,DeeperForensics
s_006699,0.99462890625,1,DeeperForensics
s_006740,0.998046875,1,DeeperForensics
s_006741,0.99462890625,1,DeeperForensics
s_006756,0.99560546875,1,DeeperForensics
s_006766,0.99755859375,1,DeeperForensics
s_006797,0.9931640625,1,DeeperForensics
s_006806,0.99755859375,1,DeeperForensics
s_006842,0.875,1,DeeperForensics
s_006853,0.99951171875,1,DeeperForensics
s_006881,0.99072265625,1,DeeperForensics
s_006928,0.9931640625,1,DeeperForensics
s_006935,0.98779296875,1,DeeperForensics
s_006936,0.9892578125,1,DeeperForensics
s_006953,1.0,1,DeeperForensics
s_006975,0.99609375,1,DeeperForensics
s_006983,0.998046875,1,DeeperForensics
s_006985,0.99755859375,1,DeeperForensics
s_007042,0.9931640625,1,DeeperForensics
s_007044,0.9970703125,1,DeeperForensics
s_007082,0.96142578125,1,DeeperForensics
s_007129,0.98095703125,1,DeeperForensics
s_007159,0.998046875,1,DeeperForensics
s_007167,0.99560546875,1,DeeperForensics
s_007168,0.9921875,1,DeeperForensics
s_007226,0.98681640625,1,DeeperForensics
s_007256,0.99462890625,1,DeeperForensics
s_007297,0.99658203125,1,DeeperForensics
s_007299,0.99658203125,1,DeeperForensics
s_007302,0.99951171875,1,DeeperForensics
s_007320,0.99658203125,1,DeeperForensics
s_007333,0.95263671875,1,DeeperForensics
s_007378,0.99658203125,1,DeeperForensics
s_007397,0.9951171875,1,DeeperForensics
s_007400,0.99755859375,1,DeeperForensics
s_007425,0.99853515625,1,DeeperForensics
s_007428,0.9931640625,1,DeeperForensics
s_007462,0.99951171875,1,DeeperForensics
s_007474,0.99853515625,1,DeeperForensics
s_007493,0.98291015625,1,DeeperForensics
s_007548,0.95947265625,1,DeeperForensics
s_007586,0.9921875,1,DeeperForensics
s_007617,0.962890625,1,DeeperForensics
s_007629,0.99951171875,1,DeeperForensics
s_007693,0.9990234375,1,DeeperForensics
s_007758,0.99658203125,1,DeeperForensics
s_007759,0.998046875,1,DeeperForensics
s_007789,0.9765625,1,DeeperForensics
s_007791,0.004718780517578125,1,DeeperForensics
s_007799,0.99365234375,1,DeeperForensics
s_007805,0.99462890625,1,DeeperForensics
s_007812,0.96484375,1,DeeperForensics
s_007846,0.9951171875,1,DeeperForensics
s_007871,0.9970703125,1,DeeperForensics
s_007872,0.9970703125,1,DeeperForensics
s_007874,0.78759765625,1,DeeperForensics
s_007923,0.9990234375,1,DeeperForensics
s_007947,0.99755859375,1,DeeperForensics
s_007961,0.99462890625,1,DeeperForensics
s_008000,0.9892578125,1,DeeperForensics
s_008082,0.9921875,1,DeeperForensics
s_008112,0.998046875,1,DeeperForensics
s_008140,0.9892578125,1,DeeperForensics
s_008185,0.986328125,1,DeeperForensics
s_008204,0.994140625,1,DeeperForensics
s_008313,0.998046875,1,DeeperForensics
s_008338,0.99853515625,1,DeeperForensics
s_008426,0.998046875,1,DeeperForensics
s_008477,0.986328125,1,DeeperForensics
s_008502,0.99462890625,1,DeeperForensics
s_008531,0.99658203125,1,DeeperForensics
s_008541,0.97314453125,1,DeeperForensics
s_008572,0.994140625,1,DeeperForensics
s_008620,1.0,1,DeeperForensics
s_008624,0.9990234375,1,DeeperForensics
s_008642,0.998046875,1,DeeperForensics
s_008649,0.99609375,1,DeeperForensics
s_008697,0.990234375,1,DeeperForensics
s_008718,0.99169921875,1,DeeperForensics
s_008741,0.9951171875,1,DeeperForensics
s_008742,0.87109375,1,DeeperForensics
s_008755,0.9990234375,1,DeeperForensics
s_008791,0.9990234375,1,DeeperForensics
s_008806,0.99755859375,1,DeeperForensics
s_008839,1.0,1,DeeperForensics
s_008844,0.9931640625,1,DeeperForensics
s_008853,0.95068359375,1,DeeperForensics
s_008861,0.99951171875,1,DeeperForensics
s_008862,0.9970703125,1,DeeperForensics
s_008870,0.998046875,1,DeeperForensics
s_008873,0.98046875,1,DeeperForensics
s_008875,0.99853515625,1,DeeperForensics
s_008876,0.9970703125,1,DeeperForensics
s_008877,0.99755859375,1,DeeperForensics
s_008887,0.9765625,1,DeeperForensics
s_008891,0.99658203125,1,DeeperForensics
s_008892,0.9990234375,1,DeeperForensics
s_008938,1.0,1,DeeperForensics
s_008952,0.9970703125,1,DeeperForensics
s_008977,0.98974609375,1,DeeperForensics
s_008984,0.98193359375,1,DeeperForensics
s_008988,0.99462890625,1,DeeperForensics
s_009041,0.9814453125,1,DeeperForensics
s_009042,0.9951171875,1,DeeperForensics
s_009045,0.990234375,1,DeeperForensics
s_009114,0.994140625,1,DeeperForensics
s_009141,0.99951171875,1,DeeperForensics
s_009145,1.0,1,DeeperForensics
s_009172,0.99267578125,1,DeeperForensics
s_009216,0.9951171875,1,DeeperForensics
s_009219,0.9931640625,1,DeeperForensics
s_009255,0.9990234375,1,DeeperForensics
s_009257,0.99658203125,1,DeeperForensics
s_009275,0.99853515625,1,DeeperForensics
s_009278,0.9970703125,1,DeeperForensics
s_009333,0.9990234375,1,DeeperForensics
s_009339,0.998046875,1,DeeperForensics
s_009360,0.9951171875,1,DeeperForensics
s_009373,0.9892578125,1,DeeperForensics
s_009382,0.99072265625,1,DeeperForensics
s_009384,0.998046875,1,DeeperForensics
s_009404,0.80810546875,1,DeeperForensics
s_009409,0.99169921875,1,DeeperForensics
s_009419,0.9990234375,1,DeeperForensics
s_009420,0.9990234375,1,DeeperForensics
s_009470,0.998046875,1,DeeperForensics
s_009538,0.98388671875,1,DeeperForensics
s_009567,0.98828125,1,DeeperForensics
s_009568,0.9892578125,1,DeeperForensics
s_009595,0.9873046875,1,DeeperForensics
s_009615,0.9990234375,1,DeeperForensics
s_009622,0.99853515625,1,DeeperForensics
s_009624,0.9990234375,1,DeeperForensics
s_009632,0.9912109375,1,DeeperForensics
s_009635,0.99755859375,1,DeeperForensics
s_009706,0.9990234375,1,DeeperForensics
s_009721,0.994140625,1,DeeperForensics
s_009726,0.99462890625,1,DeeperForensics
s_009740,0.99853515625,1,DeeperForensics
s_009748,0.95556640625,1,DeeperForensics
s_009771,1.0,1,DeeperForensics
s_009780,0.99462890625,1,DeeperForensics
s_009814,0.99072265625,1,DeeperForensics
s_009816,0.9951171875,1,DeeperForensics
s_009839,0.998046875,1,DeeperForensics
s_009901,0.99853515625,1,DeeperForensics
s_009955,0.99853515625,1,DeeperForensics
s_009962,1.0,1,DeeperForensics
s_009992,0.99951171875,1,DeeperForensics
s_010017,0.970703125,1,DeeperForensics
s_010065,0.998046875,1,DeeperForensics
s_010098,0.99951171875,1,DeeperForensics
s_010106,0.99951171875,1,DeeperForensics
s_010111,0.98388671875,1,DeeperForensics
s_010131,0.3935546875,1,DeeperForensics
s_010134,0.87890625,1,DeeperForensics
s_010139,0.99853515625,1,DeeperForensics
s_010174,0.9990234375,1,DeeperForensics
s_010200,0.974609375,1,DeeperForensics
s_010209,0.99853515625,1,DeeperForensics
s_010214,0.99755859375,1,DeeperForensics
s_010227,0.998046875,1,DeeperForensics
s_010234,0.99755859375,1,DeeperForensics
s_010235,0.99951171875,1,DeeperForensics
s_010257,0.9912109375,1,DeeperForensics
s_010261,0.99853515625,1,DeeperForensics
s_010266,0.9892578125,1,DeeperForensics
s_010272,0.99951171875,1,DeeperForensics
s_010274,0.99853515625,1,DeeperForensics
s_010320,0.99951171875,1,DeeperForensics
s_010322,0.998046875,1,DeeperForensics
s_010325,0.9921875,1,DeeperForensics
s_010398,1.0,1,DeeperForensics
s_010419,0.95947265625,1,DeeperForensics
s_010430,0.99853515625,1,DeeperForensics
s_010431,0.99853515625,1,DeeperForensics
s_010471,1.0,1,DeeperForensics
s_010481,0.98046875,1,DeeperForensics
s_010511,0.9970703125,1,DeeperForensics
s_010567,0.99755859375,1,DeeperForensics
s_010619,0.984375,1,DeeperForensics
s_010633,0.97998046875,1,DeeperForensics
s_010658,0.97900390625,1,DeeperForensics
s_010669,0.998046875,1,DeeperForensics
s_010743,0.95361328125,1,DeeperForensics
s_010759,0.99658203125,1,DeeperForensics
s_010761,0.99853515625,1,DeeperForensics
s_010767,0.97705078125,1,DeeperForensics
s_010792,0.9921875,1,DeeperForensics
s_010815,0.97998046875,1,DeeperForensics
s_010846,0.986328125,1,DeeperForensics
s_010851,0.99169921875,1,DeeperForensics
s_010857,0.98974609375,1,DeeperForensics
s_010898,0.955078125,1,DeeperForensics
s_010900,0.99755859375,1,DeeperForensics
s_010961,0.99755859375,1,DeeperForensics
s_010963,0.99365234375,1,DeeperForensics
s_011006,0.99267578125,1,DeeperForensics
s_011055,0.99609375,1,DeeperForensics
s_011056,0.99609375,1,DeeperForensics
s_011066,1.0,1,DeeperForensics
s_011067,1.0,1,DeeperForensics
s_011076,0.9970703125,1,DeeperForensics
s_011188,0.99755859375,1,DeeperForensics
s_011202,0.95751953125,1,DeeperForensics
s_011266,1.0,1,DeeperForensics
s_011290,0.986328125,1,DeeperForensics
s_011292,0.986328125,1,DeeperForensics
s_011304,0.9970703125,1,DeeperForensics
s_011329,0.9970703125,1,DeeperForensics
s_011348,1.0,1,DeeperForensics
s_011372,0.0265045166015625,1,DeeperForensics
s_011421,0.9970703125,1,DeeperForensics
s_011467,0.998046875,1,DeeperForensics
s_011491,0.98828125,1,DeeperForensics
s_011492,0.9765625,1,DeeperForensics
s_011540,0.9912109375,1,DeeperForensics
s_011544,0.99365234375,1,DeeperForensics
s_011569,0.9208984375,1,DeeperForensics
s_011631,0.50146484375,0,DeeperForensics
s_011657,0.75634765625,0,DeeperForensics
s_011676,0.509765625,0,DeeperForensics
s_011705,0.30224609375,0,DeeperForensics
s_011708,0.452392578125,0,DeeperForensics
s_011725,0.64111328125,0,DeeperForensics
s_011749,0.20849609375,0,DeeperForensics
s_011794,0.541015625,0,DeeperForensics
s_011795,0.421875,0,DeeperForensics
s_011810,0.29443359375,0,DeeperForensics
s_011842,0.391357421875,0,DeeperForensics
s_011845,0.414306640625,0,DeeperForensics
s_011877,0.46484375,0,DeeperForensics
s_011905,0.325439453125,0,DeeperForensics
s_011911,0.1993408203125,0,DeeperForensics
s_011915,0.61767578125,0,DeeperForensics
s_011967,0.351318359375,0,DeeperForensics
s_011972,0.67529296875,0,DeeperForensics
s_011973,0.41455078125,0,DeeperForensics
s_011974,0.465087890625,0,DeeperForensics
s_011981,0.389404296875,0,DeeperForensics
s_012001,0.40283203125,0,DeeperForensics
s_012027,0.58056640625,0,DeeperForensics
s_012055,0.40625,0,DeeperForensics
s_012071,0.2210693359375,0,DeeperForensics
s_012119,0.62353515625,0,DeeperForensics
s_012130,0.68310546875,0,DeeperForensics
s_012145,0.79443359375,0,DeeperForensics
s_012160,0.49609375,0,DeeperForensics
s_012162,0.317138671875,0,DeeperForensics
s_012166,0.4150390625,0,DeeperForensics
s_012174,0.564453125,0,DeeperForensics
s_012194,0.280029296875,0,DeeperForensics
s_012196,0.363037109375,0,DeeperForensics
s_012198,0.51513671875,0,DeeperForensics
s_012203,0.6875,0,DeeperForensics
s_012209,0.49755859375,0,DeeperForensics
s_012225,0.18115234375,0,DeeperForensics
s_012231,0.69140625,0,DeeperForensics
s_012247,0.498046875,0,DeeperForensics
s_012254,0.361328125,0,DeeperForensics
s_012257,0.447265625,0,DeeperForensics
s_012260,0.259033203125,0,DeeperForensics
s_012261,0.64208984375,0,DeeperForensics
s_012263,0.491943359375,0,DeeperForensics
s_012271,0.41845703125,0,DeeperForensics
s_012273,0.326904296875,0,DeeperForensics
s_012277,0.156005859375,0,DeeperForensics
s_012279,0.1895751953125,0,DeeperForensics
s_012285,0.298095703125,0,DeeperForensics
s_012291,0.393798828125,0,DeeperForensics
s_012299,0.347900390625,0,DeeperForensics
s_012300,0.32763671875,0,DeeperForensics
s_012303,0.4111328125,0,DeeperForensics
s_012307,0.2274169921875,0,DeeperForensics
s_012308,0.43701171875,0,DeeperForensics
s_012331,0.475341796875,0,DeeperForensics
s_012332,0.45361328125,0,DeeperForensics
s_012369,0.3779296875,0,DeeperForensics
s_012370,0.806640625,0,DeeperForensics
s_012379,0.256591796875,0,DeeperForensics
s_012388,0.4443359375,0,DeeperForensics
s_012392,0.25146484375,0,DeeperForensics
s_012413,0.51513671875,0,DeeperForensics
s_012420,0.60205078125,0,DeeperForensics
s_012425,0.498046875,0,DeeperForensics
s_012437,0.537109375,0,DeeperForensics
s_012438,0.305419921875,0,DeeperForensics
s_012450,0.19091796875,0,DeeperForensics
s_012468,0.59033203125,0,DeeperForensics
s_012484,0.37060546875,0,DeeperForensics
s_012490,0.638671875,0,DeeperForensics
s_012491,0.24560546875,0,DeeperForensics
s_012511,0.794921875,0,DeeperForensics
s_012513,0.54345703125,0,DeeperForensics
s_012529,0.437744140625,0,DeeperForensics
s_012536,0.69775390625,0,DeeperForensics
s_012537,0.5556640625,0,DeeperForensics
s_012538,0.39111328125,0,DeeperForensics
s_012540,0.4453125,0,DeeperForensics
s_012543,0.7109375,0,DeeperForensics
s_012549,0.482177734375,0,DeeperForensics
s_012576,0.4267578125,0,DeeperForensics
s_012583,0.499267578125,0,DeeperForensics
s_012585,0.6962890625,0,DeeperForensics
s_012611,0.397705078125,0,DeeperForensics
s_012615,0.1458740234375,0,DeeperForensics
s_012616,0.1910400390625,0,DeeperForensics
s_012618,0.23681640625,0,DeeperForensics
s_012629,0.666015625,0,DeeperForensics
s_012633,0.429443359375,0,DeeperForensics
s_012642,0.5498046875,0,DeeperForensics
s_012646,0.40625,0,DeeperForensics
s_012663,0.457275390625,0,DeeperForensics
s_012693,0.401123046875,0,DeeperForensics
s_012699,0.242919921875,0,DeeperForensics
s_012708,0.049957275390625,0,DeeperForensics
s_012716,0.322998046875,0,DeeperForensics
s_012725,0.426025390625,0,DeeperForensics
s_012743,0.10595703125,0,DeeperForensics
s_012749,0.455810546875,0,DeeperForensics
s_012755,0.3037109375,0,DeeperForensics
s_012763,0.41259765625,0,DeeperForensics
s_012764,0.034027099609375,0,DeeperForensics
s_012786,0.217529296875,0,DeeperForensics
s_012814,0.232666015625,0,DeeperForensics
s_012818,0.338623046875,0,DeeperForensics
s_012819,0.413330078125,0,DeeperForensics
s_012828,0.35888671875,0,DeeperForensics
s_012856,0.336669921875,0,DeeperForensics
s_012857,0.32373046875,0,DeeperForensics
s_012862,0.1475830078125,0,DeeperForensics
s_012866,0.338623046875,0,DeeperForensics
s_012889,0.4482421875,0,DeeperForensics
s_012900,0.423828125,0,DeeperForensics
s_012901,0.34814453125,0,DeeperForensics
s_012976,0.31494140625,0,DeeperForensics
s_012982,0.260009765625,0,DeeperForensics
s_012987,0.3828125,0,DeeperForensics
s_013040,0.72900390625,0,DeeperForensics
s_013074,0.2230224609375,0,DeeperForensics
s_013087,0.260986328125,0,DeeperForensics
s_013111,0.40087890625,0,DeeperForensics
s_013114,0.1356201171875,0,DeeperForensics
s_013118,0.4306640625,0,DeeperForensics
s_013138,0.62158203125,0,DeeperForensics
s_013139,0.6220703125,0,DeeperForensics
s_013151,0.68408203125,0,DeeperForensics
s_013172,0.6044921875,0,DeeperForensics
s_013185,0.63623046875,0,DeeperForensics
s_013203,0.513671875,0,DeeperForensics
s_013214,0.06756591796875,0,DeeperForensics
s_013219,0.1776123046875,0,DeeperForensics
s_013221,0.2340087890625,0,DeeperForensics
s_013231,0.28662109375,0,DeeperForensics
s_013232,0.5458984375,0,DeeperForensics
s_013234,0.1971435546875,0,DeeperForensics
s_013252,0.230224609375,0,DeeperForensics
s_013257,0.491455078125,0,DeeperForensics
s_013261,0.1954345703125,0,DeeperForensics
s_013262,0.415283203125,0,DeeperForensics
s_013267,0.285400390625,0,DeeperForensics
s_013269,0.273681640625,0,DeeperForensics
s_013302,0.29345703125,0,DeeperForensics
s_013313,0.444580078125,0,DeeperForensics
s_013315,0.388427734375,0,DeeperForensics
s_013318,0.2362060546875,0,DeeperForensics
s_013324,0.045440673828125,0,DeeperForensics
s_013326,0.1094970703125,0,DeeperForensics
s_013352,0.12445068359375,0,DeeperForensics
s_013358,0.332763671875,0,DeeperForensics
s_013362,0.5283203125,0,DeeperForensics
s_013369,0.485595703125,0,DeeperForensics
s_013407,0.353759765625,0,DeeperForensics
s_013421,0.478759765625,0,DeeperForensics
s_013424,0.42529296875,0,DeeperForensics
s_013427,0.490478515625,0,DeeperForensics
s_013429,0.16455078125,0,DeeperForensics
s_013440,0.373046875,0,DeeperForensics
s_013446,0.5078125,0,DeeperForensics
s_013450,0.1458740234375,0,DeeperForensics
s_013463,0.7001953125,0,DeeperForensics
s_013465,0.411865234375,0,DeeperForensics
s_013467,0.599609375,0,DeeperForensics
s_013480,0.347900390625,0,DeeperForensics
s_013487,0.30859375,0,DeeperForensics
s_013493,0.31005859375,0,DeeperForensics
s_013508,0.50634765625,0,DeeperForensics
s_013518,0.272216796875,0,DeeperForensics
s_013523,0.493408203125,0,DeeperForensics
s_013524,0.274169921875,0,DeeperForensics
s_013555,0.2197265625,0,DeeperForensics
s_013563,0.447021484375,0,DeeperForensics
s_013592,0.423583984375,0,DeeperForensics
s_013610,0.50927734375,0,DeeperForensics
s_013622,0.403564453125,0,DeeperForensics
s_013626,0.33056640625,0,DeeperForensics
s_013632,0.134765625,0,DeeperForensics
s_013636,0.47900390625,0,DeeperForensics
s_013638,0.53369140625,0,DeeperForensics
s_013655,0.60693359375,0,DeeperForensics
s_013678,0.69482421875,0,DeeperForensics
s_013704,0.1982421875,0,DeeperForensics
s_013737,0.54150390625,0,DeeperForensics
s_013743,0.50537109375,0,DeeperForensics
s_013746,0.16943359375,0,DeeperForensics
s_013756,0.2294921875,0,DeeperForensics
s_013783,0.2330322265625,0,DeeperForensics
s_013784,0.250732421875,0,DeeperForensics
s_013789,0.73486328125,0,DeeperForensics
s_013790,0.58251953125,0,DeeperForensics
s_013799,0.3515625,0,DeeperForensics
s_013803,0.54833984375,0,DeeperForensics
s_013820,0.399658203125,0,DeeperForensics
s_013825,0.462646484375,0,DeeperForensics
s_013834,0.470458984375,0,DeeperForensics
s_013896,0.54443359375,0,DeeperForensics
s_013906,0.361083984375,0,DeeperForensics
s_013907,0.45458984375,0,DeeperForensics
s_013908,0.6474609375,0,DeeperForensics
s_013932,0.66943359375,0,DeeperForensics
s_013933,0.2958984375,0,DeeperForensics
s_013944,0.410888671875,0,DeeperForensics
s_013945,0.33154296875,0,DeeperForensics
s_013955,0.429931640625,0,DeeperForensics
s_013963,0.59130859375,0,DeeperForensics
s_013977,0.3837890625,0,DeeperForensics
s_013984,0.2127685546875,0,DeeperForensics
s_013987,0.740234375,0,DeeperForensics
s_013988,0.77783203125,0,DeeperForensics
s_013997,0.379150390625,0,DeeperForensics
s_014002,0.3818359375,0,DeeperForensics
s_014004,0.26953125,0,DeeperForensics
s_014009,0.4384765625,0,DeeperForensics
s_014017,0.386962890625,0,DeeperForensics
s_014023,0.4970703125,0,DeeperForensics
s_014036,0.4404296875,0,DeeperForensics
s_014050,0.3994140625,0,DeeperForensics
s_014052,0.51708984375,0,DeeperForensics
s_014061,0.4228515625,0,DeeperForensics
s_014070,0.411376953125,0,DeeperForensics
s_014073,0.364501953125,0,DeeperForensics
s_014077,0.61083984375,0,DeeperForensics
s_014086,0.484619140625,0,DeeperForensics
s_014087,0.404296875,0,DeeperForensics
s_014093,0.287353515625,0,DeeperForensics
s_014103,0.5654296875,0,DeeperForensics
s_014108,0.20556640625,0,DeeperForensics
s_014120,0.2470703125,0,DeeperForensics
s_014122,0.218994140625,0,DeeperForensics
s_014130,0.4453125,0,DeeperForensics
s_014134,0.3505859375,0,DeeperForensics
s_014150,0.11517333984375,0,DeeperForensics
s_014164,0.71630859375,0,DeeperForensics
s_014165,0.76708984375,0,DeeperForensics
s_014193,0.61767578125,0,DeeperForensics
s_014197,0.53857421875,0,DeeperForensics
s_014200,0.615234375,0,DeeperForensics
s_014201,0.642578125,0,DeeperForensics
s_014217,0.80322265625,0,DeeperForensics
s_014218,0.4775390625,0,DeeperForensics
s_014246,0.386474609375,0,DeeperForensics
s_014251,0.765625,0,DeeperForensics
s_014255,0.229248046875,0,DeeperForensics
s_014265,0.595703125,0,DeeperForensics
s_014267,0.47509765625,0,DeeperForensics
s_014282,0.533203125,0,DeeperForensics
s_014295,0.36328125,0,DeeperForensics
s_014299,0.4384765625,0,DeeperForensics
s_014305,0.63037109375,0,DeeperForensics
s_014316,0.6904296875,0,DeeperForensics
s_014327,0.5498046875,0,DeeperForensics
s_014332,0.13232421875,0,DeeperForensics
s_014351,0.476806640625,0,DeeperForensics
s_014366,0.6357421875,0,DeeperForensics
s_014389,0.51513671875,0,DeeperForensics
s_014397,0.5771484375,0,DeeperForensics
s_014411,0.66748046875,0,DeeperForensics
s_014412,0.7216796875,0,DeeperForensics
s_014413,0.65283203125,0,DeeperForensics
s_014417,0.53125,0,DeeperForensics
s_014424,0.6669921875,0,DeeperForensics
s_014431,0.58251953125,0,DeeperForensics
s_014437,0.3408203125,0,DeeperForensics
s_014440,0.68505859375,0,DeeperForensics
s_014452,0.4287109375,0,DeeperForensics
s_014456,0.5947265625,0,DeeperForensics
s_014473,0.42724609375,0,DeeperForensics
s_014503,0.67626953125,0,DeeperForensics
s_014520,0.6630859375,0,DeeperForensics
s_014552,0.81689453125,0,DeeperForensics
s_014553,0.779296875,0,DeeperForensics
s_014568,0.4580078125,0,DeeperForensics
s_014577,0.36572265625,0,DeeperForensics
s_014585,0.65087890625,0,DeeperForensics
s_014586,0.85107421875,0,DeeperForensics
s_014599,0.6015625,0,DeeperForensics
s_014611,0.68701171875,0,DeeperForensics
s_014621,0.60888671875,0,DeeperForensics
s_014663,0.73583984375,0,DeeperForensics
s_014687,0.66748046875,0,DeeperForensics
s_014704,0.25439453125,0,DeeperForensics
s_014715,0.79736328125,0,DeeperForensics
s_014716,0.845703125,0,DeeperForensics
s_014739,0.433349609375,0,DeeperForensics
s_014762,0.623046875,0,DeeperForensics
s_014763,0.64453125,0,DeeperForensics
s_014798,0.5458984375,0,DeeperForensics
s_014822,0.492919921875,0,DeeperForensics
s_014829,0.0521240234375,0,DeeperForensics
s_014837,0.428466796875,0,DeeperForensics
s_014850,0.134033203125,0,DeeperForensics
s_014854,0.478515625,0,DeeperForensics
s_014871,0.372802734375,0,DeeperForensics
s_014898,0.427978515625,0,DeeperForensics
s_014905,0.77392578125,0,DeeperForensics
s_014914,0.393798828125,0,DeeperForensics
s_014918,0.4150390625,0,DeeperForensics
s_014927,0.1583251953125,0,DeeperForensics
s_014928,0.2021484375,0,DeeperForensics
s_014931,0.479248046875,0,DeeperForensics
s_014942,0.58935546875,0,DeeperForensics
s_014948,0.184814453125,0,DeeperForensics
s_014973,0.365966796875,0,DeeperForensics
s_014994,0.62548828125,0,DeeperForensics
s_015032,0.302490234375,0,DeeperForensics
s_015044,0.095703125,0,DeeperForensics
s_015130,0.07708740234375,0,DeeperForensics
s_015138,0.2496337890625,0,DeeperForensics
s_015148,0.5888671875,0,DeeperForensics
s_015158,0.114990234375,0,DeeperForensics
s_015169,0.278076171875,0,DeeperForensics
s_015186,0.39794921875,0,DeeperForensics
s_015215,0.5107421875,0,DeeperForensics
s_015256,0.243408203125,0,DeeperForensics
s_015289,0.1461181640625,0,DeeperForensics
s_015302,0.392333984375,0,DeeperForensics
s_015306,0.58740234375,0,DeeperForensics
s_015312,0.307861328125,0,DeeperForensics
s_015316,0.55224609375,0,DeeperForensics
s_015327,0.67236328125,0,DeeperForensics
s_015404,0.31201171875,0,DeeperForensics
s_015425,0.43115234375,0,DeeperForensics
s_015430,0.9208984375,0,DeeperForensics
s_015431,0.173583984375,0,DeeperForensics
s_015446,0.53271484375,0,DeeperForensics
s_015452,0.222900390625,0,DeeperForensics
s_015512,0.320556640625,0,DeeperForensics
s_015543,0.23388671875,0,DeeperForensics
s_015552,0.5087890625,0,DeeperForensics
s_015563,0.63134765625,0,DeeperForensics
s_015576,0.642578125,0,DeeperForensics
s_015613,0.296630859375,0,DeeperForensics
s_015614,0.34423828125,0,DeeperForensics
s_015655,0.2822265625,0,DeeperForensics
s_015703,0.72607421875,0,DeeperForensics
s_015722,0.6484375,0,DeeperForensics
s_015733,0.75830078125,0,DeeperForensics
s_015761,0.46826171875,0,DeeperForensics
s_015808,0.46142578125,0,DeeperForensics
s_015824,0.50732421875,0,DeeperForensics
s_015830,0.312744140625,0,DeeperForensics
s_015884,0.490966796875,0,DeeperForensics
s_015896,0.64111328125,0,DeeperForensics
s_015906,0.6005859375,0,DeeperForensics
s_015908,0.422607421875,0,DeeperForensics
s_015910,0.320556640625,0,DeeperForensics
s_015911,0.29443359375,0,DeeperForensics
s_015927,0.62451171875,0,DeeperForensics
s_015933,0.80712890625,0,DeeperForensics
s_015938,0.6298828125,0,DeeperForensics
s_015950,0.392822265625,0,DeeperForensics
s_015977,0.2425537109375,0,DeeperForensics
s_015982,0.56201171875,0,DeeperForensics
s_015994,0.62158203125,0,DeeperForensics
s_016001,0.53857421875,0,DeeperForensics
s_016005,0.265869140625,0,DeeperForensics
s_016009,0.5390625,0,DeeperForensics
s_016044,0.436767578125,0,DeeperForensics
s_016046,0.5576171875,0,DeeperForensics
s_016047,0.255615234375,0,DeeperForensics
s_016057,0.426513671875,0,DeeperForensics
s_016060,0.642578125,0,DeeperForensics
s_016077,0.467529296875,0,DeeperForensics
s_016078,0.229736328125,0,DeeperForensics
s_016081,0.4951171875,0,DeeperForensics
s_016089,0.218505859375,0,DeeperForensics
s_016093,0.63916015625,0,DeeperForensics
s_016103,0.351318359375,0,DeeperForensics
s_016110,0.48779296875,0,DeeperForensics
s_016122,0.6455078125,0,DeeperForensics
s_016175,0.469482421875,0,DeeperForensics
s_016202,0.54931640625,0,DeeperForensics
s_016207,0.8291015625,0,DeeperForensics
s_016234,0.5185546875,0,DeeperForensics
s_016264,0.350830078125,0,DeeperForensics
s_016277,0.3564453125,0,DeeperForensics
s_016312,0.442138671875,0,DeeperForensics
s_016321,0.6025390625,0,DeeperForensics
s_016330,0.452880859375,0,DeeperForensics
s_016331,0.281005859375,0,DeeperForensics
s_016341,0.1998291015625,0,DeeperForensics
s_016343,0.1314697265625,0,DeeperForensics
s_016351,0.482177734375,0,DeeperForensics
s_016355,0.049407958984375,0,DeeperForensics
s_016357,0.1549072265625,0,DeeperForensics
s_016377,0.44384765625,0,DeeperForensics
s_016408,0.283203125,0,DeeperForensics
s_016410,0.4658203125,0,DeeperForensics
s_016416,0.402099609375,0,DeeperForensics
s_016417,0.62548828125,0,DeeperForensics
s_016418,0.0948486328125,0,DeeperForensics
s_016423,0.302490234375,0,DeeperForensics
s_016445,0.64892578125,0,DeeperForensics
s_016451,0.45458984375,0,DeeperForensics
s_016467,0.393798828125,0,DeeperForensics
s_016474,0.44091796875,0,DeeperForensics
s_016501,0.685546875,0,DeeperForensics
s_016502,0.44140625,0,DeeperForensics
s_016507,0.171630859375,0,DeeperForensics
s_016509,0.2286376953125,0,DeeperForensics
s_016521,0.548828125,0,DeeperForensics
s_016525,0.315673828125,0,DeeperForensics
s_016555,0.744140625,0,DeeperForensics
s_016558,0.499267578125,0,DeeperForensics
s_016570,0.439697265625,0,DeeperForensics
s_016574,0.3798828125,0,DeeperForensics
s_016592,0.355224609375,0,DeeperForensics
s_016605,0.58984375,0,DeeperForensics
s_016606,0.6455078125,0,DeeperForensics
s_016621,0.415771484375,0,DeeperForensics
s_016622,0.4033203125,0,DeeperForensics
s_016639,0.77880859375,0,DeeperForensics
s_016641,0.83056640625,0,DeeperForensics
s_016648,0.51611328125,0,DeeperForensics
s_016663,0.1844482421875,0,DeeperForensics
s_016672,0.7470703125,0,DeeperForensics
s_016681,0.5927734375,0,DeeperForensics
s_016686,0.45361328125,0,DeeperForensics
s_016692,0.31298828125,0,DeeperForensics
s_016700,0.6279296875,0,DeeperForensics
s_016712,0.2646484375,0,DeeperForensics
s_016738,0.447265625,0,DeeperForensics
s_016742,0.673828125,0,DeeperForensics
s_016749,0.55615234375,0,DeeperForensics
s_016761,0.36376953125,0,DeeperForensics
s_016772,0.5732421875,0,DeeperForensics
s_016784,0.09222412109375,0,DeeperForensics
s_016799,0.286376953125,0,DeeperForensics
s_016820,0.35400390625,0,DeeperForensics
s_016821,0.143310546875,0,DeeperForensics
s_016824,0.09600830078125,0,DeeperForensics
s_016836,0.304443359375,0,DeeperForensics
s_016860,0.438232421875,0,DeeperForensics
s_016887,0.08990478515625,0,DeeperForensics
s_016907,0.392333984375,0,DeeperForensics
s_016909,0.2451171875,0,DeeperForensics
s_016912,0.227294921875,0,DeeperForensics
s_016947,0.488525390625,0,DeeperForensics
s_016951,0.55810546875,0,DeeperForensics
s_016957,0.2122802734375,0,DeeperForensics
s_016965,0.40185546875,0,DeeperForensics
s_016968,0.373779296875,0,DeeperForensics
s_017011,0.362060546875,0,DeeperForensics
s_017014,0.33837890625,0,DeeperForensics
s_017019,0.287109375,0,DeeperForensics
s_017035,0.397216796875,0,DeeperForensics
s_017055,0.2509765625,0,DeeperForensics
s_017056,0.47705078125,0,DeeperForensics
s_017096,0.426025390625,0,DeeperForensics
s_017098,0.5009765625,0,DeeperForensics
s_017129,0.5087890625,0,DeeperForensics
s_017130,0.428955078125,0,DeeperForensics
s_017143,0.45263671875,0,DeeperForensics
s_017176,0.307861328125,0,DeeperForensics
s_017179,0.476318359375,0,DeeperForensics
s_017185,0.1995849609375,0,DeeperForensics
s_017187,0.1771240234375,0,DeeperForensics
s_017188,0.091064453125,0,DeeperForensics
s_017192,0.449462890625,0,DeeperForensics
s_017220,0.49755859375,0,DeeperForensics
s_017223,0.1654052734375,0,DeeperForensics
s_017233,0.66552734375,0,DeeperForensics
s_017234,0.572265625,0,DeeperForensics
s_017256,0.435302734375,0,DeeperForensics
s_017268,0.6572265625,0,DeeperForensics
s_017272,0.2265625,0,DeeperForensics
s_017279,0.172119140625,0,DeeperForensics
s_017284,0.384033203125,0,DeeperForensics
s_017295,0.1285400390625,0,DeeperForensics
s_017302,0.198974609375,0,DeeperForensics
s_017305,0.298095703125,0,DeeperForensics
s_017356,0.03253173828125,0,DeeperForensics
s_017363,0.05108642578125,0,DeeperForensics
s_017364,0.16748046875,0,DeeperForensics
s_017375,0.278076171875,0,DeeperForensics
s_017413,0.4228515625,0,DeeperForensics
s_017435,0.3232421875,0,DeeperForensics
s_017442,0.261474609375,0,DeeperForensics
s_017444,0.1549072265625,0,DeeperForensics
s_017445,0.1678466796875,0,DeeperForensics
s_017449,0.136474609375,0,DeeperForensics
s_017460,0.5234375,0,DeeperForensics
s_017461,0.138916015625,0,DeeperForensics
s_017468,0.11083984375,0,DeeperForensics
s_017471,0.5380859375,0,DeeperForensics
s_017472,0.419677734375,0,DeeperForensics
s_017501,0.548828125,0,DeeperForensics
s_017507,0.454345703125,0,DeeperForensics
s_017521,0.3701171875,0,DeeperForensics
s_017522,0.60400390625,0,DeeperForensics
s_017532,0.286865234375,0,DeeperForensics
s_017541,0.658203125,0,DeeperForensics
s_017546,0.33349609375,0,DeeperForensics
s_017551,0.42529296875,0,DeeperForensics
s_017552,0.1114501953125,0,DeeperForensics
s_017553,0.24365234375,0,DeeperForensics
s_017569,0.5615234375,0,DeeperForensics
s_017572,0.377685546875,0,DeeperForensics
s_017577,0.3974609375,0,DeeperForensics
s_017580,0.08587646484375,0,DeeperForensics
s_017594,0.155517578125,0,DeeperForensics
s_017625,0.640625,0,DeeperForensics
s_017632,0.6962890625,0,DeeperForensics
s_017648,0.45556640625,0,DeeperForensics
s_017666,0.63671875,0,DeeperForensics
s_017668,0.334716796875,0,DeeperForensics
s_017693,0.274169921875,0,DeeperForensics
s_017698,0.2529296875,0,DeeperForensics
s_017704,0.2274169921875,0,DeeperForensics
s_017711,0.31005859375,0,DeeperForensics
s_017713,0.301025390625,0,DeeperForensics
s_017721,0.188720703125,0,DeeperForensics
s_017722,0.50537109375,0,DeeperForensics
s_017725,0.1365966796875,0,DeeperForensics
s_017791,0.437744140625,0,DeeperForensics
s_017794,0.53564453125,0,DeeperForensics
s_017804,0.1866455078125,0,DeeperForensics
s_017810,0.474853515625,0,DeeperForensics
s_017838,0.38720703125,0,DeeperForensics
s_017850,0.2342529296875,0,DeeperForensics
s_017864,0.470947265625,0,DeeperForensics
s_017866,0.572265625,0,DeeperForensics
s_017882,0.66552734375,0,DeeperForensics
s_017893,0.281982421875,0,DeeperForensics
s_017904,0.07861328125,0,DeeperForensics
s_017906,0.452392578125,0,DeeperForensics
s_017945,0.387451171875,0,DeeperForensics
s_017962,0.36279296875,0,DeeperForensics
s_017963,0.37841796875,0,DeeperForensics
s_017978,0.5263671875,0,DeeperForensics
s_018018,0.475341796875,0,DeeperForensics
s_018022,0.2734375,0,DeeperForensics
s_018026,0.365966796875,0,DeeperForensics
s_018048,0.34130859375,0,DeeperForensics
s_018081,0.41845703125,0,DeeperForensics
s_018083,0.60009765625,0,DeeperForensics
s_018106,0.316650390625,0,DeeperForensics
s_018107,0.2110595703125,0,DeeperForensics
s_018110,0.44677734375,0,DeeperForensics
s_018120,0.5263671875,0,DeeperForensics
s_018121,0.192138671875,0,DeeperForensics
s_018123,0.2391357421875,0,DeeperForensics
s_018133,0.289794921875,0,DeeperForensics
s_018147,0.18359375,0,DeeperForensics
s_018163,0.486083984375,0,DeeperForensics
s_018165,0.50390625,0,DeeperForensics
s_018179,0.384765625,0,DeeperForensics
s_018187,0.56103515625,0,DeeperForensics
s_018210,0.10504150390625,0,DeeperForensics
s_018211,0.24658203125,0,DeeperForensics
s_018223,0.3994140625,0,DeeperForensics
s_018228,0.36376953125,0,DeeperForensics
s_018242,0.469482421875,0,DeeperForensics
s_018244,0.414306640625,0,DeeperForensics
s_018249,0.483154296875,0,DeeperForensics
s_018273,0.86181640625,0,DeeperForensics
s_018277,0.5498046875,0,DeeperForensics
s_018323,0.307861328125,0,DeeperForensics
s_018324,0.1177978515625,0,DeeperForensics
s_018325,0.342529296875,0,DeeperForensics
s_018326,0.2359619140625,0,DeeperForensics
s_018329,0.1724853515625,0,DeeperForensics
s_018330,0.33056640625,0,DeeperForensics
s_018332,0.396484375,0,DeeperForensics
s_018334,0.1077880859375,0,DeeperForensics
s_018340,0.330322265625,0,DeeperForensics
s_018348,0.1121826171875,0,DeeperForensics
s_018361,0.276611328125,0,DeeperForensics
s_018363,0.17529296875,0,DeeperForensics
s_018366,0.181640625,0,DeeperForensics
s_018384,0.1812744140625,0,DeeperForensics
s_018429,0.376708984375,0,DeeperForensics
s_018452,0.425048828125,0,DeeperForensics
s_018453,0.1549072265625,0,DeeperForensics
s_018456,0.486083984375,0,DeeperForensics
s_018464,0.256591796875,0,DeeperForensics
s_018475,0.2890625,0,DeeperForensics
s_018476,0.1951904296875,0,DeeperForensics
s_018487,0.218994140625,0,DeeperForensics
s_018513,0.2294921875,0,DeeperForensics
s_018517,0.57080078125,0,DeeperForensics
s_018526,0.0994873046875,0,DeeperForensics
s_018573,0.229736328125,0,DeeperForensics
s_018582,0.08819580078125,0,DeeperForensics
s_018587,0.33984375,0,DeeperForensics
s_018599,0.5498046875,0,DeeperForensics
s_018630,0.11859130859375,0,DeeperForensics
s_018638,0.1259765625,0,DeeperForensics
s_018659,0.370361328125,0,DeeperForensics
s_018716,0.375,0,DeeperForensics
s_018788,0.8779296875,0,DeeperForensics
s_018791,0.306640625,0,DeeperForensics
s_018792,0.469970703125,0,DeeperForensics
s_018798,0.437255859375,0,DeeperForensics
s_018819,0.2020263671875,0,DeeperForensics
s_018841,0.416259765625,0,DeeperForensics
s_018883,0.66943359375,0,DeeperForensics
s_018887,0.368408203125,0,DeeperForensics
s_018893,0.2137451171875,0,DeeperForensics
s_018901,0.48779296875,0,DeeperForensics
s_018908,0.57763671875,0,DeeperForensics
s_018933,0.515625,0,DeeperForensics
s_018936,0.427734375,0,DeeperForensics
s_018957,0.421142578125,0,DeeperForensics
s_018964,0.552734375,0,DeeperForensics
s_018975,0.272705078125,0,DeeperForensics
s_018994,0.251953125,0,DeeperForensics
s_019033,0.2232666015625,0,DeeperForensics
s_019045,0.420654296875,0,DeeperForensics
s_019052,0.5439453125,0,DeeperForensics
s_019163,0.61767578125,0,DeeperForensics
s_019167,0.57373046875,0,DeeperForensics
s_019176,0.358642578125,0,DeeperForensics
s_019181,0.60400390625,0,DeeperForensics
s_019187,0.78369140625,0,DeeperForensics
s_019189,0.8154296875,0,DeeperForensics
s_019202,0.57763671875,0,DeeperForensics
s_019220,0.7744140625,0,DeeperForensics
s_019241,0.5,0,DeeperForensics
s_019254,0.5205078125,0,DeeperForensics
s_019257,0.365234375,0,DeeperForensics
s_019265,0.412109375,0,DeeperForensics
s_019274,0.71044921875,0,DeeperForensics
s_019281,0.497802734375,0,DeeperForensics
s_019313,0.56982421875,0,DeeperForensics
s_019320,0.494384765625,0,DeeperForensics
s_019330,0.359130859375,0,DeeperForensics
s_019335,0.26025390625,0,DeeperForensics
s_019362,0.576171875,0,DeeperForensics
s_019381,0.2384033203125,0,DeeperForensics
s_019416,0.1593017578125,0,DeeperForensics
s_019429,0.2054443359375,0,DeeperForensics
s_019454,0.36474609375,0,DeeperForensics
s_019456,0.2117919921875,0,DeeperForensics
s_019461,0.31689453125,0,DeeperForensics
s_019465,0.1326904296875,0,DeeperForensics
s_019483,0.318603515625,0,DeeperForensics
s_019497,0.283447265625,0,DeeperForensics
s_019505,0.17529296875,0,DeeperForensics
s_019509,0.487548828125,0,DeeperForensics
s_019517,0.495849609375,0,DeeperForensics
s_019518,0.433837890625,0,DeeperForensics
s_019520,0.391357421875,0,DeeperForensics
s_019532,0.40625,0,DeeperForensics
s_019533,0.132568359375,0,DeeperForensics
s_019540,0.1383056640625,0,DeeperForensics
s_019544,0.37060546875,0,DeeperForensics
s_019546,0.4560546875,0,DeeperForensics
s_019556,0.2454833984375,0,DeeperForensics
s_019572,0.168701171875,0,DeeperForensics
s_019602,0.3310546875,0,DeeperForensics
s_019609,0.472900390625,0,DeeperForensics
s_019616,0.343017578125,0,DeeperForensics
s_019637,0.391845703125,0,DeeperForensics
s_019647,0.080078125,0,DeeperForensics
s_019659,0.2467041015625,0,DeeperForensics
s_019661,0.091064453125,0,DeeperForensics
s_019662,0.60595703125,0,DeeperForensics
s_019663,0.3896484375,0,DeeperForensics
s_019680,0.43115234375,0,DeeperForensics
s_019684,0.5107421875,0,DeeperForensics
s_019690,0.8486328125,0,DeeperForensics
s_019710,0.5703125,0,DeeperForensics
s_019717,0.4638671875,0,DeeperForensics
s_019718,0.82275390625,0,DeeperForensics
s_019724,0.63623046875,0,DeeperForensics
s_019727,0.341552734375,0,DeeperForensics
s_019733,0.6484375,0,DeeperForensics
s_019736,0.206298828125,0,DeeperForensics
s_019754,0.693359375,0,DeeperForensics
s_019762,0.1856689453125,0,DeeperForensics
s_019780,0.6533203125,0,DeeperForensics
s_019814,0.46533203125,0,DeeperForensics
s_019840,0.8017578125,0,DeeperForensics
s_019844,0.64990234375,0,DeeperForensics
s_019855,0.08270263671875,0,DeeperForensics
s_019858,0.6015625,0,DeeperForensics
s_019882,0.2445068359375,0,DeeperForensics
s_019890,0.2318115234375,0,DeeperForensics
s_019906,0.12103271484375,0,DeeperForensics
s_019913,0.0982666015625,0,DeeperForensics
s_019915,0.2322998046875,0,DeeperForensics
s_019936,0.5185546875,0,DeeperForensics
s_019955,0.38427734375,0,DeeperForensics
s_019965,0.326904296875,0,DeeperForensics
s_019976,0.06842041015625,0,DeeperForensics
s_019983,0.12066650390625,0,DeeperForensics
s_019987,0.21142578125,0,DeeperForensics
s_019992,0.22802734375,0,DeeperForensics
s_019995,0.1885986328125,0,DeeperForensics
s_020000,0.1942138671875,0,DeeperForensics
s_020002,0.1640625,0,DeeperForensics
s_020003,0.2413330078125,0,DeeperForensics
s_020009,0.2322998046875,0,DeeperForensics
s_020010,0.4794921875,0,DeeperForensics
s_020021,0.372802734375,0,DeeperForensics
s_020029,0.55126953125,0,DeeperForensics
s_020035,0.481201171875,0,DeeperForensics
s_020037,0.1181640625,0,DeeperForensics
s_020038,0.299560546875,0,DeeperForensics
s_020064,0.60791015625,0,DeeperForensics
s_020086,0.11181640625,0,DeeperForensics
s_020102,0.2313232421875,0,DeeperForensics
s_020120,0.71484375,0,DeeperForensics
s_020135,0.1077880859375,0,DeeperForensics
s_020143,0.4287109375,0,DeeperForensics
s_020160,0.4375,0,DeeperForensics
s_020161,0.393798828125,0,DeeperForensics
s_020169,0.227783203125,0,DeeperForensics
s_020205,0.59765625,0,DeeperForensics
s_020206,0.6318359375,0,DeeperForensics
s_020210,0.57421875,0,DeeperForensics
s_020213,0.818359375,0,DeeperForensics
s_020224,0.1629638671875,0,DeeperForensics
s_020239,0.33447265625,0,DeeperForensics
s_020247,0.27587890625,0,DeeperForensics
s_020258,0.437255859375,0,DeeperForensics
s_020280,0.252197265625,0,DeeperForensics
s_020289,0.44580078125,0,DeeperForensics
s_020353,0.28955078125,0,DeeperForensics
s_020361,0.36181640625,0,DeeperForensics
s_020364,0.5478515625,0,DeeperForensics
s_020365,0.6328125,0,DeeperForensics
s_020387,0.1253662109375,0,DeeperForensics
s_020389,0.412353515625,0,DeeperForensics
s_020414,0.437744140625,0,DeeperForensics
s_020422,0.08343505859375,0,DeeperForensics
s_020427,0.4345703125,0,DeeperForensics
s_020440,0.483154296875,0,DeeperForensics
s_020462,0.434326171875,0,DeeperForensics
s_020470,0.6435546875,0,DeeperForensics
s_020471,0.42333984375,0,DeeperForensics
s_020480,0.337890625,0,DeeperForensics
s_020489,0.5634765625,0,DeeperForensics
s_020491,0.603515625,0,DeeperForensics
s_020501,0.25146484375,0,DeeperForensics
s_020522,0.486328125,0,DeeperForensics
s_020528,0.5751953125,0,DeeperForensics
s_020556,0.81689453125,0,DeeperForensics
s_020566,0.54052734375,0,DeeperForensics
s_020567,0.36865234375,0,DeeperForensics
s_020582,0.78466796875,0,DeeperForensics
s_020585,0.431640625,0,DeeperForensics
s_020603,0.671875,0,DeeperForensics
s_020622,0.650390625,0,DeeperForensics
s_020644,0.88037109375,0,DeeperForensics
s_020653,0.364501953125,0,DeeperForensics
s_020658,0.75048828125,0,DeeperForensics
s_020668,0.74853515625,0,DeeperForensics
s_020671,0.7412109375,0,DeeperForensics
s_020675,0.52783203125,0,DeeperForensics
s_020676,0.5341796875,0,DeeperForensics
s_020678,0.5380859375,0,DeeperForensics
s_020683,0.432373046875,0,DeeperForensics
s_020687,0.62255859375,0,DeeperForensics
s_020717,0.5390625,0,DeeperForensics
s_020737,0.465576171875,0,DeeperForensics
s_020744,0.54736328125,0,DeeperForensics
s_020746,0.421875,0,DeeperForensics
s_020752,0.34326171875,0,DeeperForensics
s_020772,0.09466552734375,0,DeeperForensics
s_020778,0.54248046875,0,DeeperForensics
s_020779,0.1756591796875,0,DeeperForensics
s_020784,0.348876953125,0,DeeperForensics
s_020798,0.369873046875,0,DeeperForensics
s_020800,0.1175537109375,0,DeeperForensics
s_020811,0.78955078125,0,DeeperForensics
s_020812,0.82421875,0,DeeperForensics
s_020832,0.681640625,0,DeeperForensics
s_020836,0.826171875,0,DeeperForensics
s_020842,0.80712890625,0,DeeperForensics
s_020847,0.6484375,0,DeeperForensics
s_020868,0.2802734375,0,DeeperForensics
s_020873,0.6337890625,0,DeeperForensics
s_020876,0.62890625,0,DeeperForensics
s_020881,0.336669921875,0,DeeperForensics
s_020902,0.509765625,0,DeeperForensics
s_020908,0.494140625,0,DeeperForensics
s_020913,0.72412109375,0,DeeperForensics
s_020921,0.515625,0,DeeperForensics
s_020927,0.3515625,0,DeeperForensics
s_020929,0.7939453125,0,DeeperForensics
s_020934,0.66015625,0,DeeperForensics
s_020943,0.60546875,0,DeeperForensics
s_020945,0.35986328125,0,DeeperForensics
s_020952,0.431640625,0,DeeperForensics
s_020956,0.360107421875,0,DeeperForensics
s_020957,0.802734375,0,DeeperForensics
s_020968,0.05718994140625,0,DeeperForensics
s_020974,0.6181640625,0,DeeperForensics
s_020977,0.7373046875,0,DeeperForensics
s_020982,0.25048828125,0,DeeperForensics
s_020988,0.59130859375,0,DeeperForensics
s_021035,0.331787109375,0,DeeperForensics
s_021044,0.1651611328125,0,DeeperForensics
s_021053,0.417724609375,0,DeeperForensics
s_021063,0.60107421875,0,DeeperForensics
s_021070,0.2325439453125,0,DeeperForensics
s_021084,0.5078125,0,DeeperForensics
s_021089,0.36474609375,0,DeeperForensics
s_021097,0.73095703125,0,DeeperForensics
s_021114,0.77099609375,0,DeeperForensics
s_021135,0.41259765625,0,DeeperForensics
s_021162,0.60693359375,0,DeeperForensics
s_021178,0.2022705078125,0,DeeperForensics
s_021181,0.439453125,0,DeeperForensics
s_021182,0.4384765625,0,DeeperForensics
s_021187,0.47607421875,0,DeeperForensics
s_021193,0.278564453125,0,DeeperForensics
s_021229,0.69970703125,0,DeeperForensics
s_021232,0.65234375,0,DeeperForensics
s_021316,0.40625,0,DeeperForensics
s_021317,0.427734375,0,DeeperForensics
s_021353,0.266357421875,0,DeeperForensics
s_021361,0.31689453125,0,DeeperForensics
s_021371,0.427734375,0,DeeperForensics
s_021382,0.5302734375,0,DeeperForensics
s_021384,0.6494140625,0,DeeperForensics
s_021385,0.23388671875,0,DeeperForensics
s_021394,0.2305908203125,0,DeeperForensics
s_021400,0.1417236328125,0,DeeperForensics
s_021414,0.1217041015625,0,DeeperForensics
s_021415,0.200439453125,0,DeeperForensics
s_021416,0.093505859375,0,DeeperForensics
s_021421,0.11199951171875,0,DeeperForensics
s_021438,0.449951171875,0,DeeperForensics
s_021442,0.1474609375,0,DeeperForensics
s_021456,0.184326171875,0,DeeperForensics
s_021465,0.08197021484375,0,DeeperForensics
s_021476,0.187744140625,0,DeeperForensics
s_021493,0.2237548828125,0,DeeperForensics
s_021500,0.072509765625,0,DeeperForensics
s_021511,0.309326171875,0,DeeperForensics
s_021515,0.332763671875,0,DeeperForensics
s_021528,0.102294921875,0,DeeperForensics
s_021539,0.3984375,0,DeeperForensics
s_021569,0.378662109375,0,DeeperForensics
s_021577,0.0872802734375,0,DeeperForensics
s_021593,0.1685791015625,0,DeeperForensics
s_021597,0.5107421875,0,DeeperForensics
s_021602,0.1827392578125,0,DeeperForensics
s_021604,0.1566162109375,0,DeeperForensics
s_021613,0.09967041015625,0,DeeperForensics
s_021617,0.1375732421875,0,DeeperForensics
s_021635,0.0850830078125,0,DeeperForensics
s_021639,0.34033203125,0,DeeperForensics
s_021660,0.2049560546875,0,DeeperForensics
s_021673,0.2120361328125,0,DeeperForensics
s_021675,0.07080078125,0,DeeperForensics
s_021679,0.245849609375,0,DeeperForensics
s_021696,0.051666259765625,0,DeeperForensics
s_021712,0.1094970703125,0,DeeperForensics
s_021735,0.305908203125,0,DeeperForensics
s_021742,0.330322265625,0,DeeperForensics
s_021747,0.1475830078125,0,DeeperForensics
s_021750,0.26904296875,0,DeeperForensics
s_021751,0.362548828125,0,DeeperForensics
s_021752,0.2509765625,0,DeeperForensics
s_021777,0.285400390625,0,DeeperForensics
s_021781,0.31396484375,0,DeeperForensics
s_021789,0.204345703125,0,DeeperForensics
s_021793,0.1849365234375,0,DeeperForensics
s_021796,0.2215576171875,0,DeeperForensics
s_021809,0.311767578125,0,DeeperForensics
s_021817,0.13525390625,0,DeeperForensics
s_021824,0.166015625,0,DeeperForensics
s_021826,0.74072265625,0,DeeperForensics
s_021837,0.60400390625,0,DeeperForensics
s_021840,0.80615234375,0,DeeperForensics
s_021844,0.385009765625,0,DeeperForensics
s_021857,0.68359375,0,DeeperForensics
s_021873,0.84423828125,0,DeeperForensics
s_021880,0.697265625,0,DeeperForensics
s_021881,0.9462890625,0,DeeperForensics
s_021887,0.85302734375,0,DeeperForensics
s_021905,0.8330078125,0,DeeperForensics
s_021911,0.57666015625,0,DeeperForensics
s_021921,0.34814453125,0,DeeperForensics
s_021935,0.326171875,0,DeeperForensics
s_021947,0.4951171875,0,DeeperForensics
s_021963,0.44091796875,0,DeeperForensics
s_021966,0.490478515625,0,DeeperForensics
s_021971,0.3134765625,0,DeeperForensics
s_021995,0.5966796875,0,DeeperForensics
s_022005,0.476318359375,0,DeeperForensics
s_022006,0.39111328125,0,DeeperForensics
s_022019,0.409912109375,0,DeeperForensics
s_022020,0.314697265625,0,DeeperForensics
s_022024,0.7392578125,0,DeeperForensics
s_022032,0.0836181640625,0,DeeperForensics
s_022038,0.66943359375,0,DeeperForensics
s_022040,0.483154296875,0,DeeperForensics
s_022048,0.296142578125,0,DeeperForensics
s_022055,0.580078125,0,DeeperForensics
s_022060,0.4189453125,0,DeeperForensics
s_022065,0.69287109375,0,DeeperForensics
s_022067,0.307373046875,0,DeeperForensics
s_022075,0.7255859375,0,DeeperForensics
s_022080,0.74755859375,0,DeeperForensics
s_022087,0.62646484375,0,DeeperForensics
s_022109,0.31494140625,0,DeeperForensics
s_022110,0.51611328125,0,DeeperForensics
s_022142,0.8271484375,0,DeeperForensics
s_022152,0.52197265625,0,DeeperForensics
s_022167,0.70458984375,0,DeeperForensics
s_022185,0.88818359375,0,DeeperForensics
s_022195,0.7744140625,0,DeeperForensics
s_022198,0.79736328125,0,DeeperForensics
s_022209,0.74658203125,0,DeeperForensics
s_022232,0.76171875,0,DeeperForensics
s_022239,0.8994140625,0,DeeperForensics
s_022240,0.84033203125,0,DeeperForensics
s_022262,0.71484375,0,DeeperForensics
s_022272,0.775390625,0,DeeperForensics
s_022281,0.5849609375,0,DeeperForensics
s_022291,0.320556640625,0,DeeperForensics
s_022300,0.42724609375,0,DeeperForensics
s_022309,0.58740234375,0,DeeperForensics
s_022334,0.50634765625,0,DeeperForensics
s_022338,0.66748046875,0,DeeperForensics
s_022363,0.11102294921875,0,DeeperForensics
s_022399,0.419921875,0,DeeperForensics
s_022400,0.2149658203125,0,DeeperForensics
s_022416,0.39111328125,0,DeeperForensics
s_022484,0.703125,0,DeeperForensics
s_022499,0.12432861328125,0,DeeperForensics
s_022507,0.5517578125,0,DeeperForensics
s_022509,0.7958984375,0,DeeperForensics
s_022514,0.39306640625,0,DeeperForensics
s_022516,0.309814453125,0,DeeperForensics
s_022518,0.54736328125,0,DeeperForensics
s_022525,0.60498046875,0,DeeperForensics
s_022542,0.222412109375,0,DeeperForensics
s_022554,0.1263427734375,0,DeeperForensics
s_022571,0.100341796875,0,DeeperForensics
s_022577,0.463623046875,0,DeeperForensics
s_022602,0.364990234375,0,DeeperForensics
s_022604,0.346923828125,0,DeeperForensics
s_022615,0.132080078125,0,DeeperForensics
s_022618,0.389404296875,0,DeeperForensics
s_022629,0.10650634765625,0,DeeperForensics
s_022633,0.62890625,0,DeeperForensics
s_022649,0.284912109375,0,DeeperForensics
s_022654,0.55419921875,0,DeeperForensics
s_022657,0.336181640625,0,DeeperForensics
s_022669,0.09637451171875,0,DeeperForensics
s_022679,0.56103515625,0,DeeperForensics
s_022696,0.391357421875,0,DeeperForensics
s_022698,0.270751953125,0,DeeperForensics
s_022701,0.289794921875,0,DeeperForensics
s_022706,0.1990966796875,0,DeeperForensics
s_022713,0.54541015625,0,DeeperForensics
s_022718,0.375244140625,0,DeeperForensics
s_022765,0.4697265625,0,DeeperForensics
s_022782,0.3486328125,0,DeeperForensics
s_022786,0.428955078125,0,DeeperForensics
s_022794,0.826171875,0,DeeperForensics
s_022807,0.7763671875,0,DeeperForensics
s_022818,0.904296875,0,DeeperForensics
s_022832,0.90380859375,0,DeeperForensics
s_022852,0.62158203125,0,DeeperForensics
s_022857,0.4228515625,0,DeeperForensics
s_022872,0.0982666015625,0,DeeperForensics
s_022874,0.30615234375,0,DeeperForensics
s_022880,0.6162109375,0,DeeperForensics
s_022887,0.1903076171875,0,DeeperForensics
s_022900,0.09979248046875,0,DeeperForensics
s_022912,0.39697265625,0,DeeperForensics
s_022944,0.27001953125,0,DeeperForensics
s_022962,0.453369140625,0,DeeperForensics
s_022974,0.53369140625,0,DeeperForensics
s_022978,0.57763671875,0,DeeperForensics
s_022991,0.2060546875,0,DeeperForensics
s_022995,0.48876953125,0,DeeperForensics
s_023006,0.517578125,0,DeeperForensics
s_023013,0.2342529296875,0,DeeperForensics
s_023019,0.2384033203125,0,DeeperForensics
s_023023,0.6494140625,0,DeeperForensics
s_023037,0.68896484375,0,DeeperForensics
s_023047,0.38232421875,0,DeeperForensics
s_023059,0.501953125,0,DeeperForensics
s_023065,0.71337890625,0,DeeperForensics
s_023086,0.671875,0,DeeperForensics
s_023088,0.578125,0,DeeperForensics
s_023116,0.60498046875,0,DeeperForensics
s_023131,0.24658203125,0,DeeperForensics
s_023143,0.413330078125,0,DeeperForensics
s_023149,0.5205078125,0,DeeperForensics
s_023151,0.60009765625,0,DeeperForensics
s_023161,0.471435546875,0,DeeperForensics
s_023205,0.7607421875,0,DeeperForensics
s_023206,0.68701171875,0,DeeperForensics
s_023209,0.52685546875,0,DeeperForensics
s_023228,0.8232421875,0,DeeperForensics
s_023240,0.94921875,0,DeeperForensics
s_023242,0.95166015625,0,DeeperForensics
s_023297,0.54833984375,0,DeeperForensics
s_023299,0.6181640625,0,DeeperForensics
s_023300,0.80810546875,0,DeeperForensics
s_023325,0.333251953125,0,DeeperForensics
s_023333,0.4658203125,0,DeeperForensics
s_023339,0.5283203125,0,DeeperForensics
s_023364,0.4560546875,0,DeeperForensics
s_023367,0.1729736328125,0,DeeperForensics
s_023378,0.2391357421875,0,DeeperForensics
s_023392,0.2073974609375,0,DeeperForensics
s_023409,0.2078857421875,0,DeeperForensics
s_023443,0.5244140625,0,DeeperForensics
s_023448,0.34716796875,0,DeeperForensics
s_023481,0.258056640625,0,DeeperForensics
s_023486,0.6923828125,0,DeeperForensics
s_023504,0.556640625,0,DeeperForensics
s_023516,0.223388671875,0,DeeperForensics
s_023523,0.320068359375,0,DeeperForensics
s_023562,0.61328125,0,DeeperForensics
s_023580,0.306884765625,0,DeeperForensics
s_023586,0.2122802734375,0,DeeperForensics
s_023594,0.58056640625,0,DeeperForensics
s_023599,0.67138671875,0,DeeperForensics
s_023612,0.321533203125,0,DeeperForensics
s_023618,0.63330078125,0,DeeperForensics
s_023621,0.25732421875,0,DeeperForensics
s_023626,0.2880859375,0,DeeperForensics
s_023633,0.320068359375,0,DeeperForensics
s_023653,0.8017578125,0,DeeperForensics
s_023682,0.483642578125,0,DeeperForensics
s_023706,0.56787109375,0,DeeperForensics
s_023714,0.54833984375,0,DeeperForensics
s_023739,0.3603515625,0,DeeperForensics
s_023745,0.10394287109375,0,DeeperForensics
s_023748,0.32421875,0,DeeperForensics
s_023749,0.52294921875,0,DeeperForensics
s_023757,0.8974609375,0,DeeperForensics
s_023776,0.724609375,0,DeeperForensics
s_023782,0.4951171875,0,DeeperForensics
s_023790,0.73828125,0,DeeperForensics
s_023791,0.916015625,0,DeeperForensics
s_023793,0.8125,0,DeeperForensics
s_023803,0.481689453125,0,DeeperForensics
s_023804,0.6474609375,0,DeeperForensics
s_023829,0.53857421875,0,DeeperForensics
s_023850,0.56640625,0,DeeperForensics
s_023854,0.80078125,0,DeeperForensics
s_023865,0.7734375,0,DeeperForensics
s_023873,0.170654296875,0,DeeperForensics
s_023889,0.279296875,0,DeeperForensics
s_023903,0.2398681640625,0,DeeperForensics
s_023921,0.390625,0,DeeperForensics
s_023922,0.10052490234375,0,DeeperForensics
s_023935,0.4931640625,0,DeeperForensics
s_023938,0.2646484375,0,DeeperForensics
s_023947,0.462646484375,0,DeeperForensics
s_023960,0.62158203125,0,DeeperForensics
s_023965,0.358154296875,0,DeeperForensics
s_023969,0.51123046875,0,DeeperForensics
s_023994,0.56787109375,0,DeeperForensics
s_024010,0.72607421875,0,DeeperForensics
s_024021,0.6201171875,0,DeeperForensics
s_024025,0.431640625,0,DeeperForensics
s_024049,0.414306640625,0,DeeperForensics
s_024062,0.38623046875,0,DeeperForensics
s_024067,0.3515625,0,DeeperForensics
s_024076,0.375732421875,0,DeeperForensics
s_024099,0.5419921875,0,DeeperForensics
s_024104,0.4892578125,0,DeeperForensics
s_024124,0.525390625,0,DeeperForensics
s_024147,0.39990234375,0,DeeperForensics
s_024177,0.93505859375,0,DeeperForensics
s_024187,0.708984375,0,DeeperForensics
s_024197,0.62841796875,0,DeeperForensics
s_024224,0.308837890625,0,DeeperForensics
s_024227,0.55810546875,0,DeeperForensics
s_024244,0.2362060546875,0,DeeperForensics
s_024258,0.132080078125,0,DeeperForensics
s_024260,0.796875,0,DeeperForensics
s_024283,0.4052734375,0,DeeperForensics
s_024328,0.414794921875,0,DeeperForensics
s_024339,0.2486572265625,0,DeeperForensics
s_024345,0.286376953125,0,DeeperForensics
s_024361,0.363525390625,0,DeeperForensics
s_024367,0.249267578125,0,DeeperForensics
s_024369,0.34423828125,0,DeeperForensics
s_024370,0.053497314453125,0,DeeperForensics
s_024398,0.09173583984375,0,DeeperForensics
s_024400,0.2117919921875,0,DeeperForensics
s_024414,0.2218017578125,0,DeeperForensics
s_024418,0.2354736328125,0,DeeperForensics
s_024421,0.1400146484375,0,DeeperForensics
s_024443,0.4833984375,0,DeeperForensics
s_024453,0.32861328125,0,DeeperForensics
s_024463,0.11614990234375,0,DeeperForensics
s_024468,0.2017822265625,0,DeeperForensics
s_024475,0.3115234375,0,DeeperForensics
s_024489,0.1282958984375,0,DeeperForensics
s_024492,0.62646484375,0,DeeperForensics
s_024498,0.33349609375,0,DeeperForensics
s_024510,0.2130126953125,0,DeeperForensics
s_024516,0.471923828125,0,DeeperForensics
s_024531,0.236328125,0,DeeperForensics
s_024533,0.3544921875,0,DeeperForensics
s_024537,0.529296875,0,DeeperForensics
s_024539,0.321533203125,0,DeeperForensics
s_024584,0.38330078125,0,DeeperForensics
s_024586,0.67724609375,0,DeeperForensics
s_024609,0.291748046875,0,DeeperForensics
s_024634,0.595703125,0,DeeperForensics
s_024647,0.40185546875,0,DeeperForensics
s_024651,0.42138671875,0,DeeperForensics
s_024662,0.541015625,0,DeeperForensics
s_024673,0.333984375,0,DeeperForensics
s_024677,0.38427734375,0,DeeperForensics
s_024697,0.475830078125,0,DeeperForensics
s_024700,0.451904296875,0,DeeperForensics
s_024721,0.364990234375,0,DeeperForensics
s_024731,0.361328125,0,DeeperForensics
s_024733,0.355712890625,0,DeeperForensics
s_024749,0.307373046875,0,DeeperForensics
s_024756,0.297119140625,0,DeeperForensics
s_024760,0.2232666015625,0,DeeperForensics
s_024764,0.258056640625,0,DeeperForensics
s_024777,0.1845703125,0,DeeperForensics
s_024790,0.3857421875,0,DeeperForensics
s_024796,0.67529296875,0,DeeperForensics
s_024830,0.274658203125,0,DeeperForensics
s_024832,0.373046875,0,DeeperForensics
s_024833,0.5146484375,0,DeeperForensics
s_024848,0.20166015625,0,DeeperForensics
s_024860,0.17529296875,0,DeeperForensics
s_024873,0.431640625,0,DeeperForensics
s_024879,0.30126953125,0,DeeperForensics
s_024881,0.158203125,0,DeeperForensics
s_024899,0.479248046875,0,DeeperForensics
s_024906,0.465576171875,0,DeeperForensics
s_024935,0.24072265625,0,DeeperForensics
s_024949,0.263916015625,0,DeeperForensics
s_024957,0.40380859375,0,DeeperForensics
s_024966,0.396240234375,0,DeeperForensics
s_024984,0.39697265625,0,DeeperForensics
s_024994,0.474365234375,0,DeeperForensics
s_025000,0.1048583984375,0,DeeperForensics
s_025001,0.295166015625,0,DeeperForensics
s_025019,0.45556640625,0,DeeperForensics
s_025026,0.537109375,0,DeeperForensics
s_025053,0.19091796875,0,DeeperForensics
s_025058,0.1324462890625,0,DeeperForensics
s_025083,0.40869140625,0,DeeperForensics
s_025085,0.371337890625,0,DeeperForensics
s_025111,0.1517333984375,0,DeeperForensics
s_025119,0.1842041015625,0,DeeperForensics
s_025123,0.270263671875,0,DeeperForensics
s_025131,0.386474609375,0,DeeperForensics
s_025139,0.4208984375,0,DeeperForensics
s_025145,0.4716796875,0,DeeperForensics
s_025147,0.1954345703125,0,DeeperForensics
s_025153,0.5986328125,0,DeeperForensics
s_025158,0.287353515625,0,DeeperForensics
s_025166,0.220458984375,0,DeeperForensics
s_025173,0.53369140625,0,DeeperForensics
s_025175,0.2354736328125,0,DeeperForensics
s_025193,0.5126953125,0,DeeperForensics
s_025195,0.599609375,0,DeeperForensics
s_025200,0.56787109375,0,DeeperForensics
s_025208,0.65185546875,0,DeeperForensics
s_025211,0.5751953125,0,DeeperForensics
s_025243,0.308349609375,0,DeeperForensics
s_025251,0.434814453125,0,DeeperForensics
s_025258,0.39208984375,0,DeeperForensics
s_025274,0.2509765625,0,DeeperForensics
s_025279,0.435791015625,0,DeeperForensics
s_025280,0.226806640625,0,DeeperForensics
s_025312,0.58056640625,0,DeeperForensics
s_025333,0.609375,0,DeeperForensics
s_025347,0.60302734375,0,DeeperForensics
s_025350,0.412841796875,0,DeeperForensics
s_025351,0.63818359375,0,DeeperForensics
s_025371,0.1982421875,0,DeeperForensics
s_025376,0.181640625,0,DeeperForensics
s_025389,0.28515625,0,DeeperForensics
s_025415,0.1639404296875,0,DeeperForensics
s_025428,0.40185546875,0,DeeperForensics
s_025435,0.70361328125,0,DeeperForensics
s_025438,0.61572265625,0,DeeperForensics
s_025478,0.2239990234375,0,DeeperForensics
s_025489,0.47412109375,0,DeeperForensics
s_025490,0.34130859375,0,DeeperForensics
s_025511,0.171630859375,0,DeeperForensics
s_025527,0.3759765625,0,DeeperForensics
s_025530,0.748046875,0,DeeperForensics
s_025532,0.1376953125,0,DeeperForensics
s_025550,0.439208984375,0,DeeperForensics
s_025585,0.54833984375,0,DeeperForensics
s_025603,0.364501953125,0,DeeperForensics
s_025608,0.5693359375,0,DeeperForensics
s_025611,0.22509765625,0,DeeperForensics
s_025656,0.6767578125,0,DeeperForensics
s_025658,0.2138671875,0,DeeperForensics
s_025659,0.48193359375,0,DeeperForensics
s_025667,0.380859375,0,DeeperForensics
s_025677,0.482421875,0,DeeperForensics
s_025690,0.443603515625,0,DeeperForensics
s_025693,0.293212890625,0,DeeperForensics
s_025701,0.341796875,0,DeeperForensics
s_025728,0.375732421875,0,DeeperForensics
s_025756,0.182861328125,0,DeeperForensics
s_025783,0.454345703125,0,DeeperForensics
s_025784,0.21142578125,0,DeeperForensics
s_025802,0.66455078125,0,DeeperForensics
s_025803,0.7783203125,0,DeeperForensics
s_025824,0.34423828125,0,DeeperForensics
s_025839,0.38671875,0,DeeperForensics
s_025842,0.43115234375,0,DeeperForensics
s_025848,0.66455078125,0,DeeperForensics
s_025855,0.697265625,0,DeeperForensics
s_025859,0.75390625,0,DeeperForensics
s_025906,0.249755859375,0,DeeperForensics
s_025911,0.93408203125,0,DeeperForensics
s_025921,0.493896484375,0,DeeperForensics
s_025925,0.455810546875,0,DeeperForensics
s_025929,0.61279296875,0,DeeperForensics
s_025950,0.4462890625,0,DeeperForensics
s_025957,0.662109375,0,DeeperForensics
s_025982,0.0755615234375,0,DeeperForensics
s_025992,0.72314453125,0,DeeperForensics
s_025994,0.1700439453125,0,DeeperForensics
s_026034,0.5185546875,0,DeeperForensics
s_026062,0.7001953125,0,DeeperForensics
s_026071,0.1307373046875,0,DeeperForensics
s_026072,0.1773681640625,0,DeeperForensics
s_026077,0.7109375,0,DeeperForensics
s_026101,0.2352294921875,0,DeeperForensics
s_026103,0.43603515625,0,DeeperForensics
s_026141,0.1776123046875,0,DeeperForensics
s_026157,0.5693359375,0,DeeperForensics
s_026168,0.67529296875,0,DeeperForensics
s_026175,0.6396484375,0,DeeperForensics
s_026180,0.282470703125,0,DeeperForensics
s_026190,0.35791015625,0,DeeperForensics
s_026198,0.09857177734375,0,DeeperForensics
s_026213,0.1912841796875,0,DeeperForensics
s_026231,0.442138671875,0,DeeperForensics
s_026235,0.259521484375,0,DeeperForensics
s_026237,0.315185546875,0,DeeperForensics
s_026250,0.61474609375,0,DeeperForensics
s_026276,0.4296875,0,DeeperForensics
s_026282,0.505859375,0,DeeperForensics
s_026296,0.44873046875,0,DeeperForensics
s_026304,0.509765625,0,DeeperForensics
s_026312,0.8447265625,0,DeeperForensics
s_026317,0.9482421875,0,DeeperForensics
s_026319,0.8984375,0,DeeperForensics
s_026322,0.61181640625,0,DeeperForensics
s_026330,0.4150390625,0,DeeperForensics
s_026331,0.779296875,0,DeeperForensics
s_026346,0.646484375,0,DeeperForensics
s_026347,0.95703125,0,DeeperForensics
s_026353,0.74951171875,0,DeeperForensics
s_026357,0.2802734375,0,DeeperForensics
s_026373,0.497802734375,0,DeeperForensics
s_026374,0.4677734375,0,DeeperForensics
s_026409,0.52734375,0,DeeperForensics
s_026422,0.587890625,0,DeeperForensics
s_026427,0.41845703125,0,DeeperForensics
s_026435,0.455078125,0,DeeperForensics
s_026439,0.67724609375,0,DeeperForensics
s_026454,0.501953125,0,DeeperForensics
s_026464,0.775390625,0,DeeperForensics
s_026472,0.04345703125,0,DeeperForensics
s_026475,0.1781005859375,0,DeeperForensics
s_026479,0.072265625,0,DeeperForensics
s_026482,0.10760498046875,0,DeeperForensics
s_026496,0.291748046875,0,DeeperForensics
s_026504,0.324462890625,0,DeeperForensics
s_026506,0.2509765625,0,DeeperForensics
s_026520,0.36669921875,0,DeeperForensics
s_026526,0.07904052734375,0,DeeperForensics
s_026528,0.09136962890625,0,DeeperForensics
s_026535,0.06683349609375,0,DeeperForensics
s_026541,0.1593017578125,0,DeeperForensics
s_026544,0.1915283203125,0,DeeperForensics
s_026547,0.13720703125,0,DeeperForensics
s_026607,0.3291015625,0,DeeperForensics
s_026608,0.2286376953125,0,DeeperForensics
s_026614,0.283447265625,0,DeeperForensics
s_026615,0.2220458984375,0,DeeperForensics
s_026632,0.51025390625,0,DeeperForensics
s_026636,0.69873046875,0,DeeperForensics
s_026643,0.38330078125,0,DeeperForensics
s_026647,0.136962890625,0,DeeperForensics
s_026650,0.55126953125,0,DeeperForensics
s_026680,0.126953125,0,DeeperForensics
s_026689,0.380615234375,0,DeeperForensics
s_026695,0.30078125,0,DeeperForensics
s_026696,0.0953369140625,0,DeeperForensics
s_026705,0.1796875,0,DeeperForensics
s_026728,0.51171875,0,DeeperForensics
s_026747,0.3037109375,0,DeeperForensics
s_026758,0.4345703125,0,DeeperForensics
s_026766,0.06683349609375,0,DeeperForensics
s_026769,0.71630859375,0,DeeperForensics
s_026772,0.309814453125,0,DeeperForensics
s_026778,0.273681640625,0,DeeperForensics
s_026780,0.140869140625,0,DeeperForensics
s_026784,0.56640625,0,DeeperForensics
s_026804,0.386474609375,0,DeeperForensics
s_026811,0.5546875,0,DeeperForensics
s_026815,0.266357421875,0,DeeperForensics
s_026817,0.38720703125,0,DeeperForensics
s_026831,0.5458984375,0,DeeperForensics
s_026838,0.44287109375,0,DeeperForensics
s_026861,0.1279296875,0,DeeperForensics
s_026881,0.2294921875,0,DeeperForensics
s_026909,0.43017578125,0,DeeperForensics
s_026920,0.796875,0,DeeperForensics
s_026944,0.7783203125,0,DeeperForensics
s_026947,0.701171875,0,DeeperForensics
s_026948,0.623046875,0,DeeperForensics
s_026950,0.45849609375,0,DeeperForensics
s_026955,0.51904296875,0,DeeperForensics
s_026958,0.5908203125,0,DeeperForensics
s_026965,0.81884765625,0,DeeperForensics
s_026968,0.7880859375,0,DeeperForensics
s_026983,0.161376953125,0,DeeperForensics
s_026987,0.63720703125,0,DeeperForensics
s_026993,0.7373046875,0,DeeperForensics
s_026997,0.203125,0,DeeperForensics
s_027020,0.6142578125,0,DeeperForensics
s_027022,0.74755859375,0,DeeperForensics
s_027025,0.316162109375,0,DeeperForensics
s_027027,0.6162109375,0,DeeperForensics
s_027031,0.76171875,0,DeeperForensics
s_027049,0.65673828125,0,DeeperForensics
s_027062,0.388671875,0,DeeperForensics
s_027067,0.5341796875,0,DeeperForensics
s_027078,0.490234375,0,DeeperForensics
s_027097,0.3349609375,0,DeeperForensics
s_027116,0.732421875,0,DeeperForensics
s_027132,0.49169921875,0,DeeperForensics
s_027146,0.716796875,0,DeeperForensics
s_027155,0.7255859375,0,DeeperForensics
s_027157,0.5615234375,0,DeeperForensics
s_027190,0.625,0,DeeperForensics
s_027191,0.092041015625,0,DeeperForensics
s_027239,0.51220703125,0,DeeperForensics
s_027241,0.42138671875,0,DeeperForensics
s_027251,0.533203125,0,DeeperForensics
s_027273,0.64794921875,0,DeeperForensics
s_027279,0.57958984375,0,DeeperForensics
s_027296,0.263427734375,0,DeeperForensics
s_027321,0.5771484375,0,DeeperForensics
s_027322,0.513671875,0,DeeperForensics
s_027326,0.33349609375,0,DeeperForensics
s_027337,0.76171875,0,DeeperForensics
s_027338,0.607421875,0,DeeperForensics
s_027340,0.66748046875,0,DeeperForensics
s_027344,0.58447265625,0,DeeperForensics
s_027385,0.33349609375,0,DeeperForensics
s_027405,0.30322265625,0,DeeperForensics
s_027407,0.396728515625,0,DeeperForensics
s_027422,0.2425537109375,0,DeeperForensics
s_027428,0.6484375,0,DeeperForensics
s_027429,0.66650390625,0,DeeperForensics
s_027431,0.64697265625,0,DeeperForensics
s_027448,0.818359375,0,DeeperForensics
s_027460,0.701171875,0,DeeperForensics
s_027461,0.77783203125,0,DeeperForensics
s_027475,0.443603515625,0,DeeperForensics
s_027489,0.5078125,0,DeeperForensics
s_027505,0.57421875,0,DeeperForensics
s_027506,0.337890625,0,DeeperForensics
s_027511,0.454833984375,0,DeeperForensics
s_027516,0.3154296875,0,DeeperForensics
s_027528,0.62841796875,0,DeeperForensics
s_027539,0.28857421875,0,DeeperForensics
s_027551,0.467041015625,0,DeeperForensics
s_027560,0.3388671875,0,DeeperForensics
s_027561,0.470947265625,0,DeeperForensics
s_027567,0.307373046875,0,DeeperForensics
s_027569,0.278564453125,0,DeeperForensics
s_027571,0.55517578125,0,DeeperForensics
s_027596,0.439453125,0,DeeperForensics
s_027600,0.45751953125,0,DeeperForensics
s_027603,0.4287109375,0,DeeperForensics
s_027609,0.229248046875,0,DeeperForensics
s_043201,0.98291015625,0,DFD
s_043307,0.99658203125,0,DFD
s_043535,0.99853515625,1,DFDC
s_043631,0.1363525390625,1,DFDC
s_043751,0.11419677734375,1,DFDC
s_043818,0.9970703125,1,DFDC
s_043977,0.9951171875,1,DFDC
s_044025,0.9970703125,1,DFDC
s_044046,0.99755859375,1,DFDC
s_044399,0.1531982421875,1,DFDC
s_044514,0.99658203125,1,DFDC
s_044515,0.97509765625,1,DFDC
s_044539,0.99462890625,1,DFDC
s_044811,0.11083984375,1,DFDC
s_044997,0.9873046875,1,DFDC
s_045220,0.986328125,1,DFDC
s_045723,0.99951171875,1,DFDC
s_046021,0.99365234375,1,DFDC
s_046219,0.98828125,1,DFDC
s_046291,0.99658203125,1,DFDC
s_046531,0.97705078125,1,DFDC
s_046758,0.9970703125,1,DFDC
s_046899,0.99755859375,1,DFDC
s_047182,0.99267578125,1,DFDC
s_047458,0.935546875,1,DFDC
s_047560,0.99365234375,1,DFDC
s_047656,0.99951171875,1,DFDC
s_047714,0.9951171875,1,DFDC
s_047865,0.98486328125,1,DFDC
s_048002,0.99951171875,1,DFDC
s_048547,0.9970703125,1,DFDC
s_048577,0.9833984375,1,DFDC
s_048588,0.97216796875,1,DFDC
s_048605,0.9931640625,1,DFDC
s_048662,0.98974609375,1,DFDC
s_049471,0.978515625,1,DFDC
s_049480,0.96044921875,1,DFDC
s_049577,0.9755859375,1,DFDC
s_049727,0.97998046875,1,DFDC
s_049917,0.99609375,1,DFDC
s_049942,0.99462890625,1,DFDC
s_050145,0.998046875,1,DFDC
s_050168,0.99609375,1,DFDC
s_050455,0.953125,1,DFDC
s_050625,0.97265625,1,DFDC
s_050966,0.98828125,1,DFDC
s_051097,0.99853515625,1,DFDC
s_051884,0.9560546875,1,DFDC
s_051893,0.99365234375,1,DFDC
s_052129,0.9873046875,1,DFDC
s_052639,0.97802734375,1,DFDC
s_053129,0.9423828125,1,DFDC
s_053175,0.99560546875,1,DFDC
s_053420,0.9951171875,1,DFDC
s_053534,0.97509765625,1,DFDC
s_054030,0.9931640625,1,DFDC
s_054557,0.99853515625,1,DFDC
s_054773,0.98193359375,1,DFDC
s_054996,0.9892578125,1,DFDC
s_055138,0.9287109375,1,DFDC
s_055506,0.98681640625,1,DFDC
s_055532,0.99853515625,1,DFDC
s_055659,0.99267578125,1,DFDC
s_055682,0.9951171875,1,DFDC
s_055731,0.99853515625,1,DFDC
s_055858,0.99072265625,1,DFDC
s_055891,0.990234375,1,DFDC
s_056151,0.955078125,1,DFDC
s_056176,0.97705078125,1,DFDC
s_056306,0.998046875,1,DFDC
s_056444,0.984375,1,DFDC
s_056728,0.99853515625,1,DFDC
s_056843,0.99169921875,1,DFDC
s_057534,0.99365234375,1,DFDC
s_057689,0.99658203125,1,DFDC
s_057836,0.98291015625,1,DFDC
s_058053,0.97265625,1,DFDC
s_058128,0.9970703125,1,DFDC
s_058216,0.9990234375,1,DFDC
s_058261,0.99658203125,1,DFDC
s_058486,0.99951171875,1,DFDC
s_059028,0.99072265625,1,DFDC
s_059499,0.190673828125,1,DFDC
s_059902,0.99658203125,1,DFDC
s_060469,0.99853515625,1,DFDC
s_061085,0.99755859375,0,DFDC
s_061133,0.8955078125,0,DFDC
s_061744,0.9189453125,0,DFDC
s_061785,0.99853515625,0,DFDC
s_062146,0.93798828125,0,DFDC
s_062150,0.9609375,0,DFDC
s_062224,0.9873046875,0,DFDC
s_062261,0.76123046875,0,DFDC
s_062503,0.9716796875,0,DFDC
s_062793,0.99267578125,0,DFDC
s_062796,0.8359375,0,DFDC
s_064034,0.006412506103515625,1,FaceForensics++
s_064342,0.998046875,1,FaceForensics++
s_064364,0.99951171875,1,FaceForensics++
s_064378,1.0,1,FaceForensics++
s_064394,0.9990234375,1,FaceForensics++
s_064408,0.99951171875,1,FaceForensics++
s_064435,0.99951171875,1,FaceForensics++
s_064474,0.99951171875,1,FaceForensics++
s_064490,0.94384765625,1,FaceForensics++
s_064569,0.994140625,1,FaceForensics++
s_064596,0.99951171875,1,FaceForensics++
s_064638,0.9951171875,1,FaceForensics++
s_064688,0.99951171875,1,FaceForensics++
s_064711,0.99853515625,1,FaceForensics++
s_064738,0.99267578125,1,FaceForensics++
s_064759,0.9990234375,1,FaceForensics++
s_064779,1.0,1,FaceForensics++
s_064784,0.99853515625,1,FaceForensics++
s_064787,0.99951171875,1,FaceForensics++
s_064798,0.9990234375,1,FaceForensics++
s_064812,1.0,1,FaceForensics++
s_064852,0.998046875,1,FaceForensics++
s_064855,0.9892578125,1,FaceForensics++
s_064876,1.0,1,FaceForensics++
s_064936,0.99951171875,1,FaceForensics++
s_064942,0.998046875,1,FaceForensics++
s_064961,0.99658203125,1,FaceForensics++
s_064986,0.99267578125,1,FaceForensics++
s_064995,0.99853515625,1,FaceForensics++
s_065007,0.99951171875,1,FaceForensics++
s_065059,1.0,1,FaceForensics++
s_065069,0.99951171875,1,FaceForensics++
s_065076,0.99951171875,1,FaceForensics++
s_065093,0.81884765625,1,FaceForensics++
s_065164,0.99951171875,1,FaceForensics++
s_065171,0.99951171875,1,FaceForensics++
s_065173,0.99755859375,1,FaceForensics++
s_065183,0.998046875,1,FaceForensics++
s_065190,0.998046875,1,FaceForensics++
s_065197,0.99951171875,1,FaceForensics++
s_065237,0.99853515625,1,FaceForensics++
s_065270,0.99853515625,1,FaceForensics++
s_065281,0.998046875,1,FaceForensics++
s_065288,0.99951171875,1,FaceForensics++
s_065289,0.21435546875,1,FaceForensics++
s_065322,0.998046875,1,FaceForensics++
s_065341,0.99560546875,1,FaceForensics++
s_065347,0.99462890625,1,FaceForensics++
s_065364,0.99658203125,1,FaceForensics++
s_065374,0.9970703125,1,FaceForensics++
s_065383,0.99853515625,1,FaceForensics++
s_065403,0.99609375,1,FaceForensics++
s_065415,0.99853515625,1,FaceForensics++
s_065434,0.9990234375,1,FaceForensics++
s_065436,0.9970703125,1,FaceForensics++
s_065464,0.99951171875,1,FaceForensics++
s_065488,0.99951171875,1,FaceForensics++
s_065499,0.99658203125,1,FaceForensics++
s_065523,0.99951171875,1,FaceForensics++
s_065628,1.0,1,FaceForensics++
s_065653,0.99951171875,1,FaceForensics++
s_065661,0.99951171875,1,FaceForensics++
s_065671,0.99951171875,1,FaceForensics++
s_065691,0.99755859375,1,FaceForensics++
s_065710,0.99609375,1,FaceForensics++
s_065765,0.99951171875,1,FaceForensics++
s_065781,0.9990234375,1,FaceForensics++
s_065785,0.310791015625,1,FaceForensics++
s_065796,0.99755859375,1,FaceForensics++
s_065798,0.99951171875,1,FaceForensics++
s_065825,1.0,1,FaceForensics++
s_065840,1.0,1,FaceForensics++
s_065842,0.0235595703125,1,FaceForensics++
s_065845,0.9990234375,1,FaceForensics++
s_065892,1.0,1,FaceForensics++
s_065906,0.99951171875,1,FaceForensics++
s_065924,0.99951171875,1,FaceForensics++
s_065938,0.9990234375,1,FaceForensics++
s_065940,0.9990234375,1,FaceForensics++
s_065956,0.998046875,1,FaceForensics++
s_065961,0.99951171875,1,FaceForensics++
s_065966,0.99951171875,1,FaceForensics++
s_065983,0.99951171875,1,FaceForensics++
s_065991,0.9970703125,1,FaceForensics++
s_065992,0.99951171875,1,FaceForensics++
s_066025,0.99951171875,1,FaceForensics++
s_066091,0.9990234375,1,FaceForensics++
s_066146,0.9990234375,1,FaceForensics++
s_066170,0.99609375,1,FaceForensics++
s_066200,0.99853515625,1,FaceForensics++
s_066205,0.99755859375,1,FaceForensics++
s_066206,0.986328125,1,FaceForensics++
s_066230,0.984375,1,FaceForensics++
s_066263,0.99951171875,1,FaceForensics++
s_066307,0.9990234375,1,FaceForensics++
s_066366,0.99755859375,1,FaceForensics++
s_066385,0.99853515625,1,FaceForensics++
s_066430,0.98876953125,1,FaceForensics++
s_066434,0.99853515625,1,FaceForensics++
s_066444,0.9931640625,1,FaceForensics++
s_066477,0.99755859375,1,FaceForensics++
s_066479,0.99951171875,1,FaceForensics++
s_066487,0.9990234375,1,FaceForensics++
s_066492,0.9970703125,1,FaceForensics++
s_066504,0.9990234375,1,FaceForensics++
s_066527,0.0023593902587890625,1,FaceForensics++
s_066546,0.99609375,1,FaceForensics++
s_066570,0.0021820068359375,1,FaceForensics++
s_066601,0.99365234375,1,FaceForensics++
s_066602,0.99853515625,1,FaceForensics++
s_066603,0.99755859375,1,FaceForensics++
s_066671,0.77734375,1,FaceForensics++
s_066736,0.99755859375,1,FaceForensics++
s_066737,0.0699462890625,1,FaceForensics++
s_066753,0.98291015625,1,FaceForensics++
s_066774,0.978515625,1,FaceForensics++
s_066779,0.99951171875,1,FaceForensics++
s_066785,0.20849609375,1,FaceForensics++
s_066806,0.9951171875,1,FaceForensics++
s_066876,0.994140625,1,FaceForensics++
s_066931,0.982421875,1,FaceForensics++
s_066938,0.99755859375,1,FaceForensics++
s_066991,0.9912109375,1,FaceForensics++
s_067025,0.99853515625,1,FaceForensics++
s_067038,0.904296875,1,FaceForensics++
s_067053,0.99365234375,1,FaceForensics++
s_067064,0.9970703125,1,FaceForensics++
s_067174,0.99951171875,1,FaceForensics++
s_067179,0.99755859375,1,FaceForensics++
s_067204,0.99853515625,1,FaceForensics++
s_067225,0.99853515625,1,FaceForensics++
s_067241,0.99853515625,1,FaceForensics++
s_067284,0.99267578125,1,FaceForensics++
s_067326,0.96044921875,1,FaceForensics++
s_067329,0.99609375,1,FaceForensics++
s_067344,0.9990234375,1,FaceForensics++
s_067347,0.99462890625,1,FaceForensics++
s_067350,0.99853515625,1,FaceForensics++
s_067354,0.9921875,1,FaceForensics++
s_067365,0.998046875,1,FaceForensics++
s_067366,0.998046875,1,FaceForensics++
s_067390,0.99658203125,1,FaceForensics++
s_067394,0.99658203125,1,FaceForensics++
s_067408,0.9951171875,1,FaceForensics++
s_067409,0.998046875,1,FaceForensics++
s_067420,0.99365234375,1,FaceForensics++
s_067424,0.98974609375,1,FaceForensics++
s_067433,0.98876953125,1,FaceForensics++
s_067436,0.998046875,1,FaceForensics++
s_067455,0.9990234375,1,FaceForensics++
s_067465,0.97802734375,1,FaceForensics++
s_067475,0.9970703125,1,FaceForensics++
s_067478,0.99853515625,1,FaceForensics++
s_067500,0.998046875,1,FaceForensics++
s_067533,0.9951171875,1,FaceForensics++
s_067536,0.9970703125,1,FaceForensics++
s_067575,0.9990234375,1,FaceForensics++
s_067593,0.9951171875,1,FaceForensics++
s_067628,0.99951171875,1,FaceForensics++
s_067633,0.99462890625,1,FaceForensics++
s_067648,0.99755859375,1,FaceForensics++
s_067661,0.9990234375,1,FaceForensics++
s_067680,0.9921875,1,FaceForensics++
s_067688,0.99853515625,1,FaceForensics++
s_067690,0.99365234375,1,FaceForensics++
s_067696,0.99560546875,1,FaceForensics++
s_067700,0.9990234375,1,FaceForensics++
s_067723,0.998046875,1,FaceForensics++
s_067730,0.998046875,1,FaceForensics++
s_067731,0.998046875,1,FaceForensics++
s_067751,0.9990234375,1,FaceForensics++
s_067762,0.99755859375,1,FaceForensics++
s_067780,0.99853515625,1,FaceForensics++
s_067781,0.9892578125,1,FaceForensics++
s_067792,0.99560546875,1,FaceForensics++
s_067802,0.99853515625,1,FaceForensics++
s_067841,1.0,1,FaceForensics++
s_067842,0.99951171875,1,FaceForensics++
s_067845,0.99951171875,1,FaceForensics++
s_067876,0.9990234375,1,FaceForensics++
s_067892,0.9951171875,1,FaceForensics++
s_067929,0.99853515625,1,FaceForensics++
s_067936,0.998046875,1,FaceForensics++
s_067996,0.984375,1,FaceForensics++
s_068003,0.9990234375,1,FaceForensics++
s_068029,0.99169921875,1,FaceForensics++
s_068052,0.9951171875,1,FaceForensics++
s_068061,0.994140625,1,FaceForensics++
s_068084,0.99658203125,1,FaceForensics++
s_068093,0.91357421875,1,FaceForensics++
s_068106,0.99951171875,1,FaceForensics++
s_068117,0.99755859375,1,FaceForensics++
s_068127,0.99609375,1,FaceForensics++
s_068165,0.99755859375,1,FaceForensics++
s_068182,0.986328125,1,FaceForensics++
s_068221,0.998046875,1,FaceForensics++
s_068228,0.99853515625,1,FaceForensics++
s_068284,0.93994140625,1,FaceForensics++
s_068299,0.99609375,1,FaceForensics++
s_068309,0.9892578125,1,FaceForensics++
s_068310,0.99169921875,1,FaceForensics++
s_068322,0.994140625,1,FaceForensics++
s_068343,0.99462890625,1,FaceForensics++
s_068349,0.93310546875,1,FaceForensics++
s_068360,0.99951171875,1,FaceForensics++
s_068385,0.99951171875,1,FaceForensics++
s_068394,0.98388671875,1,FaceForensics++
s_068395,0.031494140625,1,FaceForensics++
s_068414,0.9931640625,1,FaceForensics++
s_068418,0.9404296875,1,FaceForensics++
s_068420,0.994140625,1,FaceForensics++
s_068434,0.99853515625,1,FaceForensics++
s_068435,0.99365234375,1,FaceForensics++
s_068436,0.9873046875,1,FaceForensics++
s_068445,0.9853515625,1,FaceForensics++
s_068464,0.99853515625,1,FaceForensics++
s_068493,0.9990234375,1,FaceForensics++
s_068506,0.9921875,1,FaceForensics++
s_068512,0.9755859375,1,FaceForensics++
s_068522,0.9580078125,1,FaceForensics++
s_068523,0.99755859375,1,FaceForensics++
s_068550,0.86279296875,1,FaceForensics++
s_068572,0.9267578125,1,FaceForensics++
s_068574,0.99169921875,1,FaceForensics++
s_068580,0.9951171875,1,FaceForensics++
s_068593,0.99755859375,1,FaceForensics++
s_068609,0.99853515625,1,FaceForensics++
s_068661,0.9990234375,1,FaceForensics++
s_068662,0.97412109375,1,FaceForensics++
s_068727,0.99658203125,1,FaceForensics++
s_068732,0.99560546875,1,FaceForensics++
s_068759,0.9873046875,1,FaceForensics++
s_068790,0.99658203125,1,FaceForensics++
s_068799,0.99169921875,1,FaceForensics++
s_068814,0.994140625,1,FaceForensics++
s_068828,0.98974609375,1,FaceForensics++
s_068830,0.9990234375,1,FaceForensics++
s_068836,0.99072265625,1,FaceForensics++
s_068863,0.9970703125,1,FaceForensics++
s_068889,0.998046875,1,FaceForensics++
s_068901,0.9990234375,1,FaceForensics++
s_068906,0.9970703125,1,FaceForensics++
s_068908,0.99755859375,1,FaceForensics++
s_068921,0.98828125,1,FaceForensics++
s_068975,0.994140625,1,FaceForensics++
s_068991,0.98291015625,1,FaceForensics++
s_069016,0.99951171875,1,FaceForensics++
s_069032,0.97900390625,1,FaceForensics++
s_069039,0.99951171875,1,FaceForensics++
s_069091,0.998046875,1,FaceForensics++
s_069144,0.99755859375,1,FaceForensics++
s_069145,0.9970703125,1,FaceForensics++
s_069171,0.9951171875,1,FaceForensics++
s_069188,0.9873046875,1,FaceForensics++
s_069218,0.9951171875,1,FaceForensics++
s_069222,1.0,1,FaceForensics++
s_069244,0.99951171875,1,FaceForensics++
s_069281,0.9951171875,1,FaceForensics++
s_069351,0.9873046875,0,FaceForensics++
s_069352,0.99267578125,0,FaceForensics++
s_069367,0.986328125,0,FaceForensics++
s_069372,0.955078125,0,FaceForensics++
s_069386,0.9892578125,0,FaceForensics++
s_069411,0.99755859375,0,FaceForensics++
s_069413,0.9853515625,0,FaceForensics++
s_069415,0.970703125,0,FaceForensics++
s_069435,0.984375,0,FaceForensics++
s_069443,0.99951171875,0,FaceForensics++
s_069450,0.9755859375,0,FaceForensics++
s_069470,0.96875,0,FaceForensics++
s_069479,0.99560546875,0,FaceForensics++
s_069486,0.91845703125,0,FaceForensics++
s_069526,0.94482421875,0,FaceForensics++
s_069532,0.444580078125,0,FaceForensics++
s_069541,0.68603515625,0,FaceForensics++
s_069567,0.98291015625,0,FaceForensics++
s_069574,0.9970703125,0,FaceForensics++
s_069580,0.99267578125,0,FaceForensics++
s_069590,0.98095703125,0,FaceForensics++
s_069593,0.962890625,0,FaceForensics++
s_069595,0.98046875,0,FaceForensics++
s_069615,0.984375,0,FaceForensics++
s_069636,0.94091796875,0,FaceForensics++
s_069638,0.9931640625,0,FaceForensics++
s_069654,0.99462890625,0,FaceForensics++
s_069667,0.99560546875,0,FaceForensics++
s_069738,0.98291015625,0,FaceForensics++
s_069770,0.97998046875,0,FaceForensics++
s_069779,0.9970703125,0,FaceForensics++
s_069792,0.97705078125,0,FaceForensics++
s_069797,0.98193359375,0,FaceForensics++
s_069802,0.99853515625,0,FaceForensics++
s_069810,0.99951171875,0,FaceForensics++
s_069812,0.99755859375,0,FaceForensics++
s_069844,0.998046875,0,FaceForensics++
s_069889,0.9970703125,0,FaceForensics++
s_069956,0.9970703125,0,FaceForensics++
s_069959,0.99560546875,0,FaceForensics++
s_070003,0.99267578125,0,FaceForensics++
s_070034,0.99951171875,0,FaceForensics++
s_070038,0.9384765625,0,FaceForensics++
s_070040,0.9462890625,0,FaceForensics++
s_070064,0.99609375,0,FaceForensics++
s_070070,0.91064453125,0,FaceForensics++
s_070124,0.966796875,0,FaceForensics++
s_070127,0.994140625,0,FaceForensics++
s_070133,0.98974609375,0,FaceForensics++
s_070157,0.7490234375,0,FaceForensics++
s_070169,0.99951171875,0,FaceForensics++
s_070187,0.99658203125,0,FaceForensics++
s_070192,0.98193359375,0,FaceForensics++
s_070218,0.98046875,0,FaceForensics++
s_070222,0.99951171875,0,FaceForensics++
s_070236,0.982421875,0,FaceForensics++
s_070295,0.85302734375,0,FaceForensics++
s_070321,0.96240234375,0,FaceForensics++
s_070335,0.97412109375,1,HiDF
s_070336,0.94921875,1,HiDF
s_070340,0.96923828125,1,HiDF
s_070349,0.9970703125,1,HiDF
s_070356,0.9970703125,1,HiDF
s_070358,0.84521484375,1,HiDF
s_070360,0.99951171875,1,HiDF
s_070376,0.99853515625,1,HiDF
s_070379,0.97412109375,1,HiDF
s_070406,0.986328125,1,HiDF
s_070429,0.9296875,1,HiDF
s_070448,0.98193359375,1,HiDF
s_070481,0.990234375,1,HiDF
s_070484,0.9951171875,1,HiDF
s_070488,0.96142578125,1,HiDF
s_070521,0.95703125,1,HiDF
s_070541,0.998046875,1,HiDF
s_070546,0.9951171875,1,HiDF
s_070562,0.97021484375,1,HiDF
s_070581,0.99755859375,1,HiDF
s_070589,0.99755859375,1,HiDF
s_070592,0.99951171875,1,HiDF
s_070593,0.99755859375,1,HiDF
s_070596,0.99853515625,1,HiDF
s_070602,0.98779296875,1,HiDF
s_070632,0.99169921875,1,HiDF
s_070654,0.927734375,1,HiDF
s_070657,0.982421875,1,HiDF
s_070681,0.994140625,1,HiDF
s_070698,0.94482421875,1,HiDF
s_070704,0.990234375,1,HiDF
s_070730,0.99853515625,1,HiDF
s_070733,0.99462890625,1,HiDF
s_070737,0.54345703125,1,HiDF
s_070743,0.9921875,1,HiDF
s_070744,0.978515625,1,HiDF
s_070747,0.9951171875,1,HiDF
s_070759,0.984375,1,HiDF
s_070761,0.99169921875,1,HiDF
s_070775,0.9892578125,1,HiDF
s_070787,0.99853515625,1,HiDF
s_070788,0.9990234375,1,HiDF
s_070802,0.98095703125,1,HiDF
s_070804,0.98828125,1,HiDF
s_070811,0.99169921875,1,HiDF
s_070812,0.974609375,1,HiDF
s_070825,0.9990234375,1,HiDF
s_070833,0.9970703125,1,HiDF
s_070848,0.986328125,1,HiDF
s_070868,0.994140625,1,HiDF
s_070878,0.98876953125,1,HiDF
s_070883,0.99560546875,1,HiDF
s_070887,0.9892578125,1,HiDF
s_070903,0.99755859375,1,HiDF
s_070917,0.984375,1,HiDF
s_070929,0.99462890625,1,HiDF
s_070944,0.9990234375,1,HiDF
s_070945,0.97998046875,1,HiDF
s_070948,0.99169921875,1,HiDF
s_070978,0.99072265625,1,HiDF
s_070999,0.99755859375,1,HiDF
s_071021,0.93017578125,1,HiDF
s_071026,0.89013671875,1,HiDF
s_071030,0.962890625,1,HiDF
s_071032,0.88818359375,1,HiDF
s_071052,0.9306640625,1,HiDF
s_071053,0.9833984375,1,HiDF
s_071073,0.99853515625,1,HiDF
s_071075,0.99169921875,1,HiDF
s_071082,0.982421875,1,HiDF
s_071096,0.99560546875,1,HiDF
s_071100,0.98779296875,1,HiDF
s_071117,0.998046875,1,HiDF
s_071126,0.9794921875,1,HiDF
s_071137,0.9912109375,1,HiDF
s_071145,0.99609375,1,HiDF
s_071146,0.98583984375,1,HiDF
s_071148,0.99755859375,1,HiDF
s_071150,0.9990234375,1,HiDF
s_071152,0.900390625,1,HiDF
s_071169,0.93408203125,1,HiDF
s_071192,0.80029296875,1,HiDF
s_071200,0.99169921875,1,HiDF
s_071216,0.9765625,1,HiDF
s_071226,0.89990234375,1,HiDF
s_071233,0.998046875,1,HiDF
s_071251,0.990234375,1,HiDF
s_071266,0.9677734375,1,HiDF
s_071269,0.99853515625,1,HiDF
s_071295,0.98291015625,1,HiDF
s_071315,0.990234375,1,HiDF
s_071330,0.9248046875,1,HiDF
s_071384,0.98046875,1,HiDF
s_071390,0.9921875,1,HiDF
s_071393,0.99853515625,1,HiDF
s_071396,0.93310546875,1,HiDF
s_071402,0.85498046875,1,HiDF
s_071406,0.99853515625,1,HiDF
s_071425,0.9833984375,1,HiDF
s_071431,0.9775390625,1,HiDF
s_071445,0.9853515625,1,HiDF
s_071464,0.99169921875,1,HiDF
s_071473,0.9931640625,1,HiDF
s_071504,0.9853515625,1,HiDF
s_071509,0.99853515625,1,HiDF
s_071524,0.99658203125,1,HiDF
s_071525,0.99560546875,1,HiDF
s_071531,0.978515625,1,HiDF
s_071536,0.99267578125,1,HiDF
s_071540,0.99853515625,1,HiDF
s_071541,0.99169921875,1,HiDF
s_071561,0.99755859375,1,HiDF
s_071563,0.998046875,1,HiDF
s_071569,0.9970703125,1,HiDF
s_071574,0.99853515625,1,HiDF
s_071575,0.9921875,1,HiDF
s_071584,0.9970703125,1,HiDF
s_071595,0.99169921875,1,HiDF
s_071605,0.99853515625,1,HiDF
s_071611,0.99755859375,1,HiDF
s_071631,0.96142578125,1,HiDF
s_071638,0.9921875,1,HiDF
s_071662,0.9951171875,1,HiDF
s_071667,0.99267578125,1,HiDF
s_071671,0.986328125,1,HiDF
s_071696,0.984375,1,HiDF
s_071699,0.99755859375,1,HiDF
s_071709,0.99658203125,1,HiDF
s_071730,0.99609375,1,HiDF
s_071738,0.9892578125,1,HiDF
s_071743,0.9921875,1,HiDF
s_071762,0.99560546875,1,HiDF
s_071808,0.9697265625,1,HiDF
s_071815,0.99169921875,1,HiDF
s_071820,0.99658203125,1,HiDF
s_071829,0.98681640625,1,HiDF
s_071863,0.998046875,1,HiDF
s_071875,0.9951171875,1,HiDF
s_071880,0.9794921875,1,HiDF
s_071907,0.99609375,1,HiDF
s_071911,0.99169921875,1,HiDF
s_071917,0.96728515625,1,HiDF
s_071928,0.98388671875,1,HiDF
s_071931,0.9677734375,1,HiDF
s_071935,0.99755859375,1,HiDF
s_071944,0.99755859375,1,HiDF
s_071956,0.994140625,1,HiDF
s_071960,0.99169921875,1,HiDF
s_072002,0.9970703125,1,HiDF
s_072037,0.9990234375,1,HiDF
s_072048,0.95751953125,1,HiDF
s_072072,0.9912109375,1,HiDF
s_072103,0.9228515625,1,HiDF
s_072109,0.98974609375,1,HiDF
s_072121,0.97021484375,1,HiDF
s_072143,0.998046875,1,HiDF
s_072150,0.99365234375,1,HiDF
s_072158,0.9951171875,1,HiDF
s_072163,0.9970703125,1,HiDF
s_072164,0.99365234375,1,HiDF
s_072185,0.9951171875,1,HiDF
s_072212,0.9794921875,1,HiDF
s_072234,0.9765625,1,HiDF
s_072245,0.99755859375,1,HiDF
s_072266,0.99072265625,1,HiDF
s_072271,0.9970703125,1,HiDF
s_072275,0.94970703125,1,HiDF
s_072299,0.99267578125,1,HiDF
s_072309,0.99560546875,1,HiDF
s_072329,0.9912109375,1,HiDF
s_072346,0.998046875,1,HiDF
s_072368,0.98046875,1,HiDF
s_072370,0.99755859375,1,HiDF
s_072395,0.98828125,1,HiDF
s_072411,0.986328125,1,HiDF
s_072413,0.98291015625,1,HiDF
s_072420,0.99853515625,1,HiDF
s_072424,0.86083984375,1,HiDF
s_072428,0.83154296875,1,HiDF
s_072432,0.994140625,1,HiDF
s_072434,0.9931640625,1,HiDF
s_072446,0.85693359375,1,HiDF
s_072453,0.99462890625,1,HiDF
s_072458,0.99169921875,1,HiDF
s_072473,0.9892578125,1,HiDF
s_072487,0.99365234375,1,HiDF
s_072506,0.9970703125,1,HiDF
s_072509,0.99853515625,1,HiDF
s_072512,0.998046875,1,HiDF
s_072513,0.99755859375,1,HiDF
s_072519,0.982421875,1,HiDF
s_072529,0.9990234375,1,HiDF
s_072544,0.98876953125,1,HiDF
s_072550,0.97265625,1,HiDF
s_072553,0.98193359375,1,HiDF
s_072564,0.986328125,1,HiDF
s_072600,0.888671875,1,HiDF
s_072610,0.9775390625,1,HiDF
s_072629,0.99560546875,1,HiDF
s_072638,0.865234375,1,HiDF
s_072648,0.990234375,1,HiDF
s_072650,0.99755859375,1,HiDF
s_072651,0.99169921875,1,HiDF
s_072653,0.9970703125,1,HiDF
s_072654,0.292724609375,1,HiDF
s_072668,0.99560546875,1,HiDF
s_072685,0.99609375,1,HiDF
s_072720,0.97998046875,1,HiDF
s_072728,0.9951171875,1,HiDF
s_072733,0.998046875,1,HiDF
s_072735,0.9990234375,1,HiDF
s_072746,0.9951171875,1,HiDF
s_072767,0.9658203125,1,HiDF
s_072771,0.9970703125,1,HiDF
s_072790,0.8994140625,1,HiDF
s_072791,0.9375,1,HiDF
s_072794,0.9931640625,1,HiDF
s_072801,0.95068359375,1,HiDF
s_072814,0.99169921875,1,HiDF
s_072821,0.97314453125,1,HiDF
s_072824,0.99169921875,1,HiDF
s_072834,0.8779296875,1,HiDF
s_072839,0.9912109375,1,HiDF
s_072848,0.9833984375,1,HiDF
s_072880,0.986328125,1,HiDF
s_072882,0.87939453125,1,HiDF
s_072923,0.9814453125,1,HiDF
s_072925,0.98095703125,1,HiDF
s_072954,0.9833984375,1,HiDF
s_072962,0.99462890625,1,HiDF
s_072973,0.99951171875,1,HiDF
s_072975,0.93896484375,1,HiDF
s_073007,0.98974609375,1,HiDF
s_073032,0.9970703125,1,HiDF
s_073039,0.98828125,1,HiDF
s_073060,0.9970703125,1,HiDF
s_073092,0.990234375,1,HiDF
s_073101,0.98291015625,1,HiDF
s_073128,0.98095703125,1,HiDF
s_073134,0.994140625,1,HiDF
s_073161,0.60693359375,1,HiDF
s_073164,0.99560546875,1,HiDF
s_073173,0.9716796875,1,HiDF
s_073185,0.98681640625,1,HiDF
s_073187,0.99853515625,1,HiDF
s_073191,0.97705078125,1,HiDF
s_073193,0.98828125,1,HiDF
s_073218,0.97900390625,1,HiDF
s_073245,0.9755859375,1,HiDF
s_073252,0.99755859375,1,HiDF
s_073257,0.99755859375,1,HiDF
s_073267,0.93798828125,1,HiDF
s_073280,0.9755859375,1,HiDF
s_073294,0.98486328125,1,HiDF
s_073303,0.99951171875,1,HiDF
s_073329,0.99755859375,1,HiDF
s_073339,0.99755859375,1,HiDF
s_073361,0.99658203125,1,HiDF
s_073371,0.9130859375,1,HiDF
s_073375,0.98681640625,1,HiDF
s_073381,0.99169921875,1,HiDF
s_073384,0.99658203125,1,HiDF
s_073390,0.998046875,1,HiDF
s_073431,0.9345703125,1,HiDF
s_073442,0.8955078125,1,HiDF
s_073454,0.9970703125,1,HiDF
s_073508,0.943359375,1,HiDF
s_073514,0.99072265625,1,HiDF
s_073522,0.9951171875,1,HiDF
s_073523,0.998046875,1,HiDF
s_073538,0.9970703125,1,HiDF
s_073546,0.99755859375,1,HiDF
s_073547,0.94580078125,1,HiDF
s_073567,0.98583984375,1,HiDF
s_073584,0.998046875,1,HiDF
s_073640,0.728515625,1,HiDF
s_073664,0.98974609375,1,HiDF
s_073676,0.9736328125,1,HiDF
s_073693,0.998046875,1,HiDF
s_073700,0.98193359375,1,HiDF
s_073701,0.80712890625,1,HiDF
s_073730,0.95751953125,1,HiDF
s_073742,0.83154296875,1,HiDF
s_073746,0.97998046875,1,HiDF
s_073760,0.939453125,1,HiDF
s_073777,0.98876953125,1,HiDF
s_073798,0.92626953125,1,HiDF
s_073810,0.96923828125,1,HiDF
s_073816,0.986328125,1,HiDF
s_073822,0.8603515625,1,HiDF
s_073824,0.99853515625,1,HiDF
s_073829,0.97705078125,1,HiDF
s_073847,0.83544921875,1,HiDF
s_073866,0.998046875,1,HiDF
s_073888,0.99560546875,1,HiDF
s_073889,0.99609375,1,HiDF
s_073901,0.99267578125,1,HiDF
s_073902,0.9873046875,1,HiDF
s_073915,0.97802734375,1,HiDF
s_073925,0.98974609375,1,HiDF
s_073938,0.9814453125,1,HiDF
s_073949,0.9765625,1,HiDF
s_073955,0.998046875,1,HiDF
s_074010,0.99853515625,1,HiDF
s_074012,0.9990234375,1,HiDF
s_074021,0.99658203125,1,HiDF
s_074022,0.98876953125,1,HiDF
s_074057,0.9140625,1,HiDF
s_074058,0.98291015625,1,HiDF
s_074066,0.99169921875,1,HiDF
s_074067,0.99072265625,1,HiDF
s_074075,0.98681640625,1,HiDF
s_074077,0.97314453125,1,HiDF
s_074102,0.9892578125,1,HiDF
s_074111,0.99755859375,1,HiDF
s_074123,0.998046875,1,HiDF
s_074135,0.99853515625,1,HiDF
s_074141,0.998046875,1,HiDF
s_074142,0.98876953125,1,HiDF
s_074144,0.88232421875,1,HiDF
s_074165,0.99462890625,1,HiDF
s_074172,0.99755859375,1,HiDF
s_074187,0.9921875,1,HiDF
s_074206,0.9921875,1,HiDF
s_074225,0.98486328125,1,HiDF
s_074244,0.96240234375,1,HiDF
s_074245,0.994140625,1,HiDF
s_074257,0.9580078125,1,HiDF
s_074261,0.9921875,1,HiDF
s_074264,0.94384765625,1,HiDF
s_074275,0.9970703125,1,HiDF
s_074276,0.994140625,1,HiDF
s_074283,0.99560546875,1,HiDF
s_074293,0.99609375,1,HiDF
s_074353,0.9951171875,1,HiDF
s_074429,0.99658203125,1,HiDF
s_074434,0.92041015625,1,HiDF
s_074456,0.98974609375,1,HiDF
s_074484,0.93896484375,1,HiDF
s_074487,0.99609375,1,HiDF
s_074508,0.97802734375,1,HiDF
s_074511,0.998046875,1,HiDF
s_074548,0.82666015625,1,HiDF
s_074568,0.9921875,1,HiDF
s_074577,0.984375,1,HiDF
s_074615,0.99169921875,1,HiDF
s_074663,0.99267578125,1,HiDF
s_074714,0.499267578125,0,HiDF
s_074723,0.99267578125,0,HiDF
s_074728,0.99267578125,0,HiDF
s_074749,0.99365234375,0,HiDF
s_074752,0.9970703125,0,HiDF
s_074758,0.98388671875,0,HiDF
s_074759,0.9658203125,0,HiDF
s_074769,0.998046875,0,HiDF
s_074779,0.9912109375,0,HiDF
s_074794,0.99609375,0,HiDF
s_074804,0.92333984375,0,HiDF
s_074810,0.93603515625,0,HiDF
s_074829,0.99755859375,0,HiDF
s_074836,0.78369140625,0,HiDF
s_074838,0.95849609375,0,HiDF
s_074849,0.97509765625,0,HiDF
s_074872,0.94482421875,0,HiDF
s_074875,0.75244140625,0,HiDF
s_074882,0.998046875,0,HiDF
s_074894,0.99267578125,0,HiDF
s_074909,0.99951171875,0,HiDF
s_074912,0.95361328125,0,HiDF
s_074959,0.98681640625,0,HiDF
s_074970,0.955078125,0,HiDF
s_074979,0.9990234375,0,HiDF
s_075003,0.97998046875,0,HiDF
s_075015,0.98779296875,0,HiDF
s_075022,0.98779296875,0,HiDF
s_075026,0.96923828125,0,HiDF
s_075050,0.99853515625,0,HiDF
s_075057,0.99072265625,0,HiDF
s_075064,0.98876953125,0,HiDF
s_075078,0.994140625,0,HiDF
s_075080,0.96875,0,HiDF
s_075089,0.98876953125,0,HiDF
s_075128,0.9990234375,0,HiDF
s_075150,0.96240234375,0,HiDF
s_075161,0.5048828125,0,HiDF
s_075164,0.79638671875,0,HiDF
s_075165,0.7373046875,0,HiDF
s_075167,0.99169921875,0,HiDF
s_075175,0.99853515625,0,HiDF
s_075187,0.9990234375,0,HiDF
s_075194,0.94384765625,0,HiDF
s_075204,0.99755859375,0,HiDF
s_075215,0.974609375,0,HiDF
s_075217,0.9921875,0,HiDF
s_075231,0.9853515625,0,HiDF
s_075236,0.99365234375,0,HiDF
s_075241,0.99365234375,0,HiDF
s_075245,0.99658203125,0,HiDF
s_075253,0.9970703125,0,HiDF
s_075259,0.9853515625,0,HiDF
s_075260,0.99072265625,0,HiDF
s_075284,0.99755859375,0,HiDF
s_075302,0.953125,0,HiDF
s_075307,0.9462890625,0,HiDF
s_075331,0.99658203125,0,HiDF
s_075336,0.95361328125,0,HiDF
s_075353,0.99853515625,0,HiDF
s_075404,0.9443359375,0,HiDF
s_075409,0.97314453125,0,HiDF
s_075431,0.9951171875,0,HiDF
s_075455,0.99755859375,0,HiDF
s_075471,0.95947265625,0,HiDF
s_075475,0.94482421875,0,HiDF
s_075476,0.85107421875,0,HiDF
s_075484,0.8115234375,0,HiDF
s_075513,0.99072265625,0,HiDF
s_075558,0.9990234375,0,HiDF
s_075566,0.99755859375,0,HiDF
s_075570,0.8251953125,0,HiDF
s_075594,0.99853515625,0,HiDF
s_075611,0.98974609375,0,HiDF
s_075625,0.99560546875,0,HiDF
s_075626,0.98486328125,0,HiDF
s_075636,0.9853515625,0,HiDF
s_075658,0.98388671875,0,HiDF
s_075661,0.9375,0,HiDF
s_075663,0.99072265625,0,HiDF
s_075668,0.98095703125,0,HiDF
s_075672,0.9169921875,0,HiDF
s_075695,0.99267578125,0,HiDF
s_075707,0.978515625,0,HiDF
s_075725,0.81689453125,0,HiDF
s_075734,0.9794921875,0,HiDF
s_075742,0.94775390625,0,HiDF
s_075744,1.0,0,HiDF
s_075745,0.9951171875,0,HiDF
s_075807,0.998046875,0,HiDF
s_075843,0.9951171875,0,HiDF
s_075850,0.9990234375,0,HiDF
s_075853,0.9892578125,0,HiDF
s_075858,0.98095703125,0,HiDF
s_075859,0.98876953125,0,HiDF
s_075860,0.9931640625,0,HiDF
s_075868,0.9931640625,0,HiDF
s_075894,0.9755859375,0,HiDF
s_075897,0.98828125,0,HiDF
s_075906,0.9931640625,0,HiDF
s_075930,0.99365234375,0,HiDF
s_075958,0.99267578125,0,HiDF
s_075961,0.99365234375,0,HiDF
s_075978,0.990234375,0,HiDF
s_076009,0.984375,0,HiDF
s_076041,0.71044921875,0,HiDF
s_076047,0.9970703125,0,HiDF
s_076088,0.62890625,0,HiDF
s_076104,0.98193359375,0,HiDF
s_076109,0.97705078125,0,HiDF
s_076115,0.9677734375,0,HiDF
s_076131,0.8564453125,0,HiDF
s_076133,0.96533203125,0,HiDF
s_076142,0.99560546875,0,HiDF
s_076150,0.99755859375,0,HiDF
s_076153,0.9970703125,0,HiDF
s_076163,0.89794921875,0,HiDF
s_076174,0.798828125,0,HiDF
s_076187,0.8525390625,0,HiDF
s_076203,0.99951171875,0,HiDF
s_076215,0.99609375,0,HiDF
s_076245,0.939453125,0,HiDF
s_076279,0.9453125,0,HiDF
s_076290,0.77587890625,0,HiDF
s_076292,0.95654296875,0,HiDF
s_076307,0.98583984375,0,HiDF
s_076317,0.96142578125,0,HiDF
s_076339,0.95751953125,0,HiDF
s_076340,0.98974609375,0,HiDF
s_076353,0.99365234375,0,HiDF
s_076354,0.99169921875,0,HiDF
s_076357,0.99169921875,0,HiDF
s_076367,0.9912109375,0,HiDF
s_076371,0.9775390625,0,HiDF
s_076373,0.98388671875,0,HiDF
s_076381,0.99658203125,0,HiDF
s_076394,0.9111328125,0,HiDF
s_076403,0.380126953125,0,HiDF
s_076407,0.9716796875,0,HiDF
s_076426,0.99365234375,0,HiDF
s_076502,0.9921875,0,HiDF
s_076504,0.99755859375,0,HiDF
s_076512,0.9970703125,0,HiDF
s_076513,0.99072265625,0,HiDF
s_076585,0.884765625,0,HiDF
s_076595,0.96875,0,HiDF
s_076600,0.9921875,0,HiDF
s_076616,0.9765625,0,HiDF
s_076617,0.9921875,0,HiDF
s_076623,0.98876953125,0,HiDF
s_076641,0.9912109375,0,HiDF
s_076662,0.95654296875,0,HiDF
s_076692,0.99951171875,0,HiDF
s_076697,0.9931640625,0,HiDF
s_076723,0.81640625,0,HiDF
s_076742,0.98779296875,0,HiDF
s_076769,0.990234375,0,HiDF
s_076782,0.97998046875,0,HiDF
s_076791,0.87841796875,0,HiDF
s_076808,1.0,0,HiDF
s_076815,0.99755859375,0,HiDF
s_076830,0.9970703125,0,HiDF
s_076833,0.99169921875,0,HiDF
s_076849,0.9970703125,0,HiDF
s_076871,0.947265625,0,HiDF
s_076878,0.97802734375,0,HiDF
s_076892,0.97802734375,0,HiDF
s_076935,0.9873046875,0,HiDF
s_076946,0.8212890625,0,HiDF
s_076965,0.970703125,0,HiDF
s_077018,0.9931640625,0,HiDF
s_077036,0.94091796875,0,HiDF
s_077042,0.8603515625,0,HiDF
s_077046,0.51806640625,0,HiDF
s_077059,0.99755859375,0,HiDF
s_077101,0.99658203125,0,HiDF
s_077111,0.9658203125,0,HiDF
s_077131,0.9208984375,0,HiDF
s_077207,0.943359375,0,HiDF
s_077219,0.98193359375,0,HiDF
s_077220,0.9609375,0,HiDF
s_077239,0.99755859375,0,HiDF
s_077251,0.99951171875,0,HiDF
s_077254,0.9130859375,0,HiDF
s_077272,0.9970703125,0,HiDF
s_077276,0.9951171875,0,HiDF
s_077282,0.9990234375,0,HiDF
s_077290,0.9921875,0,HiDF
s_077301,0.923828125,0,HiDF
s_077305,0.9951171875,0,HiDF
s_077306,0.9912109375,0,HiDF
s_077326,0.99072265625,0,HiDF
s_077330,0.9990234375,0,HiDF
s_077337,0.9921875,0,HiDF
s_077374,0.77734375,0,HiDF
s_077379,0.97119140625,0,HiDF
s_077405,0.99267578125,0,HiDF
s_077412,0.94384765625,0,HiDF
s_077422,0.990234375,0,HiDF
s_077461,0.9716796875,0,HiDF
s_077463,0.97998046875,0,HiDF
s_077476,0.998046875,0,HiDF
s_077481,0.99853515625,0,HiDF
s_077483,0.99755859375,0,HiDF
s_077495,0.99169921875,0,HiDF
s_077501,1.0,0,HiDF
s_077532,0.982421875,0,HiDF
s_077540,1.0,0,HiDF
s_077545,0.87548828125,0,HiDF
s_077546,0.7705078125,0,HiDF
s_077553,0.9921875,0,HiDF
s_077571,0.9921875,0,HiDF
s_077623,0.9912109375,0,HiDF
s_077657,0.95068359375,0,HiDF
s_077659,0.9375,0,HiDF
s_077684,0.984375,0,HiDF
s_077687,0.900390625,0,HiDF
s_077698,0.97705078125,0,HiDF
s_077745,1.0,0,HiDF
s_077750,0.998046875,0,HiDF
s_077751,0.994140625,0,HiDF
s_077753,0.98779296875,0,HiDF
s_077755,0.95263671875,0,HiDF
s_077771,0.986328125,0,HiDF
s_077775,0.9775390625,0,HiDF
s_077784,0.98974609375,0,HiDF
s_077824,0.98876953125,0,HiDF
s_077843,0.9677734375,0,HiDF
s_077853,0.98681640625,0,HiDF
s_077861,0.9990234375,0,HiDF
s_077877,0.92431640625,0,HiDF
s_077894,0.99462890625,0,HiDF
s_077905,0.9384765625,0,HiDF
s_077910,0.77197265625,0,HiDF
s_077931,0.9814453125,0,HiDF
s_077953,0.935546875,0,HiDF
s_078015,0.9931640625,0,HiDF
s_078032,0.744140625,0,HiDF
s_078070,0.98779296875,0,HiDF
s_078084,0.9873046875,0,HiDF
s_078090,0.8720703125,0,HiDF
s_078116,0.8251953125,0,HiDF
s_078123,0.99951171875,0,HiDF
s_078155,0.98828125,0,HiDF
s_078182,0.99853515625,0,HiDF
s_078191,0.9755859375,0,HiDF
s_078202,0.9990234375,0,HiDF
s_078221,0.9873046875,0,HiDF
s_078276,0.984375,0,HiDF
s_078288,0.89697265625,0,HiDF
s_078291,0.99755859375,0,HiDF
s_078306,0.9091796875,0,HiDF
s_078314,0.99365234375,0,HiDF
s_078323,0.9990234375,0,HiDF
s_078329,1.0,0,HiDF
s_078331,0.998046875,0,HiDF
s_078334,0.96728515625,0,HiDF
s_078338,0.966796875,0,HiDF
s_078345,0.982421875,0,HiDF
s_078353,0.984375,0,HiDF
s_078370,0.99609375,0,HiDF
s_078398,0.99658203125,0,HiDF
s_078417,0.92822265625,0,HiDF
s_078423,0.9658203125,0,HiDF
s_078424,0.9697265625,0,HiDF
s_078429,0.98583984375,0,HiDF
s_078433,0.93994140625,0,HiDF
s_078439,0.8681640625,0,HiDF
s_078445,0.98828125,0,HiDF
s_078460,1.0,0,HiDF
s_078465,0.9912109375,0,HiDF
s_078496,0.99560546875,0,HiDF
s_078509,0.994140625,0,HiDF
s_078515,0.9921875,0,HiDF
s_078532,0.98046875,0,HiDF
s_078573,0.9287109375,0,HiDF
s_078575,0.974609375,0,HiDF
s_078576,0.99267578125,0,HiDF
s_078581,0.9853515625,0,HiDF
s_078587,0.96435546875,0,HiDF
s_078588,0.98193359375,0,HiDF
s_078597,0.9892578125,0,HiDF
s_078612,0.94140625,0,HiDF
s_078637,0.99169921875,0,HiDF
s_078639,0.990234375,0,HiDF
s_078640,0.99609375,0,HiDF
s_078649,0.9970703125,0,HiDF
s_078652,0.98583984375,0,HiDF
s_078658,0.99365234375,0,HiDF
s_078660,0.98828125,0,HiDF
s_078710,0.98974609375,0,HiDF
s_078719,0.9189453125,0,HiDF
s_078721,0.99755859375,0,HiDF
s_078816,0.9775390625,0,HiDF
s_078822,0.9658203125,0,HiDF
s_078885,0.84375,0,HiDF
s_078903,0.947265625,0,HiDF
s_078925,0.994140625,0,HiDF
s_078958,0.87841796875,0,HiDF
s_078959,0.9912109375,0,HiDF
s_078986,0.99658203125,0,HiDF
s_078987,0.9287109375,0,HiDF
s_079022,0.66162109375,0,HiDF
s_079055,0.9736328125,1,UADFV
s_079058,0.8818359375,1,UADFV
s_079063,0.73681640625,1,UADFV
s_079095,0.99853515625,1,UADFV
s_079096,0.99560546875,1,UADFV
s_079122,1.0,0,UADFV
s_079135,0.99267578125,0,UADFV
s_079138,0.8486328125,0,UADFV
s_079144,0.99853515625,0,UADFV
